date,open,close,high,low,volume,money,factor,turnover,turnover_free
2021-05-10,5.73,5.77,5.77,5.63,114528.97,65442.167,1.0,,0.0
2021-05-11,5.73,5.8,5.83,5.73,119419.49,69028.588,1.0,,0.0
2021-05-12,5.78,5.89,5.92,5.71,153626.05,89869.512,1.0,,0.0
2021-05-13,5.85,5.96,6.08,5.84,218895.62,130951.541,1.0,,0.0
2021-05-14,5.99,5.99,6.02,5.95,140363.76,84005.252,1.0,,0.0
2021-05-17,6.01,5.87,6.04,5.85,171345.63,101570.386,1.0,,0.0
2021-05-18,5.86,5.94,5.97,5.81,120206.48,71027.729,1.0,,0.0
2021-05-19,5.95,5.83,5.97,5.83,107871.31,63363.204,1.0,,0.0
2021-05-20,5.83,5.85,5.87,5.75,101229.2,58846.004,1.0,,0.0
2021-05-21,5.85,5.9,5.96,5.82,94448.44,55661.696,1.0,,0.0
2021-05-24,5.9,5.95,5.95,5.83,132291.07,78102.424,1.0,,0.0
2021-05-25,5.96,5.92,5.97,5.83,138854.32,81790.461,1.0,,0.0
2021-05-26,5.91,5.88,5.97,5.87,137535.92,81439.816,1.0,,0.0
2021-05-27,5.9,5.98,6.04,5.87,171120.66,101995.301,1.0,,0.0
2021-05-28,5.98,5.91,6.0,5.88,144634.69,85634.095,1.0,,0.0
2021-05-31,5.9,5.91,5.94,5.88,150685.84,89070.673,1.0,,0.0
2021-06-01,5.91,5.93,5.99,5.83,165610.37,98045.186,1.0,,0.0
2021-06-02,5.9,5.77,5.94,5.75,210794.5,122961.878,1.0,,0.0
2021-06-03,5.75,6.05,6.14,5.74,446991.64,267972.517,1.0,,0.0
2021-06-04,6.03,5.97,6.08,5.93,260730.87,155983.008,1.0,,0.0
2021-06-07,6.08,6.15,6.21,6.07,358328.9,220034.718,1.0,,0.0
2021-06-08,6.12,6.15,6.18,6.08,249455.5,152861.594,1.0,,0.0
2021-06-09,6.17,6.11,6.19,6.07,205069.48,125575.316,1.0,,0.0
2021-06-10,6.14,6.24,6.28,6.08,313418.83,193375.616,1.0,,0.0
2021-06-11,6.22,5.99,6.22,5.99,349000.47,212200.802,1.0,,0.0
2021-06-15,6.01,6.03,6.13,6.0,236294.73,143291.946,1.0,,0.0
2021-06-16,6.03,6.16,6.2,6.01,292346.37,178797.793,1.0,,0.0
2021-06-17,6.2,6.26,6.29,6.09,395252.57,244944.636,1.0,,0.0
2021-06-18,6.27,6.89,6.89,6.22,952951.12,636426.062,1.0,,0.0
2021-06-21,7.01,7.0,7.49,6.9,1378676.93,981325.669,1.0,,0.0
2021-06-22,7.06,7.07,7.22,6.9,898225.87,634686.999,1.0,,0.0
2021-06-23,7.01,6.87,7.02,6.8,582003.35,400166.011,1.0,,0.0
2021-06-24,6.82,6.7,6.9,6.67,460706.44,311451.676,1.0,,0.0
2021-06-25,6.66,6.56,6.73,6.5,385694.19,253733.127,1.0,,0.0
2021-06-28,6.59,6.68,6.76,6.55,381019.41,254923.189,1.0,,0.0
2021-06-29,6.68,6.45,6.71,6.43,360673.22,235321.363,1.0,,0.0
2021-06-30,6.45,6.5,6.64,6.43,359050.92,233975.601,1.0,,0.0
2021-07-01,6.53,6.43,6.63,6.42,331005.22,216144.623,1.0,,0.0
2021-07-02,6.39,6.38,6.48,6.3,227060.98,144854.865,1.0,,0.0
2021-07-05,6.37,6.53,6.56,6.35,265289.08,171734.023,1.0,,0.0
2021-07-06,6.58,6.65,6.71,6.52,382449.72,253533.938,1.0,,0.0
2021-07-07,6.56,6.55,6.59,6.39,306170.95,197850.424,1.0,,0.0
2021-07-08,6.5,6.43,6.51,6.38,256281.49,164412.326,1.0,,0.0
2021-07-09,6.4,6.35,6.41,6.23,259820.79,163880.39,1.0,,0.0
2021-07-12,6.4,6.76,6.92,6.38,635539.0,425320.207,1.0,,0.0
2021-07-13,6.77,6.67,6.77,6.6,331006.71,220056.866,1.0,,0.0
2021-07-14,6.7,6.64,6.81,6.62,352419.51,235991.509,1.0,,0.0
2021-07-15,6.0,5.98,6.16,5.98,708783.89,426391.22,1.0,,0.0
2021-07-16,5.95,5.96,6.02,5.8,422204.94,249046.78,1.0,,0.0
2021-07-19,5.97,6.15,6.21,5.87,404183.36,243931.348,1.0,,0.0
2021-07-20,6.09,6.77,6.77,6.07,759494.29,496020.372,1.0,,0.0
2021-07-21,6.81,6.75,6.97,6.73,787975.28,537961.699,1.0,,0.0
2021-07-22,6.9,6.56,6.94,6.54,454022.43,301471.349,1.0,,0.0
2021-07-23,6.77,6.52,6.8,6.52,405849.59,268745.848,1.0,,0.0
2021-07-26,6.46,6.44,6.64,6.32,324148.98,209043.569,1.0,,0.0
2021-07-27,6.44,6.36,6.68,6.35,372599.88,242600.771,1.0,,0.0
2021-07-28,6.3,6.58,6.65,6.17,460204.48,298603.007,1.0,,0.0
2021-07-29,6.61,6.64,6.72,6.53,466646.79,309949.344,1.0,,0.0
2021-07-30,6.6,6.7,6.8,6.5,420682.93,281535.343,1.0,,0.0
2021-08-02,6.66,6.79,6.92,6.61,419804.45,284825.525,1.0,,0.0
2021-08-03,6.98,6.63,7.07,6.58,480601.93,327235.072,1.0,,0.0
2021-08-04,6.62,6.91,6.98,6.59,508178.64,349201.191,1.0,,0.0
2021-08-05,6.92,6.81,6.95,6.75,355680.05,242910.623,1.0,,0.0
2021-08-06,6.83,6.86,6.92,6.71,315870.13,215399.769,1.0,,0.0
2021-08-09,6.87,6.74,6.88,6.7,273431.4,184896.537,1.0,,0.0
2021-08-10,6.7,6.87,6.97,6.66,369997.78,254140.595,1.0,,0.0
2021-08-11,6.85,6.8,6.87,6.74,243314.58,165288.54,1.0,,0.0
2021-08-12,6.76,6.97,7.13,6.73,493479.22,342570.901,1.0,,0.0
2021-08-13,6.96,6.87,6.97,6.81,311991.79,214278.111,1.0,,0.0
2021-08-16,6.87,6.65,6.89,6.63,324310.28,218527.813,1.0,,0.0
2021-08-17,6.61,6.39,6.64,6.37,349751.55,225900.464,1.0,,0.0
2021-08-18,6.37,6.44,6.44,6.28,198069.16,125891.769,1.0,,0.0
2021-08-19,6.41,6.48,6.59,6.37,207835.92,135208.222,1.0,,0.0
2021-08-20,6.5,6.32,6.5,6.23,220040.42,139085.362,1.0,,0.0
2021-08-23,6.28,6.39,6.42,6.28,208271.46,132571.458,1.0,,0.0
2021-08-24,6.35,6.22,6.38,6.19,298224.6,186603.818,1.0,,0.0
2021-08-25,6.2,6.33,6.33,6.13,248526.75,154550.965,1.0,,0.0
2021-08-26,6.22,6.35,6.37,6.2,250846.88,158175.521,1.0,,0.0
2021-08-27,6.38,6.14,6.38,6.11,243712.64,150730.775,1.0,,0.0
2021-08-30,6.14,6.02,6.18,5.97,253362.12,153162.321,1.0,,0.0
2021-08-31,6.02,5.91,6.02,5.83,167103.62,98492.56,1.0,,0.0
2021-09-01,5.91,5.95,5.98,5.86,120412.61,71342.267,1.0,,0.0
2021-09-02,5.97,5.94,5.99,5.91,115363.88,68498.314,1.0,,0.0
2021-09-03,5.93,6.02,6.04,5.92,127353.21,76286.504,1.0,,0.0
2021-09-06,6.01,6.03,6.05,5.97,129292.97,77759.852,1.0,,0.0
2021-09-07,6.03,6.05,6.06,6.02,124482.09,75156.645,1.0,,0.0
2021-09-08,6.05,6.08,6.12,6.01,178794.45,108109.4,1.0,,0.0
2021-09-09,6.07,6.06,6.1,6.04,134083.85,81411.301,1.0,,0.0
2021-09-10,6.04,5.94,6.07,5.92,174204.0,104113.591,1.0,,0.0
2021-09-13,5.96,6.02,6.03,5.87,139704.75,82907.915,1.0,,0.0
2021-09-14,6.02,5.88,6.02,5.88,130436.76,77428.308,1.0,,0.0
2021-09-15,5.85,5.91,5.96,5.85,87727.03,51739.578,1.0,,0.0
2021-09-16,5.91,5.81,5.92,5.8,112387.88,65844.319,1.0,,0.0
2021-09-17,5.81,5.68,5.86,5.61,136002.88,77614.159,1.0,,0.0
2021-09-22,5.63,5.67,5.68,5.59,67111.11,37816.188,1.0,,0.0
2021-09-23,5.68,5.76,5.81,5.68,86889.49,49922.871,1.0,,0.0
2021-09-24,5.77,5.65,5.8,5.64,71200.57,40640.724,1.0,,0.0
2021-09-27,5.71,5.67,5.84,5.63,101007.63,57989.809,1.0,,0.0
2021-09-28,5.67,5.6,5.7,5.56,76203.8,42726.398,1.0,,0.0
2021-09-29,5.59,5.46,5.6,5.46,78854.7,43510.941,1.0,,0.0
2021-09-30,5.56,5.58,5.61,5.53,65909.87,36838.644,1.0,,0.0
2021-10-08,5.61,5.7,5.72,5.61,72647.8,41236.282,1.0,,0.0
2021-10-11,5.69,5.76,5.8,5.67,82933.48,47686.965,1.0,,0.0
2021-10-12,5.74,5.68,5.74,5.61,71927.87,40721.97,1.0,,0.0
2021-10-13,5.65,5.75,5.78,5.63,68022.52,38938.845,1.0,,0.0
2021-10-14,5.71,5.73,5.75,5.68,44530.2,25423.919,1.0,,0.0
2021-10-15,5.67,5.63,5.67,5.6,62328.0,35154.822,1.0,,0.0
2021-10-18,5.63,5.58,5.63,5.52,63810.21,35466.841,1.0,,0.0
2021-10-19,5.55,5.55,5.58,5.5,66740.49,36936.779,1.0,,0.0
2021-10-20,5.55,5.58,5.59,5.54,49126.05,27335.834,1.0,,0.0
2021-10-21,5.56,5.47,5.57,5.46,66033.54,36293.112,1.0,,0.0
2021-10-22,5.49,5.37,5.51,5.36,57858.34,31447.477,1.0,,0.0
2021-10-25,5.37,5.42,5.43,5.32,44390.35,23917.547,1.0,,0.0
2021-10-26,5.43,5.45,5.47,5.41,38723.61,21049.447,1.0,,0.0
2021-10-27,5.45,5.3,5.47,5.29,62138.24,33155.934,1.0,,0.0
2021-10-28,5.34,5.15,5.34,5.12,78683.6,40728.807,1.0,,0.0
2021-10-29,5.16,5.23,5.24,5.12,46422.4,24100.143,1.0,,0.0
2021-11-01,5.2,5.29,5.3,5.17,76239.11,39961.031,1.0,,0.0
2021-11-02,5.27,5.25,5.37,5.2,76205.2,40362.965,1.0,,0.0
2021-11-03,5.23,5.31,5.33,5.23,53589.23,28315.289,1.0,,0.0
2021-11-04,5.3,5.34,5.35,5.26,61102.2,32470.925,1.0,,0.0
2021-11-05,5.34,5.29,5.36,5.27,74061.52,39401.754,1.0,,0.0
2021-11-08,5.3,5.27,5.31,5.2,52959.04,27843.251,1.0,,0.0
2021-11-09,5.28,5.36,5.38,5.27,71161.1,37986.122,1.0,,0.0
2021-11-10,5.36,5.44,5.45,5.33,84395.59,45618.533,1.0,,0.0
2021-11-11,5.43,5.42,5.48,5.39,83261.77,45273.492,1.0,,0.0
2021-11-12,5.44,5.56,5.56,5.43,110472.68,60949.541,1.0,,0.0
2021-11-15,5.66,5.58,5.67,5.55,99381.79,55622.791,1.0,,0.0
2021-11-16,5.68,5.75,5.75,5.59,240906.94,137418.021,1.0,,0.0
2021-11-17,5.75,6.0,6.01,5.72,402643.32,238461.252,1.0,,0.0
2021-11-18,5.94,6.28,6.36,5.94,621012.96,384695.726,1.0,,0.0
2021-11-19,6.32,6.76,6.86,6.27,941965.05,625689.424,1.0,,0.0
2021-11-22,6.69,7.0,7.12,6.59,800440.04,552001.9,1.0,,0.0
2021-11-23,6.95,6.84,6.95,6.76,374789.5,256343.546,1.0,,0.0
2021-11-24,6.83,6.86,6.92,6.73,305816.07,209358.871,1.0,,0.0
2021-11-25,6.86,6.83,7.06,6.82,303593.48,210051.068,1.0,,0.0
2021-11-26,6.81,6.77,6.94,6.7,389567.48,263965.391,1.0,,0.0
2021-11-29,6.7,6.64,6.76,6.42,344238.13,225753.179,1.0,,0.0
2021-11-30,6.66,6.98,7.12,6.66,662896.37,459700.116,1.0,,0.0
2021-12-01,6.96,6.83,7.02,6.78,315380.6,216320.371,1.0,,0.0
2021-12-02,6.81,6.76,7.01,6.76,217018.19,148418.512,1.0,,0.0
2021-12-03,6.74,6.93,6.98,6.68,245575.13,169529.467,1.0,,0.0
2021-12-06,6.95,6.81,6.98,6.77,226492.4,155038.948,1.0,,0.0
2021-12-07,6.81,6.68,6.96,6.55,290121.22,194970.823,1.0,,0.0
2021-12-08,6.75,6.85,7.0,6.63,291925.58,199813.657,1.0,,0.0
2021-12-09,7.05,6.72,7.12,6.7,238215.72,162334.238,1.0,,0.0
2021-12-10,6.74,6.77,6.93,6.64,260797.96,175823.648,1.0,,0.0
2021-12-13,6.67,6.19,6.73,6.11,646866.32,407090.353,1.0,,0.0
2021-12-14,6.12,5.94,6.12,5.81,581454.81,344338.07,1.0,,0.0
2021-12-15,5.96,5.89,5.98,5.88,270890.89,160340.001,1.0,,0.0
2021-12-16,5.89,5.94,5.96,5.87,187602.0,111191.393,1.0,,0.0
2021-12-17,5.94,5.87,5.95,5.83,192935.47,113690.913,1.0,,0.0
2021-12-20,5.86,5.81,5.91,5.8,259491.23,151633.685,1.0,,0.0
2021-12-21,5.82,5.85,5.87,5.78,190472.0,111009.268,1.0,,0.0
2021-12-22,5.87,5.94,5.97,5.81,231787.36,137040.965,1.0,,0.0
2021-12-23,5.95,5.89,5.98,5.89,177847.44,105278.435,1.0,,0.0
2021-12-24,5.96,5.86,6.08,5.86,250396.03,148824.927,1.0,,0.0
2021-12-27,5.85,5.78,5.9,5.73,208623.0,121352.627,1.0,,0.0
2021-12-28,5.71,5.86,5.88,5.7,125952.06,73282.308,1.0,,0.0
2021-12-29,5.86,5.84,5.9,5.81,98920.11,57828.698,1.0,,0.0
2021-12-30,5.86,6.02,6.07,5.84,238165.12,142127.158,1.0,,0.0
2021-12-31,6.01,6.05,6.15,5.98,186513.6,113266.263,1.0,,0.0
2022-01-04,6.03,6.08,6.12,6.03,171347.4,104059.492,1.0,,0.0
2022-01-05,6.14,6.07,6.25,6.05,216701.44,132822.586,1.0,,0.0
2022-01-06,6.05,6.08,6.1,5.99,144451.48,87213.746,1.0,,0.0
2022-01-07,6.06,5.93,6.13,5.92,138085.88,83273.271,1.0,,0.0
2022-01-10,5.91,5.9,5.96,5.86,111805.48,66042.943,1.0,,0.0
2022-01-11,5.91,5.93,5.98,5.9,89062.0,52877.174,1.0,,0.0
2022-01-12,5.92,5.92,5.97,5.87,100109.75,59156.758,1.0,,0.0
2022-01-13,6.02,5.93,6.14,5.93,176499.09,106332.657,1.0,,0.0
2022-01-14,5.89,5.95,6.05,5.86,138278.89,82726.87,1.0,,0.0
2022-01-17,5.95,6.17,6.18,5.92,235020.39,143456.706,1.0,,0.0
2022-01-18,6.29,6.11,6.45,6.05,408366.19,256193.157,1.0,,0.0
2022-01-19,6.05,6.11,6.13,6.03,156106.96,94943.392,1.0,,0.0
2022-01-20,6.05,5.84,6.1,5.79,226097.48,134041.712,1.0,,0.0
2022-01-21,5.89,5.91,6.03,5.82,153207.6,90770.343,1.0,,0.0
2022-01-24,6.07,6.37,6.5,6.01,850562.34,537793.845,1.0,,0.0
2022-01-25,6.39,6.21,6.5,6.16,483535.07,304328.113,1.0,,0.0
2022-01-26,6.24,6.3,6.42,6.14,304919.89,191756.424,1.0,,0.0
2022-01-27,6.31,6.06,6.34,6.03,256061.54,157000.592,1.0,,0.0
2022-01-28,6.11,6.21,6.3,5.9,244396.1,149803.377,1.0,,0.0
2022-02-07,6.33,6.34,6.47,6.19,270937.92,171791.051,1.0,,0.0
2022-02-08,6.3,6.36,6.36,6.2,207255.37,129730.168,1.0,,0.0
2022-02-09,6.37,6.56,6.65,6.29,286074.2,185613.47,1.0,,0.0
2022-02-10,6.5,6.51,6.56,6.41,204433.42,132500.639,1.0,,0.0
2022-02-11,6.46,6.24,6.5,6.13,328045.11,204992.16,1.0,,0.0
2022-02-14,6.21,6.25,6.34,6.12,167475.25,104650.135,1.0,,0.0
2022-02-15,6.21,6.35,6.36,6.16,171592.53,108033.128,1.0,,0.0
2022-02-16,6.37,6.27,6.44,6.23,149509.07,93970.489,1.0,,0.0
2022-02-17,6.26,6.19,6.35,6.09,198469.8,122902.739,1.0,,0.0
2022-02-18,6.16,6.24,6.29,6.13,169485.29,105335.139,1.0,,0.0
2022-02-21,6.25,6.44,6.49,6.21,299445.09,192008.755,1.0,,0.0
2022-02-22,6.48,6.38,6.5,6.35,183834.18,117781.796,1.0,,0.0
2022-02-23,6.38,6.54,6.57,6.31,298503.85,193787.291,1.0,,0.0
2022-02-24,6.53,6.4,6.6,6.29,363815.46,233680.991,1.0,,0.0
2022-02-25,6.45,6.33,6.54,6.32,217378.18,139006.028,1.0,,0.0
2022-02-28,6.33,6.2,6.37,6.18,175940.59,109920.441,1.0,,0.0
2022-03-01,6.21,6.41,6.52,6.2,222130.43,141611.625,1.0,,0.0
2022-03-02,6.41,6.36,6.44,6.31,137612.5,87563.441,1.0,,0.0
2022-03-03,6.37,6.27,6.39,6.24,166969.2,105016.12,1.0,,0.0
2022-03-04,6.24,6.08,6.27,6.06,223413.93,137425.664,1.0,,0.0
2022-03-07,6.08,6.04,6.12,5.92,189878.12,114315.492,1.0,,0.0
2022-03-08,6.02,6.02,6.15,5.96,168667.9,101991.657,1.0,,0.0
2022-03-09,6.03,5.83,6.07,5.5,242479.52,140856.79,1.0,,0.0
2022-03-10,5.92,5.83,6.03,5.83,177943.64,105589.105,1.0,,0.0
2022-03-11,5.8,5.83,5.85,5.61,160411.42,91895.196,1.0,,0.0
2022-03-14,5.77,5.65,5.84,5.64,107740.89,61885.535,1.0,,0.0
2022-03-15,5.61,5.26,5.66,5.2,174062.48,94715.289,1.0,,0.0
2022-03-16,5.32,5.51,5.53,5.18,190638.89,102474.041,1.0,,0.0
2022-03-17,5.53,5.57,5.7,5.5,184539.33,103717.52,1.0,,0.0
2022-03-18,5.53,5.63,5.65,5.52,93464.25,52279.167,1.0,,0.0
2022-03-21,5.83,5.94,6.13,5.82,382683.64,227635.053,1.0,,0.0
2022-03-22,5.99,5.91,6.23,5.89,249626.32,149906.052,1.0,,0.0
2022-03-23,5.93,5.95,6.05,5.88,189846.59,113064.106,1.0,,0.0
2022-03-24,5.9,5.92,6.04,5.89,147896.49,88003.688,1.0,,0.0
2022-03-25,5.91,5.96,6.0,5.89,148034.76,87953.771,1.0,,0.0
2022-03-28,5.9,5.93,5.97,5.82,122533.8,72223.653,1.0,,0.0
2022-03-29,5.94,5.91,5.99,5.89,93845.08,55677.966,1.0,,0.0
2022-03-30,5.89,5.93,5.95,5.88,91722.05,54263.58,1.0,,0.0
2022-03-31,5.94,5.93,5.99,5.9,96851.5,57544.716,1.0,,0.0
2022-04-01,5.9,5.88,5.95,5.82,100713.84,59254.577,1.0,,0.0
2022-04-06,5.87,6.0,6.04,5.86,113772.21,68097.299,1.0,,0.0
2022-04-07,5.98,5.97,6.16,5.95,129886.8,78614.043,1.0,,0.0
2022-04-08,6.0,5.97,6.01,5.86,100965.45,59806.051,1.0,,0.0
2022-04-11,5.93,5.7,6.03,5.65,163217.3,95209.938,1.0,,0.0
2022-04-12,5.7,5.94,5.94,5.7,157769.25,92655.262,1.0,,0.0
2022-04-13,5.9,6.04,6.1,5.9,227589.07,137339.5,1.0,,0.0
2022-04-14,6.1,6.05,6.16,6.03,179180.94,108987.338,1.0,,0.0
2022-04-15,6.02,6.05,6.08,5.93,99118.15,59621.857,1.0,,0.0
2022-04-18,6.04,6.1,6.12,5.95,117632.86,71425.793,1.0,,0.0
2022-04-19,6.13,6.4,6.4,6.08,309735.31,193661.188,1.0,,0.0
2022-04-20,6.35,6.35,6.46,6.33,276730.79,176938.424,1.0,,0.0
2022-04-21,6.31,6.18,6.42,6.16,181453.49,113811.756,1.0,,0.0
2022-04-22,6.2,6.11,6.21,6.08,150634.29,92524.165,1.0,,0.0
2022-04-25,6.09,5.5,6.09,5.5,292037.4,167420.928,1.0,,0.0
2022-04-26,5.43,5.25,5.56,5.18,217356.87,116595.25,1.0,,0.0
2022-04-27,5.18,5.63,5.65,5.16,185332.4,100596.71,1.0,,0.0
2022-04-28,5.62,6.13,6.19,5.57,534742.84,323477.055,1.0,,0.0
2022-04-29,6.18,6.29,6.44,6.04,537231.2,335692.323,1.0,,0.0
2022-05-05,6.29,6.32,6.43,6.2,291528.8,184489.911,1.0,,0.0
2022-05-06,6.2,6.3,6.35,6.15,232457.34,145173.799,1.0,,0.0
2022-05-09,6.33,6.28,6.35,6.24,203425.92,127896.103,1.0,,0.0
2022-05-10,6.25,6.4,6.48,6.2,315267.15,200541.15,1.0,,0.0
2022-05-11,6.41,6.22,6.42,6.2,300865.94,190133.644,1.0,,0.0
2022-05-12,6.15,6.52,6.59,6.15,458677.65,295300.871,1.0,,0.0
2022-05-13,6.45,6.49,6.65,6.43,352650.17,230215.962,1.0,,0.0
2022-05-16,6.51,6.44,6.53,6.36,273634.09,175669.444,1.0,,0.0
2022-05-17,6.4,6.53,6.54,6.33,287237.16,184234.51,1.0,,0.0
2022-05-18,6.5,6.42,6.61,6.26,441368.0,283860.78,1.0,,0.0
2022-05-19,6.43,6.44,6.52,6.35,267981.5,172585.396,1.0,,0.0
2022-05-20,6.46,6.42,6.46,6.34,197099.75,126041.748,1.0,,0.0
2022-05-23,6.42,6.49,6.52,6.37,202007.23,130411.172,1.0,,0.0
2022-05-24,6.51,6.32,6.62,6.29,343931.56,222331.368,1.0,,0.0
2022-05-25,6.28,6.39,6.42,6.26,178460.56,113694.348,1.0,,0.0
2022-05-26,6.39,6.66,6.72,6.33,485352.54,319692.231,1.0,,0.0
2022-05-27,6.6,6.54,6.62,6.48,335472.12,219388.59,1.0,,0.0
2022-05-30,6.55,6.58,6.61,6.45,229929.63,150210.868,1.0,,0.0
2022-05-31,6.55,6.53,6.59,6.43,204632.09,133070.969,1.0,,0.0
2022-06-01,6.5,6.64,6.69,6.47,353237.21,234025.23,1.0,,0.0
2022-06-02,6.56,6.61,6.64,6.46,222179.32,145200.125,1.0,,0.0
2022-06-06,6.6,6.58,6.73,6.53,297668.35,196810.444,1.0,,0.0
2022-06-07,6.59,6.72,6.85,6.41,430213.14,285686.084,1.0,,0.0
2022-06-08,6.71,6.55,6.73,6.44,279773.43,183636.351,1.0,,0.0
2022-06-09,6.51,6.34,6.55,6.32,237273.68,151931.333,1.0,,0.0
2022-06-10,6.32,6.36,6.48,6.32,203736.17,129907.296,1.0,,0.0
2022-06-13,6.32,6.47,6.53,6.31,271183.42,175100.477,1.0,,0.0
2022-06-14,6.5,6.47,6.52,6.32,224529.07,143763.859,1.0,,0.0
2022-06-15,6.47,6.44,6.53,6.39,252184.02,162954.448,1.0,,0.0
2022-06-16,6.41,6.43,6.55,6.4,218559.43,141681.165,1.0,,0.0
2022-06-17,6.4,6.5,6.51,6.3,215388.9,138057.291,1.0,,0.0
2022-06-20,6.5,6.48,6.53,6.44,158617.36,102712.391,1.0,,0.0
2022-06-21,6.48,6.4,6.52,6.33,237497.02,152812.029,1.0,,0.0
2022-06-22,6.43,6.44,6.53,6.32,230035.84,148438.775,1.0,,0.0
2022-06-23,6.43,6.6,6.65,6.4,310387.06,203468.372,1.0,,0.0
2022-06-24,6.64,6.73,6.78,6.57,331729.87,221794.101,1.0,,0.0
2022-06-27,6.73,6.77,6.91,6.7,317885.51,216535.403,1.0,,0.0
2022-06-28,6.78,7.13,7.2,6.74,544156.16,383734.452,1.0,,0.0
2022-06-29,7.11,6.87,7.14,6.85,362830.42,252491.365,1.0,,0.0
2022-06-30,6.86,6.93,7.07,6.86,290120.96,202318.863,1.0,,0.0
2022-07-01,7.03,6.97,7.06,6.93,239599.29,167605.752,1.0,,0.0
2022-07-04,6.94,6.91,7.08,6.85,270990.91,187823.906,1.0,,0.0
2022-07-05,6.88,6.96,7.01,6.81,290949.81,201503.202,1.0,,0.0
2022-07-06,6.92,7.14,7.19,6.89,368377.64,261884.338,1.0,,0.0
2022-07-07,7.16,7.35,7.42,7.12,360340.06,263257.867,1.0,,0.0
2022-07-08,7.41,7.34,7.52,7.31,257535.14,190187.605,1.0,,0.0
2022-07-11,7.34,7.28,7.35,7.16,247327.83,178936.53,1.0,,0.0
2022-07-12,7.21,7.2,7.32,7.18,174464.82,126169.487,1.0,,0.0
2022-07-13,7.23,7.3,7.37,7.21,202441.24,147476.328,1.0,,0.0
2022-07-14,7.3,7.75,7.81,7.3,566040.7,434956.119,1.0,,0.0
2022-07-15,7.76,7.43,7.78,7.34,386617.49,291928.506,1.0,,0.0
2022-07-18,7.46,7.47,7.5,7.16,414931.38,304319.006,1.0,,0.0
2022-07-19,7.47,7.65,7.72,7.43,304139.65,231210.739,1.0,,0.0
2022-07-20,7.84,7.86,8.02,7.7,472746.14,372396.785,1.0,,0.0
2022-07-21,7.81,7.75,8.02,7.74,407112.28,319520.683,1.0,,0.0
2022-07-22,7.88,8.17,8.33,7.8,639455.17,514611.341,1.0,,0.0
2022-07-25,8.13,7.99,8.24,7.88,515940.15,412700.306,1.0,,0.0
2022-07-26,7.98,8.13,8.22,7.81,565870.04,457369.949,1.0,,0.0
2022-07-27,8.17,8.26,8.45,8.12,514684.57,426328.24,1.0,,0.0
2022-07-28,8.28,8.28,8.45,8.26,437939.9,365592.041,1.0,,0.0
2022-07-29,8.28,8.28,8.42,8.18,342147.82,283325.531,1.0,,0.0
2022-08-01,8.2,8.17,8.31,8.09,311987.5,254861.872,1.0,,0.0
2022-08-02,8.15,7.9,8.26,7.72,484071.74,382832.318,1.0,,0.0
2022-08-03,7.9,8.01,8.29,7.9,467729.75,380809.792,1.0,,0.0
2022-08-04,8.06,8.06,8.24,7.99,350656.7,283790.174,1.0,,0.0
2022-08-05,8.04,7.97,8.14,7.76,389263.0,308335.482,1.0,,0.0
2022-08-08,7.97,8.23,8.24,7.91,291482.4,236167.058,1.0,,0.0
2022-08-09,8.26,8.23,8.3,8.1,256199.2,209925.647,1.0,,0.0
2022-08-10,8.17,8.2,8.27,8.13,184001.11,150655.099,1.0,,0.0
2022-08-11,8.23,8.23,8.39,8.19,221729.51,183041.574,1.0,,0.0
2022-08-12,8.25,8.04,8.28,8.04,205408.06,167046.004,1.0,,0.0
2022-08-15,8.06,7.95,8.1,7.92,217498.68,173833.798,1.0,,0.0
2022-08-16,7.99,8.4,8.5,7.94,516558.47,429762.177,1.0,,0.0
2022-08-17,8.4,8.31,8.4,8.24,224994.74,186855.243,1.0,,0.0
2022-08-18,8.3,8.64,8.75,8.27,393925.73,339599.492,1.0,,0.0
2022-08-19,8.63,8.5,8.9,8.49,315378.49,273618.308,1.0,,0.0
2022-08-22,8.5,8.65,8.75,8.41,248783.7,214696.878,1.0,,0.0
2022-08-23,8.73,8.7,8.74,8.59,215944.61,187171.688,1.0,,0.0
2022-08-24,8.7,8.24,8.77,8.21,339545.37,285568.276,1.0,,0.0
2022-08-25,8.25,8.22,8.34,7.95,289266.6,234739.557,1.0,,0.0
2022-08-26,8.15,8.03,8.3,7.99,238265.03,193531.056,1.0,,0.0
2022-08-29,7.92,7.87,8.07,7.61,232184.87,183471.311,1.0,,0.0
2022-08-30,7.89,8.05,8.18,7.81,190778.43,153217.964,1.0,,0.0
2022-08-31,8.01,7.55,8.09,7.52,306029.04,236915.023,1.0,,0.0
2022-09-01,7.52,7.62,7.84,7.52,187247.01,144135.463,1.0,,0.0
2022-09-02,7.63,8.08,8.19,7.57,379468.98,302248.375,1.0,,0.0
2022-09-05,8.19,8.03,8.27,7.97,257521.75,208568.802,1.0,,0.0
2022-09-06,8.01,8.05,8.13,7.96,149736.37,120343.193,1.0,,0.0
2022-09-07,8.03,7.94,8.12,7.92,217826.0,174234.113,1.0,,0.0
2022-09-08,8.0,7.71,8.0,7.67,220742.13,171668.004,1.0,,0.0
2022-09-09,7.75,7.46,7.76,7.3,319637.65,237425.495,1.0,,0.0
2022-09-13,7.44,7.42,7.52,7.33,185066.0,137395.034,1.0,,0.0
2022-09-14,7.28,7.22,7.35,7.19,204214.35,148128.815,1.0,,0.0
2022-09-15,7.3,6.87,7.34,6.8,322626.11,225532.672,1.0,,0.0
2022-09-16,6.9,6.93,7.15,6.86,239438.8,168131.233,1.0,,0.0
2022-09-19,6.94,6.81,7.04,6.74,202881.75,139046.492,1.0,,0.0
2022-09-20,6.88,7.07,7.12,6.88,216050.63,152047.845,1.0,,0.0
2022-09-21,7.05,7.28,7.33,6.98,246299.19,177575.512,1.0,,0.0
2022-09-22,7.29,7.65,8.01,7.22,888932.84,685057.752,1.0,,0.0
2022-09-23,7.58,8.09,8.29,7.57,982272.49,782460.979,1.0,,0.0
2022-09-26,8.0,7.77,8.1,7.72,493509.31,388171.984,1.0,,0.0
2022-09-27,7.78,8.18,8.25,7.78,562287.75,455206.104,1.0,,0.0
2022-09-28,8.2,8.1,8.34,8.07,441345.28,361121.958,1.0,,0.0
2022-09-29,8.15,8.05,8.23,7.9,341542.32,273723.14,1.0,,0.0
2022-09-30,8.01,7.97,8.1,7.88,219216.45,174968.856,1.0,,0.0
2022-10-10,8.0,7.89,8.05,7.77,216341.5,170144.852,1.0,,0.0
2022-10-11,7.9,8.14,8.16,7.77,296468.92,237364.479,1.0,,0.0
2022-10-12,8.13,8.4,8.5,7.96,465430.33,382444.25,1.0,,0.0
2022-10-13,8.33,8.43,8.65,8.21,631168.03,536764.131,1.0,,0.0
2022-10-14,8.42,8.55,8.62,8.3,423009.08,357934.929,1.0,,0.0
2022-10-17,8.55,9.41,9.41,8.52,970282.95,896368.031,1.0,,0.0
2022-10-18,9.95,9.7,10.35,9.59,1917030.29,1935796.428,1.0,,0.0
2022-10-19,9.69,9.9,10.34,9.6,1455688.08,1462376.238,1.0,,0.0
2022-10-20,9.86,10.06,10.34,9.69,900158.42,901224.061,1.0,,0.0
2022-10-21,10.0,10.1,10.27,9.87,543516.54,547471.723,1.0,,0.0
2022-10-24,10.23,10.1,10.54,9.9,767899.09,787737.792,1.0,,0.0
2022-10-25,9.95,10.07,10.34,9.83,549323.77,555043.347,1.0,,0.0
2022-10-26,9.98,10.47,10.7,9.91,689551.43,718803.533,1.0,,0.0
2022-10-27,10.47,10.3,10.76,10.27,393063.5,412107.83,1.0,,0.0
2022-10-28,10.19,10.34,10.57,10.15,474600.9,492901.785,1.0,,0.0
2022-10-31,10.24,11.04,11.36,10.2,687484.33,747843.813,1.0,,0.0
2022-11-01,11.05,11.03,11.24,10.68,529448.93,582094.584,1.0,,0.0
2022-11-02,11.0,10.58,11.1,10.47,682309.8,732181.383,1.0,,0.0
2022-11-03,10.34,10.4,10.66,10.31,486764.25,509421.509,1.0,,0.0
2022-11-04,10.4,10.33,10.58,10.21,436256.22,452228.513,1.0,,0.0
2022-11-07,10.34,10.12,10.42,9.98,603794.19,611943.534,1.0,,0.0
2022-11-08,10.14,10.17,10.2,9.76,494750.55,494080.076,1.0,,0.0
2022-11-09,10.26,10.42,10.67,10.17,551004.62,575887.283,1.0,,0.0
2022-11-10,10.28,10.98,11.1,10.28,672021.1,728813.472,1.0,,0.0
2022-11-11,10.98,10.56,10.98,10.44,589215.46,628548.78,1.0,,0.0
2022-11-14,10.44,10.36,10.53,10.1,407580.65,420890.436,1.0,,0.0
2022-11-15,10.3,10.62,10.7,10.17,301010.88,316279.478,1.0,,0.0
2022-11-16,10.56,10.35,10.76,10.28,316226.82,331282.015,1.0,,0.0
2022-11-17,10.35,10.85,10.96,10.18,390056.55,411219.755,1.0,,0.0
2022-11-18,10.8,11.05,11.6,10.74,521417.91,585589.045,1.0,,0.0
2022-11-21,11.1,11.62,11.97,11.06,531276.94,615176.311,1.0,,0.0
2022-11-22,11.62,10.97,11.93,10.85,491941.25,556319.094,1.0,,0.0
2022-11-23,11.07,10.87,11.1,10.65,333071.03,360850.885,1.0,,0.0
2022-11-24,10.8,10.78,10.95,10.68,169449.19,182607.512,1.0,,0.0
2022-11-25,11.18,10.18,11.52,9.81,808217.12,835657.494,1.0,,0.0
2022-11-28,10.1,10.46,10.65,10.05,473970.87,494024.605,1.0,,0.0
2022-11-29,10.38,10.37,10.66,10.2,290175.35,304033.349,1.0,,0.0
2022-11-30,10.32,10.26,10.45,10.06,239245.37,244938.089,1.0,,0.0
2022-12-01,10.26,10.48,10.75,10.26,300546.81,316833.547,1.0,,0.0
2022-12-02,10.41,10.57,10.84,10.39,238379.96,254114.153,1.0,,0.0
2022-12-05,10.57,10.2,10.69,10.13,338593.86,347371.592,1.0,,0.0
2022-12-06,10.19,10.02,10.25,9.77,454885.92,453098.321,1.0,,0.0
2022-12-07,10.01,9.98,10.09,9.87,208702.41,208427.995,1.0,,0.0
2022-12-08,9.97,9.9,10.17,9.84,215276.0,215013.614,1.0,,0.0
2022-12-09,9.93,10.05,10.16,9.83,221152.4,221705.901,1.0,,0.0
2022-12-12,10.05,10.22,10.32,9.94,238080.07,241931.915,1.0,,0.0
2022-12-13,10.15,10.02,10.3,9.94,203457.23,204686.801,1.0,,0.0
2022-12-14,10.09,10.11,10.27,10.01,210959.0,214326.756,1.0,,0.0
2022-12-15,10.07,10.14,10.21,9.93,168317.48,169469.313,1.0,,0.0
2022-12-16,10.06,9.82,10.13,9.77,165915.94,163786.452,1.0,,0.0
2022-12-19,9.7,9.6,9.7,9.47,186642.69,178976.369,1.0,,0.0
2022-12-20,9.6,9.61,9.68,9.5,121273.75,116572.957,1.0,,0.0
2022-12-21,9.5,9.52,9.62,9.4,118146.66,112281.938,1.0,,0.0
2022-12-22,9.5,9.27,9.56,9.24,165355.57,154857.374,1.0,,0.0
2022-12-23,9.25,9.13,9.36,9.0,181733.6,166423.787,1.0,,0.0
2022-12-26,9.24,9.68,9.76,9.16,240704.96,230562.613,1.0,,0.0
2022-12-27,9.68,9.74,9.87,9.58,154235.13,150040.11,1.0,,0.0
2022-12-28,9.78,9.53,9.78,9.49,138060.06,132351.522,1.0,,0.0
2022-12-29,9.49,9.64,9.78,9.46,149819.46,144682.321,1.0,,0.0
2022-12-30,9.65,9.56,9.7,9.47,97410.3,93409.999,1.0,,0.0
2023-01-03,9.58,10.52,10.52,9.51,277597.43,282227.983,1.0,,0.0
2023-01-04,10.48,10.67,10.86,10.41,355307.3,376814.208,1.0,,0.0
2023-01-05,10.68,10.79,10.85,10.57,211508.84,227103.321,1.0,,0.0
2023-01-06,10.78,10.58,10.8,10.55,162873.41,173272.925,1.0,,0.0
2023-01-09,10.74,9.55,10.74,9.52,752310.27,740637.969,1.0,,0.0
2023-01-10,9.5,9.45,9.56,9.2,508558.79,476868.489,1.0,,0.0
2023-01-11,9.49,9.5,9.65,9.42,255406.34,242885.293,1.0,,0.0
2023-01-12,9.48,9.35,9.6,9.28,208753.25,195694.149,1.0,,0.0
2023-01-13,9.35,9.0,9.39,8.81,474300.66,427340.546,1.0,,0.0
2023-01-16,8.98,9.25,9.33,8.91,341145.29,314108.537,1.0,,0.0
2023-01-17,9.4,9.44,9.72,9.25,353610.16,336514.778,1.0,,0.0
2023-01-18,9.42,10.08,10.18,9.39,473083.68,468185.189,1.0,,0.0
2023-01-19,10.08,10.5,10.58,9.98,369955.99,383591.231,1.0,,0.0
2023-01-20,10.56,10.47,10.65,10.33,305306.09,319497.359,1.0,,0.0
2023-01-30,10.51,10.8,10.85,10.38,292502.93,312707.39,1.0,,0.0
2023-01-31,10.69,10.56,10.74,10.53,189567.59,201143.927,1.0,,0.0
2023-02-01,10.6,10.63,10.65,10.37,238966.31,251226.393,1.0,,0.0
2023-02-02,10.75,10.68,11.21,10.63,441161.19,484004.381,1.0,,0.0
2023-02-03,10.73,10.48,10.73,10.38,266125.11,279043.801,1.0,,0.0
2023-02-06,10.57,10.59,10.76,10.4,245645.5,259243.928,1.0,,0.0
2023-02-07,10.59,10.34,10.6,10.25,314722.1,326307.909,1.0,,0.0
2023-02-08,10.35,10.18,10.36,10.15,197913.5,202297.872,1.0,,0.0
2023-02-09,10.16,10.51,10.52,10.11,252659.13,263048.812,1.0,,0.0
2023-02-10,10.54,10.25,10.61,10.2,213476.42,220580.221,1.0,,0.0
2023-02-13,10.28,10.3,10.54,10.22,274533.53,284240.603,1.0,,0.0
2023-02-14,10.36,10.09,10.43,10.06,270114.29,274506.328,1.0,,0.0
2023-02-15,10.09,10.2,10.34,10.08,244415.21,249930.123,1.0,,0.0
2023-02-16,10.21,9.98,10.43,9.88,290199.28,293772.543,1.0,,0.0
2023-02-17,10.01,9.87,10.07,9.78,190831.99,188364.711,1.0,,0.0
2023-02-20,9.83,9.91,9.95,9.76,152834.14,150924.088,1.0,,0.0
2023-02-21,9.92,10.2,10.38,9.87,315541.02,321553.899,1.0,,0.0
2023-02-22,10.42,10.03,10.54,9.95,442163.95,445958.446,1.0,,0.0
2023-02-23,10.0,9.94,10.28,9.86,436703.62,440517.757,1.0,,0.0
2023-02-24,9.87,9.9,10.06,9.7,265017.25,262479.612,1.0,,0.0
2023-02-27,9.85,9.98,10.22,9.82,341679.51,343315.02,1.0,,0.0
2023-02-28,10.01,9.99,10.22,9.81,353004.36,351732.978,1.0,,0.0
2023-03-01,9.96,10.21,10.26,9.87,427886.88,435147.784,1.0,,0.0
2023-03-02,10.27,10.58,10.91,10.26,765732.26,813050.846,1.0,,0.0
2023-03-03,10.57,10.14,10.57,10.09,680042.13,695083.814,1.0,,0.0
2023-03-06,10.22,11.15,11.15,10.21,562093.88,617083.969,1.0,,0.0
2023-03-07,11.2,10.83,11.29,10.71,1454866.88,1589068.111,1.0,,0.0
2023-03-08,10.68,11.49,11.88,10.6,1651503.39,1876866.858,1.0,,0.0
2023-03-09,11.35,11.32,11.45,11.03,1016544.07,1139875.169,1.0,,0.0
2023-03-10,11.19,10.98,11.61,10.95,999907.93,1125884.895,1.0,,0.0
2023-03-13,10.96,11.12,11.12,10.77,724858.17,795402.697,1.0,,0.0
2023-03-14,10.91,10.84,11.1,10.68,695814.29,756041.691,1.0,,0.0
2023-03-15,10.84,10.71,10.94,10.61,489297.84,523992.933,1.0,,0.0
2023-03-16,10.66,10.87,11.2,10.62,749024.57,820881.748,1.0,,0.0
2023-03-17,10.88,11.2,11.28,10.74,817183.72,903805.861,1.0,,0.0
2023-03-20,11.16,10.78,11.21,10.66,718411.51,782006.57,1.0,,0.0
2023-03-21,10.74,10.86,10.87,10.56,442044.47,473871.478,1.0,,0.0
2023-03-22,10.86,11.08,11.16,10.81,637948.83,702489.336,1.0,,0.0
2023-03-23,11.0,11.08,11.15,10.8,602474.4,660525.676,1.0,,0.0
2023-03-24,11.11,10.78,11.12,10.73,590691.16,639916.367,1.0,,0.0
2023-03-27,10.78,10.9,11.04,10.68,541523.72,590401.642,1.0,,0.0
2023-03-28,10.82,10.25,10.9,10.19,758559.06,789235.679,1.0,,0.0
2023-03-29,10.15,9.87,10.18,9.77,558401.44,553949.058,1.0,,0.0
2023-03-30,9.95,9.81,10.08,9.75,382345.63,379238.302,1.0,,0.0
2023-03-31,9.78,9.95,9.96,9.75,304399.04,299782.041,1.0,,0.0
2023-04-03,9.9,10.0,10.08,9.83,449888.92,447671.279,1.0,,0.0
2023-04-04,10.0,9.79,10.0,9.78,414497.32,407628.786,1.0,,0.0
2023-04-06,9.8,9.91,9.93,9.5,364711.17,356952.606,1.0,,0.0
2023-04-07,9.93,9.85,9.95,9.8,277530.81,273402.83,1.0,,0.0
2023-04-10,9.86,9.52,9.93,9.51,364026.27,353288.707,1.0,,0.0
2023-04-11,9.52,9.38,9.55,9.29,311559.08,292086.909,1.0,,0.0
2023-04-12,9.4,9.67,9.76,9.33,352439.21,338998.727,1.0,,0.0
2023-04-13,9.66,9.45,9.66,9.42,245671.07,233748.831,1.0,,0.0
2023-04-14,9.51,9.41,9.55,9.35,200602.31,189001.738,1.0,,0.0
2023-04-17,9.38,9.4,9.44,9.21,247856.62,230956.311,1.0,,0.0
2023-04-18,9.41,9.68,9.78,9.28,391445.24,374856.623,1.0,,0.0
2023-04-19,9.67,9.66,9.8,9.57,271349.31,263236.064,1.0,,0.0
2023-04-20,9.86,9.81,10.02,9.71,378716.11,372111.638,1.0,,0.0
2023-04-21,9.79,9.66,10.06,9.55,471567.63,463103.277,1.0,,0.0
2023-04-24,9.53,9.35,9.53,9.22,315839.03,295022.861,1.0,,0.0
2023-04-25,9.27,8.98,9.32,8.84,332518.14,298910.74,1.0,,0.0
2023-04-26,8.91,8.97,9.16,8.89,205250.9,185517.511,1.0,,0.0
2023-04-27,9.0,9.33,9.38,8.91,284279.87,258903.989,1.0,,0.0
2023-04-28,9.3,9.4,9.58,9.19,314720.03,296847.547,1.0,,0.0
2023-05-04,9.34,9.11,9.4,9.01,300161.44,274444.494,1.0,,0.0
2023-05-05,9.11,8.9,9.11,8.81,243869.92,217540.574,1.0,,0.0
2023-05-08,8.92,9.24,9.35,8.9,283189.74,258978.832,1.0,,0.0
2023-05-09,9.23,8.9,9.27,8.88,275850.36,249448.996,1.0,,0.0
2023-05-10,8.93,9.04,9.04,8.78,195794.09,175055.229,1.0,,0.0
2023-05-11,9.04,9.01,9.12,8.91,147830.77,132903.165,1.0,,0.0
2023-05-12,8.99,8.84,9.03,8.82,144153.45,128162.123,1.0,,0.0
2023-05-15,8.83,8.85,8.87,8.61,167627.79,146191.306,1.0,,0.0
2023-05-16,8.84,8.58,8.85,8.58,159838.3,138697.295,1.0,,0.0
2023-05-17,8.55,8.67,8.7,8.47,174675.57,150514.88,1.0,,0.0
2023-05-18,8.68,8.9,9.0,8.68,270499.4,240596.387,1.0,,0.0
2023-05-19,8.88,9.03,9.11,8.76,235207.4,210568.367,1.0,,0.0
2023-05-22,9.04,8.94,9.11,8.91,124972.44,112307.492,1.0,,0.0
2023-05-23,9.0,8.87,9.03,8.86,95633.17,85212.698,1.0,,0.0
2023-05-24,8.87,8.86,8.97,8.78,105577.82,93656.562,1.0,,0.0
2023-05-25,8.82,8.93,9.0,8.8,153237.45,136443.179,1.0,,0.0
2023-05-26,8.93,9.07,9.1,8.88,166296.99,149693.822,1.0,,0.0
2023-05-29,9.13,9.21,9.33,9.11,217828.26,200845.588,1.0,,0.0
2023-05-30,9.18,9.24,9.26,9.05,137489.02,125775.152,1.0,,0.0
2023-05-31,9.26,9.32,9.39,9.22,169781.95,158210.849,1.0,,0.0
2023-06-01,9.3,9.41,9.42,9.26,177486.65,166429.643,1.0,,0.0
2023-06-02,9.41,9.28,9.45,9.27,189733.35,177185.595,1.0,,0.0
2023-06-05,9.32,9.33,9.48,9.26,158366.22,148612.376,1.0,,0.0
2023-06-06,9.41,9.05,9.41,9.03,204336.03,187363.42,1.0,,0.0
2023-06-07,9.05,9.14,9.2,8.92,143625.77,130942.656,1.0,,0.0
2023-06-08,9.1,8.82,9.13,8.78,251644.08,224168.824,1.0,,0.0
2023-06-09,8.82,8.93,9.02,8.71,221857.49,197375.446,1.0,,0.0
2023-06-12,8.96,8.93,9.15,8.92,195785.1,176629.377,1.0,,0.0
2023-06-13,8.9,9.0,9.08,8.78,195712.55,175424.744,1.0,,0.0
2023-06-14,9.0,9.0,9.05,8.89,176954.63,158904.346,1.0,,0.0
2023-06-15,9.02,9.05,9.28,9.0,268046.46,244895.754,1.0,,0.0
2023-06-16,9.04,9.15,9.2,8.86,255347.25,232135.117,1.0,,0.0
2023-06-19,9.14,9.26,9.32,9.14,248887.23,230464.626,1.0,,0.0
2023-06-20,9.28,9.27,9.3,9.12,238835.45,220418.102,1.0,,0.0
2023-06-21,9.24,9.07,9.26,9.05,212483.75,194245.651,1.0,,0.0
2023-06-26,9.02,8.8,9.12,8.76,225585.68,201067.278,1.0,,0.0
2023-06-27,8.8,9.02,9.07,8.76,154264.09,138023.667,1.0,,0.0
2023-06-28,9.08,8.74,9.15,8.44,356253.64,308576.477,1.0,,0.0
2023-06-29,8.69,9.02,9.1,8.66,311855.2,278478.013,1.0,,0.0
2023-06-30,9.03,9.45,9.48,8.99,513775.55,478742.777,1.0,,0.0
2023-07-03,9.36,9.29,9.43,9.14,341263.41,315844.076,1.0,,0.0
2023-07-04,9.29,9.44,9.49,9.24,329222.12,309800.792,1.0,,0.0
2023-07-05,9.39,9.25,9.49,9.22,247142.47,231255.708,1.0,,0.0
2023-07-06,9.25,9.45,9.57,9.22,376600.3,356192.295,1.0,,0.0
2023-07-07,9.4,9.2,9.47,9.07,308980.63,284723.498,1.0,,0.0
2023-07-10,9.21,9.09,9.29,9.03,221122.77,201606.217,1.0,,0.0
2023-07-11,9.14,9.58,9.99,9.1,789726.95,762463.838,1.0,,0.0
2023-07-12,9.61,9.26,9.66,9.22,553973.91,520002.861,1.0,,0.0
2023-07-13,9.22,9.2,9.34,9.11,362873.62,333871.287,1.0,,0.0
2023-07-14,9.21,9.21,9.28,9.16,277990.45,256030.645,1.0,,0.0
2023-07-17,9.22,8.97,9.23,8.9,302176.97,272041.343,1.0,,0.0
2023-07-18,8.98,8.87,8.99,8.84,184952.86,164275.905,1.0,,0.0
2023-07-19,8.83,8.72,8.86,8.68,212039.77,185448.72,1.0,,0.0
2023-07-20,8.73,8.59,8.78,8.56,193119.47,166902.657,1.0,,0.0
2023-07-21,8.55,8.61,8.65,8.52,107268.77,92250.583,1.0,,0.0
2023-07-24,8.6,8.45,8.6,8.43,170611.03,144605.082,1.0,,0.0
2023-07-25,8.5,8.62,8.63,8.45,143103.98,122442.974,1.0,,0.0
2023-07-26,8.62,8.51,8.62,8.49,118435.55,100988.856,1.0,,0.0
2023-07-27,8.53,8.2,8.58,8.18,283463.89,236187.188,1.0,,0.0
2023-07-28,8.18,8.26,8.3,8.1,139137.48,114524.841,1.0,,0.0
2023-07-31,8.27,8.36,8.38,8.26,105818.3,88178.888,1.0,,0.0
2023-08-01,8.37,8.28,8.37,8.25,107611.89,89111.47,1.0,,0.0
2023-08-02,8.26,8.28,8.33,8.25,74628.52,61860.227,1.0,,0.0
2023-08-03,8.26,8.21,8.3,8.2,90839.53,74715.244,1.0,,0.0
2023-08-04,8.22,8.36,8.37,8.21,123068.42,102240.93,1.0,,0.0
2023-08-07,8.33,8.37,8.42,8.29,115295.69,96307.053,1.0,,0.0
2023-08-08,8.37,8.32,8.37,8.28,76722.0,63768.0,1.0,,0.0
2023-08-09,8.36,8.25,8.36,8.23,83392.6,68987.691,1.0,,0.0
2023-08-10,8.21,8.18,8.27,8.16,82832.4,67921.523,1.0,,0.0
2023-08-11,8.18,8.02,8.2,8.01,117292.9,94795.338,1.0,,0.0
2023-08-14,7.95,8.08,8.09,7.9,96334.0,77075.021,1.0,,0.0
2023-08-15,8.12,8.01,8.12,7.91,75967.13,60843.957,1.0,,0.0
2023-08-16,7.97,7.79,8.0,7.78,135318.89,106381.195,1.0,,0.0
2023-08-17,7.76,8.06,8.07,7.7,158549.05,126124.443,1.0,,0.0
2023-08-18,8.05,7.88,8.09,7.88,97172.23,77482.313,1.0,,0.0
2023-08-21,7.88,7.94,8.09,7.88,95046.64,75978.552,1.0,,0.0
2023-08-22,7.94,8.04,8.05,7.86,96610.65,77124.414,1.0,,0.0
2023-08-23,8.04,7.88,8.04,7.87,90708.11,71884.289,1.0,,0.0
2023-08-24,7.88,7.89,7.96,7.84,67288.45,53161.112,1.0,,0.0
2023-08-25,7.85,7.63,7.89,7.61,137252.92,105583.458,1.0,,0.0
2023-08-28,8.06,7.92,8.15,7.91,257583.39,206079.585,1.0,,0.0
2023-08-29,7.91,8.12,8.15,7.89,207546.0,167136.81,1.0,,0.0
2023-08-30,8.21,8.6,8.79,8.2,731657.24,625807.426,1.0,,0.0
2023-08-31,8.58,8.75,8.87,8.57,555637.93,486083.99,1.0,,0.0
2023-09-01,8.78,8.82,8.99,8.73,443943.84,393806.694,1.0,,0.0
2023-09-04,8.92,8.92,8.98,8.8,340946.71,303074.412,1.0,,0.0
2023-09-05,8.93,9.03,9.32,8.92,526218.2,480224.241,1.0,,0.0
2023-09-06,8.98,9.21,9.22,8.78,566026.9,512050.849,1.0,,0.0
2023-09-07,9.24,9.23,9.69,9.16,844766.58,797682.8,1.0,,0.0
2023-09-08,9.13,9.51,9.7,9.1,803400.74,757927.458,1.0,,0.0
2023-09-11,9.47,9.46,9.63,9.37,647070.27,614324.208,1.0,,0.0
2023-09-12,9.4,9.4,9.49,9.22,473241.91,442550.897,1.0,,0.0
2023-09-13,9.36,9.17,9.4,9.07,378181.37,347213.36,1.0,,0.0
2023-09-14,9.37,9.27,9.69,9.13,605996.49,564705.542,1.0,,0.0
2023-09-15,9.33,9.19,9.42,9.04,496348.13,454310.457,1.0,,0.0
2023-09-18,9.04,9.03,9.14,8.91,424961.94,382480.06,1.0,,0.0
2023-09-19,8.92,8.79,9.06,8.68,309649.32,272693.927,1.0,,0.0
2023-09-20,8.82,8.72,8.91,8.68,258400.81,226940.532,1.0,,0.0
2023-09-21,8.67,8.77,8.97,8.61,279934.75,247234.905,1.0,,0.0
2023-09-22,8.73,9.02,9.1,8.73,484807.66,435106.933,1.0,,0.0
2023-09-25,9.04,9.15,9.52,8.98,653396.76,599591.825,1.0,,0.0
2023-09-26,9.09,8.98,9.16,8.97,297039.8,268423.682,1.0,,0.0
2023-09-27,8.91,9.13,9.29,8.88,467880.8,427112.175,1.0,,0.0
2023-09-28,9.1,9.39,9.45,9.06,428352.36,399470.86,1.0,,0.0
2023-10-09,9.33,10.04,10.18,9.33,865387.22,855453.826,1.0,,0.0
2023-10-10,9.95,10.08,10.48,9.92,868450.73,883327.353,1.0,,0.0
2023-10-11,10.3,10.83,11.09,10.28,1352837.58,1470898.344,1.0,,0.0
2023-10-12,10.67,10.79,11.08,10.43,1208255.12,1293762.804,1.0,,0.0
2023-10-13,10.71,10.99,11.44,10.7,1300589.35,1441928.156,1.0,,0.0
2023-10-16,11.3,10.8,11.35,10.68,843648.57,916437.385,1.0,,0.0
2023-10-17,10.71,10.79,11.05,10.59,668487.44,720060.477,1.0,,0.0
2023-10-18,10.74,10.5,10.76,10.36,566818.72,597100.677,1.0,,0.0
2023-10-19,10.47,10.4,10.71,10.33,509176.51,535573.224,1.0,,0.0
2023-10-20,10.31,9.91,10.48,9.86,585595.02,589760.118,1.0,,0.0
2023-10-23,10.1,10.06,10.77,9.86,1152383.52,1175514.07,1.0,,0.0
2023-10-24,10.0,9.77,10.12,9.69,965776.48,953965.563,1.0,,0.0
2023-10-25,9.8,9.98,10.21,9.71,921120.91,921971.564,1.0,,0.0
2023-10-26,9.9,10.16,10.48,9.83,1177360.69,1196438.981,1.0,,0.0
2023-10-27,10.1,9.77,10.1,9.55,969016.26,945964.68,1.0,,0.0
2023-10-30,9.5,10.03,10.21,9.26,1110400.12,1081474.274,1.0,,0.0
2023-10-31,10.21,9.66,10.25,9.63,678025.16,664583.631,1.0,,0.0
2023-11-01,9.61,9.53,9.78,9.43,501430.71,478829.547,1.0,,0.0
2023-11-02,9.55,9.15,9.6,9.13,528964.54,491820.725,1.0,,0.0
2023-11-03,9.16,9.38,9.5,9.15,487880.73,456722.227,1.0,,0.0
2023-11-06,9.46,9.44,9.5,9.31,491842.18,463143.583,1.0,,0.0
2023-11-07,9.42,9.55,9.7,9.34,536911.74,510940.313,1.0,,0.0
2023-11-08,9.54,9.61,9.72,9.37,543742.5,519577.474,1.0,,0.0
2023-11-09,9.56,9.17,9.58,9.11,649185.79,602416.862,1.0,,0.0
2023-11-10,9.15,9.08,9.25,9.05,364335.88,332786.305,1.0,,0.0
2023-11-13,9.13,9.72,9.87,9.13,1102911.23,1057824.045,1.0,,0.0
2023-11-14,9.73,9.95,10.05,9.68,769711.94,762502.298,1.0,,0.0
2023-11-15,10.02,10.07,10.21,9.76,633506.07,633501.438,1.0,,0.0
2023-11-16,10.04,9.85,10.13,9.81,455647.83,452662.776,1.0,,0.0
2023-11-17,9.81,10.22,10.34,9.77,705795.24,713235.666,1.0,,0.0
2023-11-20,10.21,10.17,10.29,9.99,549421.41,558197.339,1.0,,0.0
2023-11-21,10.17,9.95,10.18,9.84,556460.27,554336.022,1.0,,0.0
2023-11-22,9.88,9.77,10.14,9.77,403064.42,400962.886,1.0,,0.0
2023-11-23,9.79,9.86,10.03,9.69,296920.35,292247.32,1.0,,0.0
2023-11-24,9.87,9.55,9.92,9.47,409535.93,392397.618,1.0,,0.0
2023-11-27,9.52,9.58,9.66,9.45,215896.11,206156.04,1.0,,0.0
2023-11-28,9.58,9.41,9.63,9.33,281627.99,265718.134,1.0,,0.0
2023-11-29,9.39,9.44,9.69,9.25,369862.19,350625.045,1.0,,0.0
2023-11-30,9.42,9.26,9.43,9.14,295687.03,273658.36,1.0,,0.0
2023-12-01,9.25,9.4,9.42,9.12,314794.31,293461.381,1.0,,0.0
2023-12-04,9.4,9.39,9.44,9.22,303639.85,283382.367,1.0,,0.0
2023-12-05,9.38,9.01,9.38,9.0,371522.57,339185.912,1.0,,0.0
2023-12-06,8.94,8.74,9.04,8.72,452436.95,400181.727,1.0,,0.0
2023-12-07,8.77,8.64,8.82,8.57,256184.58,222900.561,1.0,,0.0
2023-12-08,8.64,8.61,8.78,8.58,254176.81,219901.212,1.0,,0.0
2023-12-11,8.61,8.65,8.65,8.32,561171.23,475490.826,1.0,,0.0
2023-12-12,8.58,8.75,8.75,8.56,337691.44,292068.888,1.0,,0.0
2023-12-13,8.8,8.58,8.84,8.58,316646.6,275253.256,1.0,,0.0
2023-12-14,8.6,8.43,8.73,8.42,270809.04,231644.412,1.0,,0.0
2023-12-15,8.43,8.34,8.49,8.3,189264.24,158130.561,1.0,,0.0
2023-12-18,8.33,8.17,8.33,8.13,217584.11,178496.945,1.0,,0.0
2023-12-19,8.17,8.19,8.25,8.12,133830.36,109402.253,1.0,,0.0
2023-12-20,8.18,8.04,8.23,8.02,169655.98,137410.092,1.0,,0.0
2023-12-21,8.0,8.12,8.15,7.91,228033.24,183132.306,1.0,,0.0
2023-12-22,8.12,8.16,8.25,8.09,267462.01,217974.092,1.0,,0.0
2023-12-25,8.11,8.16,8.25,8.06,203877.67,166010.657,1.0,,0.0
2023-12-26,8.11,7.89,8.16,7.87,206733.8,164353.941,1.0,,0.0
2023-12-27,7.89,7.96,8.01,7.88,164007.71,130460.508,1.0,,0.0
2023-12-28,7.92,8.18,8.19,7.91,291161.54,235436.059,1.0,,0.0
2023-12-29,8.15,8.3,8.31,8.13,248479.25,204954.829,1.0,,0.0
2024-01-02,8.3,8.37,8.43,8.26,268002.54,223727.883,1.0,,0.0
2024-01-03,8.33,8.24,8.39,8.17,202598.54,167308.318,1.0,,0.0
2024-01-04,8.25,8.17,8.28,8.14,192097.27,157387.806,1.0,,0.0
2024-01-05,8.17,7.82,8.17,7.78,256941.31,204124.398,1.0,,0.0
2024-01-08,7.8,7.46,7.8,7.45,303932.21,230310.959,1.0,,0.0
2024-01-09,7.5,7.45,7.59,7.36,235346.03,175965.256,1.0,,0.0
2024-01-10,7.45,7.32,7.46,7.27,157363.38,115737.219,1.0,,0.0
2024-01-11,7.34,7.53,7.55,7.32,188402.99,140530.453,1.0,,0.0
2024-01-12,7.54,7.43,7.55,7.39,174407.89,130237.078,1.0,,0.0
2024-01-15,7.42,7.35,7.42,7.31,145329.24,107008.176,1.0,,0.0
2024-01-16,7.39,7.21,7.4,7.06,325581.84,233410.458,1.0,,0.0
2024-01-17,7.19,6.96,7.2,6.96,207153.0,146365.811,1.0,,0.0
2024-01-18,6.92,7.02,7.02,6.76,263476.78,181196.06,1.0,,0.0
2024-01-19,7.0,6.9,7.02,6.86,165130.0,114660.286,1.0,,0.0
2024-01-22,6.88,6.46,6.95,6.41,230925.07,153702.372,1.0,,0.0
2024-01-23,6.49,6.55,6.59,6.39,247104.19,160564.119,1.0,,0.0
2024-01-24,6.57,6.56,6.61,6.25,299544.22,192944.856,1.0,,0.0
2024-01-25,6.55,6.88,6.91,6.5,352044.5,237139.485,1.0,,0.0
2024-01-26,6.6,6.45,6.64,6.44,616916.58,402328.592,1.0,,0.0
2024-01-29,6.46,6.25,6.54,6.22,320375.92,203062.624,1.0,,0.0
2024-01-30,6.21,6.08,6.34,6.06,211711.13,131377.125,1.0,,0.0
2024-01-31,6.03,5.76,6.12,5.72,275998.64,162458.137,1.0,,0.0
2024-02-01,5.78,5.69,5.84,5.65,239062.1,137172.246,1.0,,0.0
2024-02-02,5.73,5.38,5.82,5.13,382365.75,209788.198,1.0,,0.0
2024-02-05,5.36,4.84,5.39,4.84,491058.05,242723.487,1.0,,0.0
2024-02-06,4.69,5.08,5.18,4.49,540158.39,260848.133,1.0,,0.0
2024-02-07,5.11,5.23,5.36,5.04,454932.11,237685.639,1.0,,0.0
2024-02-08,5.25,5.75,5.75,5.25,526391.53,293624.908,1.0,,0.0
2024-02-19,5.83,5.72,5.9,5.53,601655.18,343349.711,1.0,,0.0
2024-02-20,5.75,6.06,6.19,5.6,674483.7,398407.321,1.0,,0.0
2024-02-21,5.97,6.0,6.19,5.84,560916.86,338527.744,1.0,,0.0
2024-02-22,6.05,6.21,6.22,6.02,450345.39,277336.411,1.0,,0.0
2024-02-23,6.31,6.39,6.39,6.2,460856.46,290377.152,1.0,,0.0
2024-02-26,6.44,6.56,6.65,6.31,530172.54,345426.429,1.0,,0.0
2024-02-27,6.62,7.06,7.07,6.57,719654.95,490082.989,1.0,,0.0
2024-02-28,7.1,6.58,7.62,6.56,1143008.26,808907.698,1.0,,0.0
2024-02-29,6.5,6.92,6.95,6.49,729892.11,495787.925,1.0,,0.0
2024-03-01,6.91,6.99,7.05,6.84,632973.09,439958.166,1.0,,0.0
2024-03-04,6.97,6.93,7.05,6.8,454774.12,314211.146,1.0,,0.0
2024-03-05,6.83,6.73,6.93,6.68,373903.26,254716.909,1.0,,0.0
2024-03-06,6.65,6.81,6.88,6.6,349711.3,235815.894,1.0,,0.0
2024-03-07,6.8,6.6,6.86,6.6,306275.7,205840.571,1.0,,0.0
2024-03-08,6.61,6.89,6.92,6.56,478543.98,325331.808,1.0,,0.0
2024-03-11,6.84,6.94,6.95,6.75,380305.59,260940.239,1.0,,0.0
2024-03-12,6.92,7.05,7.08,6.88,462273.24,324036.082,1.0,,0.0
2024-03-13,7.06,7.1,7.23,7.01,521970.1,371045.331,1.0,,0.0
2024-03-14,7.08,6.92,7.08,6.8,427992.72,296752.543,1.0,,0.0
2024-03-15,6.92,6.99,6.99,6.82,289295.03,200146.799,1.0,,0.0
2024-03-18,7.03,7.22,7.23,7.03,544795.26,390380.179,1.0,,0.0
2024-03-19,7.19,7.24,7.32,7.11,501693.6,362112.955,1.0,,0.0
2024-03-20,7.22,7.43,7.49,7.17,686292.97,507759.424,1.0,,0.0
2024-03-21,7.44,7.3,7.44,7.24,502456.84,368346.115,1.0,,0.0
2024-03-22,7.3,7.22,7.32,7.12,452445.06,325865.817,1.0,,0.0
2024-03-25,7.16,6.91,7.24,6.9,403368.04,286230.754,1.0,,0.0
2024-03-26,6.87,6.84,7.12,6.72,378738.17,260998.519,1.0,,0.0
2024-03-27,6.85,6.38,6.85,6.37,371616.64,243582.971,1.0,,0.0
2024-03-28,6.42,6.84,6.94,6.42,528828.77,355847.975,1.0,,0.0
2024-03-29,6.95,7.52,7.52,6.88,873901.73,634873.318,1.0,,0.0
2024-04-01,7.99,7.9,8.27,7.76,2075470.43,1652871.07,1.0,,0.0
2024-04-02,7.8,7.7,8.05,7.58,1171565.48,909800.245,1.0,,0.0
2024-04-03,7.58,7.37,7.69,7.26,874040.08,649482.273,1.0,,0.0
2024-04-08,7.41,7.23,7.47,7.18,655319.71,479399.569,1.0,,0.0
2024-04-09,7.21,7.1,7.31,6.99,614939.06,436249.576,1.0,,0.0
2024-04-10,7.01,6.71,7.03,6.6,582435.76,395337.815,1.0,,0.0
2024-04-11,6.6,6.69,6.88,6.56,398344.02,269372.385,1.0,,0.0
2024-04-12,6.69,6.81,6.95,6.63,465732.86,315817.798,1.0,,0.0
2024-04-15,6.73,6.35,6.77,6.23,569477.96,366985.281,1.0,,0.0
2024-04-16,6.25,5.72,6.31,5.72,607106.44,357451.985,1.0,,0.0
2024-04-17,5.77,6.21,6.25,5.77,491822.62,300985.459,1.0,,0.0
2024-04-18,6.2,6.26,6.44,6.02,484281.35,302323.997,1.0,,0.0
2024-04-19,6.21,6.13,6.33,6.08,356581.51,219933.825,1.0,,0.0
2024-04-22,6.34,6.27,6.45,6.05,471363.79,296047.012,1.0,,0.0
2024-04-23,6.22,6.25,6.37,6.21,316771.79,198721.749,1.0,,0.0
2024-04-24,6.25,6.55,6.55,6.25,509298.6,328884.025,1.0,,0.0
2024-04-25,6.45,6.35,6.51,6.34,413963.38,265674.656,1.0,,0.0
2024-04-26,6.26,6.84,6.99,6.25,969498.23,655000.425,1.0,,0.0
2024-04-29,6.84,6.93,7.0,6.8,716930.63,493991.654,1.0,,0.0
2024-04-30,6.91,6.77,6.98,6.74,406917.15,277761.077,1.0,,0.0
2024-05-06,6.88,6.84,6.92,6.8,315865.15,216347.142,1.0,,0.0
2024-05-07,6.86,7.07,7.11,6.82,675953.21,473463.158,1.0,,0.0
2024-05-08,7.0,6.82,7.01,6.81,415471.0,286301.363,1.0,,0.0
2024-05-09,6.82,6.89,6.92,6.79,304290.5,209051.753,1.0,,0.0
2024-05-10,6.89,6.77,6.92,6.73,318546.67,216218.684,1.0,,0.0
2024-05-13,6.77,6.53,6.77,6.49,337682.03,222224.363,1.0,,0.0
2024-05-14,6.53,6.55,6.65,6.5,222547.7,145932.727,1.0,,0.0
2024-05-15,6.51,6.43,6.6,6.42,221412.6,143707.501,1.0,,0.0
2024-05-16,6.49,6.48,6.62,6.46,259382.17,169583.859,1.0,,0.0
2024-05-17,6.46,6.66,6.67,6.44,293186.7,193143.959,1.0,,0.0
2024-05-20,6.65,6.62,6.72,6.56,276855.99,183733.238,1.0,,0.0
2024-05-21,6.58,6.44,6.6,6.37,316123.07,203670.677,1.0,,0.0
2024-05-22,6.41,6.42,6.47,6.34,203218.8,130125.023,1.0,,0.0
2024-05-23,6.41,6.29,6.42,6.26,228601.14,144701.417,1.0,,0.0
2024-05-24,6.27,6.11,6.3,6.1,244627.4,151068.747,1.0,,0.0
2024-05-27,6.05,6.11,6.15,5.9,224874.0,134720.018,1.0,,0.0
2024-05-28,6.07,6.04,6.2,5.99,172712.0,105241.252,1.0,,0.0
2024-05-29,6.1,6.02,6.2,5.97,183871.8,111656.279,1.0,,0.0
2024-05-30,5.96,6.03,6.1,5.9,185910.0,112183.982,1.0,,0.0
2024-05-31,6.01,6.23,6.25,6.01,319499.93,197609.364,1.0,,0.0
2024-06-03,6.21,6.14,6.35,6.07,289388.69,179129.329,1.0,,0.0
2024-06-04,6.09,6.02,6.14,5.91,257439.63,154074.121,1.0,,0.0
2024-06-05,5.98,5.96,6.1,5.95,197438.7,119130.401,1.0,,0.0
2024-06-06,5.93,5.66,6.0,5.61,385220.64,221080.515,1.0,,0.0
2024-06-07,5.71,5.7,5.77,5.62,206463.4,117598.037,1.0,,0.0
2024-06-11,5.69,5.8,5.81,5.56,200075.7,114304.49,1.0,,0.0
2024-06-12,5.79,5.89,5.96,5.77,204282.56,120489.42,1.0,,0.0
2024-06-13,5.88,5.9,5.96,5.86,168300.92,99407.553,1.0,,0.0
2024-06-14,5.87,5.9,5.9,5.76,200500.97,117056.636,1.0,,0.0
2024-06-17,5.9,5.86,5.95,5.81,203013.39,119717.409,1.0,,0.0
2024-06-18,5.86,6.08,6.09,5.84,284641.7,171653.696,1.0,,0.0
2024-06-19,6.11,6.07,6.17,6.06,260792.97,159190.195,1.0,,0.0
2024-06-20,6.06,5.82,6.07,5.82,236408.21,140140.202,1.0,,0.0
2024-06-21,5.78,5.8,5.91,5.67,235057.21,136170.215,1.0,,0.0
2024-06-24,5.73,5.48,5.76,5.47,249107.83,139327.923,1.0,,0.0
2024-06-25,5.52,5.39,5.56,5.33,201685.65,109818.251,1.0,,0.0
2024-06-26,5.38,5.69,5.7,5.31,220231.87,121701.567,1.0,,0.0
2024-06-27,5.64,5.51,5.69,5.5,183871.38,102872.055,1.0,,0.0
2024-06-28,5.48,5.65,5.75,5.46,246889.47,139798.333,1.0,,0.0
2024-07-01,5.66,5.6,5.69,5.49,197098.18,109663.652,1.0,,0.0
2024-07-02,5.6,5.59,5.67,5.55,165722.05,92942.606,1.0,,0.0
2024-07-03,5.6,5.52,5.6,5.48,130069.87,72000.177,1.0,,0.0
2024-07-04,5.51,5.38,5.59,5.37,150765.65,82388.188,1.0,,0.0
2024-07-05,5.39,5.41,5.45,5.28,151912.13,81525.853,1.0,,0.0
2024-07-08,5.38,5.2,5.43,5.18,187473.71,98592.727,1.0,,0.0
2024-07-09,5.18,5.41,5.41,5.15,243604.53,128839.446,1.0,,0.0
2024-07-10,5.38,5.38,5.48,5.31,178984.8,96787.296,1.0,,0.0
2024-07-11,5.49,5.58,5.6,5.45,197731.02,109663.378,1.0,,0.0
2024-07-12,5.6,5.57,5.62,5.51,148008.0,82345.809,1.0,,0.0
2024-07-15,5.56,5.43,5.61,5.39,146683.91,80278.787,1.0,,0.0
2024-07-16,5.44,5.48,5.51,5.36,128243.34,69950.365,1.0,,0.0
2024-07-17,5.44,5.28,5.47,5.27,175128.77,93518.897,1.0,,0.0
2024-07-18,5.26,5.18,5.26,5.06,210113.24,108086.629,1.0,,0.0
2024-07-19,5.17,5.28,5.34,5.14,156474.74,82301.667,1.0,,0.0
2024-07-22,5.3,5.31,5.37,5.26,129554.33,68931.738,1.0,,0.0
2024-07-23,5.31,5.17,5.34,5.17,124049.16,65389.177,1.0,,0.0
2024-07-24,5.17,5.11,5.25,5.1,141044.14,72857.011,1.0,,0.0
2024-07-25,5.11,5.14,5.21,5.04,130259.99,66701.319,1.0,,0.0
2024-07-26,5.14,5.34,5.35,5.11,206619.9,109386.599,1.0,,0.0
2024-07-29,5.37,5.52,5.6,5.33,239321.44,131222.859,1.0,,0.0
2024-07-30,5.52,5.65,5.7,5.47,324086.04,181973.086,1.0,,0.0
2024-07-31,5.68,5.8,5.81,5.62,288081.65,164889.744,1.0,,0.0
2024-08-01,5.8,5.93,5.98,5.78,319219.77,188467.31,1.0,,0.0
2024-08-02,5.91,5.75,5.98,5.74,295844.76,172678.597,1.0,,0.0
2024-08-05,5.68,5.5,5.82,5.48,290489.41,163542.128,1.0,,0.0
2024-08-06,5.56,5.66,5.74,5.52,241531.54,136034.378,1.0,,0.0
2024-08-07,5.69,5.92,6.1,5.69,551676.69,325404.457,1.0,,0.0
2024-08-08,5.83,5.66,5.83,5.63,405283.15,230806.841,1.0,,0.0
2024-08-09,5.66,5.56,5.77,5.56,199390.29,112339.494,1.0,,0.0
2024-08-12,5.53,5.43,5.55,5.39,175378.55,95514.994,1.0,,0.0
2024-08-13,5.43,5.58,5.68,5.38,206296.05,114041.439,1.0,,0.0
2024-08-14,5.56,5.6,5.64,5.48,204673.24,114185.139,1.0,,0.0
2024-08-15,5.57,5.69,5.76,5.53,258911.17,146917.231,1.0,,0.0
2024-08-16,5.67,5.63,5.75,5.61,185241.61,105124.318,1.0,,0.0
2024-08-19,5.61,5.65,5.71,5.55,176738.24,99965.526,1.0,,0.0
2024-08-20,5.64,5.48,5.66,5.45,171303.1,94315.705,1.0,,0.0
2024-08-21,5.48,5.42,5.6,5.4,137614.69,75627.133,1.0,,0.0
2024-08-22,5.42,5.33,5.46,5.33,131888.66,71015.954,1.0,,0.0
2024-08-23,5.32,5.35,5.4,5.27,115922.96,61881.835,1.0,,0.0
2024-08-26,5.36,5.31,5.41,5.27,125714.8,67102.552,1.0,,0.0
2024-08-27,5.31,5.21,5.31,5.17,147376.46,76879.476,1.0,,0.0
2024-08-28,5.13,5.18,5.22,5.05,156737.0,80563.887,1.0,,0.0
2024-08-29,5.15,5.33,5.38,5.1,156472.31,82530.447,1.0,,0.0
2024-08-30,5.33,5.5,5.61,5.32,205456.99,113120.169,1.0,,0.0
2024-09-02,5.52,5.33,5.56,5.31,144972.92,78601.179,1.0,,0.0
2024-09-03,5.33,5.4,5.42,5.27,147109.7,78829.969,1.0,,0.0
2024-09-04,5.39,5.42,5.5,5.31,176275.4,95652.729,1.0,,0.0
2024-09-05,5.45,5.57,5.6,5.42,203522.88,112655.302,1.0,,0.0
2024-09-06,5.58,5.35,5.6,5.34,213542.76,115815.613,1.0,,0.0
2024-09-09,5.31,5.27,5.4,5.25,145013.5,76933.828,1.0,,0.0
2024-09-10,5.29,5.52,5.59,5.22,291746.65,158667.903,1.0,,0.0
2024-09-11,5.49,5.42,5.54,5.37,165969.9,90241.044,1.0,,0.0
2024-09-12,5.49,5.47,5.56,5.45,182349.19,100387.784,1.0,,0.0
2024-09-13,5.46,5.35,5.55,5.35,176863.08,95751.704,1.0,,0.0
2024-09-18,5.31,5.23,5.4,5.16,159704.04,83904.948,1.0,,0.0
2024-09-19,5.27,5.39,5.43,5.23,180419.7,96545.069,1.0,,0.0
2024-09-20,5.39,5.45,5.51,5.38,204302.85,111331.251,1.0,,0.0
2024-09-23,5.47,5.54,5.62,5.47,282356.88,157198.183,1.0,,0.0
2024-09-24,5.58,5.62,5.62,5.4,362582.9,201012.384,1.0,,0.0
2024-09-25,5.65,5.61,5.75,5.58,358625.37,203461.684,1.0,,0.0
2024-09-26,5.57,5.75,5.75,5.56,314435.48,178072.062,1.0,,0.0
2024-09-27,5.81,6.05,6.12,5.77,485362.69,288481.275,1.0,,0.0
2024-09-30,6.32,6.65,6.66,6.2,721060.15,466921.99,1.0,,0.0
2024-10-08,7.32,7.2,7.32,6.72,900706.75,637161.036,1.0,,0.0
2024-10-09,6.98,6.56,7.0,6.53,689057.71,467693.349,1.0,,0.0
2024-10-10,6.6,6.47,6.75,6.38,449103.15,295439.25,1.0,,0.0
2024-10-11,6.42,6.1,6.45,6.0,415774.13,257583.083,1.0,,0.0
2024-10-14,6.1,6.39,6.45,6.08,393161.86,246142.151,1.0,,0.0
2024-10-15,6.4,6.36,6.64,6.26,446918.56,289261.536,1.0,,0.0
2024-10-16,6.29,6.3,6.39,6.21,297956.08,187848.761,1.0,,0.0
2024-10-17,6.34,6.33,6.49,6.32,354531.69,227388.965,1.0,,0.0
2024-10-18,6.32,6.48,6.62,6.29,453404.36,293375.712,1.0,,0.0
2024-10-21,6.56,6.76,6.85,6.56,593180.69,400221.54,1.0,,0.0
2024-10-22,6.76,6.68,6.79,6.61,447575.3,299432.835,1.0,,0.0
2024-10-23,6.68,6.89,7.03,6.61,735149.05,506835.066,1.0,,0.0
2024-10-24,7.0,6.97,7.08,6.74,729675.54,503508.465,1.0,,0.0
2024-10-25,7.0,6.94,7.06,6.88,624586.98,435093.027,1.0,,0.0
2024-10-28,6.95,7.24,7.39,6.89,850396.59,608274.51,1.0,,0.0
2024-10-29,7.34,7.11,7.42,7.1,641988.62,464854.351,1.0,,0.0
2024-10-30,7.08,7.14,7.24,7.01,453363.8,323392.463,1.0,,0.0
2024-10-31,7.15,7.15,7.22,7.0,479845.82,341935.863,1.0,,0.0
2024-11-01,7.13,6.7,7.13,6.69,573902.77,392597.193,1.0,,0.0
2024-11-04,6.7,6.98,6.99,6.69,374765.53,257959.374,1.0,,0.0
2024-11-05,6.96,7.29,7.34,6.95,575848.84,415801.756,1.0,,0.0
2024-11-06,7.3,7.26,7.4,7.2,506912.77,370310.607,1.0,,0.0
2024-11-07,7.21,7.35,7.42,7.18,516487.9,377001.101,1.0,,0.0
2024-11-08,7.46,7.85,8.09,7.4,1418075.68,1118686.422,1.0,,0.0
2024-11-11,7.85,7.98,8.05,7.78,1135037.86,900965.156,1.0,,0.0
2024-11-12,7.98,7.72,8.03,7.6,702867.01,549322.253,1.0,,0.0
2024-11-13,7.63,7.59,7.76,7.43,436060.1,329952.46,1.0,,0.0
2024-11-14,7.68,7.38,7.72,7.35,396011.63,298182.942,1.0,,0.0
2024-11-15,7.38,7.27,7.57,7.27,528705.6,393071.068,1.0,,0.0
2024-11-18,7.25,6.96,7.36,6.88,441195.48,310177.124,1.0,,0.0
2024-11-19,6.98,7.13,7.14,6.93,290398.4,204595.14,1.0,,0.0
2024-11-20,7.1,7.36,7.48,7.06,408912.78,299347.452,1.0,,0.0
2024-11-21,7.35,7.36,7.43,7.25,261661.87,192137.096,1.0,,0.0
2024-11-22,7.3,7.02,7.39,7.01,304235.69,219805.264,1.0,,0.0
2024-11-25,7.04,7.02,7.1,6.87,268954.34,186947.646,1.0,,0.0
2024-11-26,7.03,7.12,7.39,7.03,424929.44,307973.059,1.0,,0.0
2024-11-27,7.01,7.31,7.33,6.81,443426.42,314647.23,1.0,,0.0
2024-11-28,7.28,7.22,7.37,7.19,309941.3,225730.009,1.0,,0.0
2024-11-29,7.2,7.26,7.34,7.08,318069.93,229948.375,1.0,,0.0
2024-12-02,7.29,7.43,7.44,7.24,333432.69,246015.069,1.0,,0.0
2024-12-03,7.41,7.35,7.42,7.26,293840.45,215511.167,1.0,,0.0
2024-12-04,7.33,7.24,7.36,7.2,247679.89,180256.771,1.0,,0.0
2024-12-05,7.22,7.56,7.63,7.2,598230.55,447347.922,1.0,,0.0
2024-12-06,7.61,7.51,7.63,7.43,394369.38,296081.425,1.0,,0.0
2024-12-09,7.51,7.44,7.55,7.32,318912.18,237056.752,1.0,,0.0
2024-12-10,7.61,7.56,7.64,7.49,520446.7,393544.519,1.0,,0.0
2024-12-11,7.56,7.66,7.67,7.51,382642.66,291633.681,1.0,,0.0
2024-12-12,7.65,7.7,7.76,7.55,394363.1,302379.576,1.0,,0.0
2024-12-13,7.63,7.46,7.67,7.46,355303.96,268299.3,1.0,,0.0
2024-12-16,7.46,7.4,7.52,7.34,242318.69,180289.752,1.0,,0.0
2024-12-17,7.36,7.03,7.42,7.0,330853.89,236736.821,1.0,,0.0
2024-12-18,7.04,7.14,7.2,6.91,221641.0,157199.64,1.0,,0.0
2024-12-19,7.06,7.29,7.31,7.0,309662.94,222925.424,1.0,,0.0
2024-12-20,7.31,7.31,7.41,7.17,281559.54,205252.26,1.0,,0.0
2024-12-23,7.27,6.87,7.31,6.86,348674.31,245377.139,1.0,,0.0
2024-12-24,6.88,6.92,7.02,6.76,236635.49,162860.242,1.0,,0.0
2024-12-25,6.88,6.72,6.91,6.6,216488.0,145582.955,1.0,,0.0
2024-12-26,6.72,6.85,6.95,6.72,213498.0,146837.223,1.0,,0.0
2024-12-27,6.88,6.92,7.05,6.85,232944.32,162377.986,1.0,,0.0
2024-12-30,6.89,6.87,6.97,6.68,229468.5,157247.413,1.0,,0.0
2024-12-31,6.88,6.55,6.93,6.54,285524.0,190845.355,1.0,,0.0
2025-01-02,6.55,6.39,6.65,6.32,230097.43,149346.814,1.0,,0.0
2025-01-03,6.41,6.14,6.47,6.1,241800.76,151296.962,1.0,,0.0
2025-01-06,6.23,6.15,6.27,6.07,224680.27,138527.935,1.0,,0.0
2025-01-07,6.16,6.3,6.31,6.15,203051.84,126466.945,1.0,,0.0
2025-01-08,6.3,6.2,6.3,6.02,243487.17,150210.441,1.0,,0.0
2025-01-09,6.15,6.32,6.38,6.13,226985.54,143437.994,1.0,,0.0
2025-01-10,6.31,6.09,6.38,6.08,181069.0,112817.383,1.0,,0.0
2025-01-13,6.03,6.12,6.23,5.9,187877.0,113840.542,1.0,,0.0
2025-01-14,6.14,6.48,6.49,6.14,264185.84,167737.898,1.0,,0.0
2025-01-15,6.46,6.43,6.55,6.41,173882.42,112273.381,1.0,,0.0
2025-01-16,6.47,6.51,6.57,6.43,206169.63,134096.382,1.0,,0.0
2025-01-17,6.45,6.49,6.58,6.42,155690.0,101079.408,1.0,,0.0
2025-01-20,5.9,5.85,6.03,5.84,633276.99,371131.476,1.0,,0.0
2025-01-21,5.89,5.93,6.1,5.83,722101.31,429547.467,1.0,,0.0
2025-01-22,5.9,5.9,5.94,5.81,356466.2,209082.229,1.0,,0.0
2025-01-23,5.94,5.82,6.11,5.81,356827.37,213001.128,1.0,,0.0
2025-01-24,5.82,5.91,5.92,5.78,234553.85,137615.195,1.0,,0.0
2025-01-27,5.92,5.75,6.01,5.75,250133.1,145982.518,1.0,,0.0
2025-02-05,5.83,5.9,5.93,5.78,270653.0,158969.633,1.0,,0.0
2025-02-06,5.9,6.1,6.1,5.81,268535.61,161372.417,1.0,,0.0
2025-02-07,6.11,6.25,6.33,6.06,299524.13,186329.884,1.0,,0.0
2025-02-10,6.25,6.38,6.39,6.24,244311.76,154745.025,1.0,,0.0
2025-02-11,6.38,6.3,6.38,6.24,210996.37,132748.238,1.0,,0.0
2025-02-12,6.27,6.39,6.41,6.25,190833.78,121252.023,1.0,,0.0
2025-02-13,6.41,6.27,6.41,6.24,206733.16,130112.218,1.0,,0.0
2025-02-14,6.26,6.38,6.49,6.17,351977.63,223443.224,1.0,,0.0
2025-02-17,6.37,6.39,6.46,6.31,269457.23,171786.68,1.0,,0.0
2025-02-18,6.36,6.12,6.41,6.08,277929.01,173316.051,1.0,,0.0
2025-02-19,6.14,6.25,6.26,6.11,211441.94,130922.56,1.0,,0.0
2025-02-20,6.23,6.32,6.34,6.18,198976.52,124956.921,1.0,,0.0
2025-02-21,6.33,6.43,6.44,6.26,257407.8,164136.276,1.0,,0.0
2025-02-24,6.42,6.38,6.46,6.3,240177.1,153119.319,1.0,,0.0
2025-02-25,6.3,6.52,6.72,6.26,498682.96,325740.654,1.0,,0.0
2025-02-26,6.69,6.66,6.75,6.53,513109.95,341194.132,1.0,,0.0
2025-02-27,6.65,6.49,6.7,6.38,370997.35,241723.24,1.0,,0.0
2025-02-28,6.44,6.2,6.47,6.18,341045.46,214609.83,1.0,,0.0
2025-03-03,6.2,6.2,6.35,6.16,228917.08,143224.814,1.0,,0.0
2025-03-04,6.17,6.36,6.39,6.15,239517.61,151289.014,1.0,,0.0
2025-03-05,6.4,6.65,6.89,6.4,530012.83,350203.989,1.0,,0.0
2025-03-06,6.76,6.77,6.95,6.69,655277.66,445798.764,1.0,,0.0
2025-03-07,6.8,6.85,6.99,6.76,654403.22,449970.696,1.0,,0.0
2025-03-10,6.88,6.78,6.88,6.7,355364.2,240693.84,1.0,,0.0
2025-03-11,6.7,6.91,6.93,6.65,388915.07,266592.571,1.0,,0.0
2025-03-12,7.02,6.96,7.13,6.93,517543.32,363520.176,1.0,,0.0
2025-03-13,6.98,6.92,7.04,6.82,417108.89,288776.918,1.0,,0.0
2025-03-14,6.93,6.91,6.95,6.76,374087.67,257030.481,1.0,,0.0
2025-03-17,6.89,6.88,6.98,6.85,366172.17,252766.117,1.0,,0.0
2025-03-18,6.88,6.83,6.93,6.77,282919.55,193416.955,1.0,,0.0
2025-03-19,6.8,6.72,6.81,6.69,254609.95,171535.443,1.0,,0.0
2025-03-20,6.71,6.77,6.85,6.67,288331.48,195715.357,1.0,,0.0
2025-03-21,6.73,6.71,6.91,6.67,333579.7,225411.897,1.0,,0.0
2025-03-24,6.7,6.43,6.71,6.25,424605.34,273567.998,1.0,,0.0
2025-03-25,6.41,6.58,6.75,6.36,358698.91,236415.458,1.0,,0.0
2025-03-26,6.5,6.58,6.68,6.5,187523.88,123790.402,1.0,,0.0
2025-03-27,6.55,6.45,6.56,6.36,202761.81,130938.448,1.0,,0.0
2025-03-28,6.46,6.29,6.51,6.28,195465.46,124284.896,1.0,,0.0
2025-03-31,6.21,6.18,6.24,6.1,207143.77,127633.236,1.0,,0.0
2025-04-01,6.18,6.25,6.31,6.18,135819.69,84923.616,1.0,,0.0
2025-04-02,6.26,6.27,6.38,6.22,133268.12,83811.861,1.0,,0.0
2025-04-03,6.2,6.24,6.34,6.15,144967.44,90359.648,1.0,,0.0
2025-04-07,5.9,5.62,5.96,5.62,281636.55,160729.827,1.0,,0.0
2025-04-08,5.51,5.55,5.69,5.41,340995.02,188354.109,1.0,,0.0
2025-04-09,5.42,5.7,5.74,5.2,354552.54,197499.042,1.0,,0.0
2025-04-10,5.82,5.71,5.9,5.7,299992.37,173844.636,1.0,,0.0
2025-04-11,5.65,5.79,5.95,5.6,316160.69,182549.862,1.0,,0.0
2025-04-14,5.87,5.82,5.93,5.8,243982.04,142839.849,1.0,,0.0
2025-04-15,5.8,5.76,5.83,5.69,143854.21,82671.41,1.0,,0.0
2025-04-16,5.71,5.65,5.78,5.53,169749.87,95762.916,1.0,,0.0
2025-04-17,5.6,5.65,5.72,5.6,123025.11,69901.536,1.0,,0.0
2025-04-18,5.63,6.22,6.22,5.59,466477.66,279011.556,1.0,,0.0
2025-04-21,6.56,6.37,6.66,6.32,1278992.63,830526.78,1.0,,0.0
2025-04-22,6.35,6.12,6.38,6.12,787056.31,487813.581,1.0,,0.0
2025-04-23,6.15,6.37,6.7,6.15,838771.93,536341.361,1.0,,0.0
2025-04-24,6.2,6.68,6.78,6.2,1095979.87,716692.353,1.0,,0.0
2025-04-25,6.59,6.55,6.68,6.45,684301.66,449478.682,1.0,,0.0
2025-04-28,6.44,6.37,6.5,6.34,414109.92,264221.195,1.0,,0.0
2025-04-29,6.37,6.4,6.42,6.27,305259.38,194279.211,1.0,,0.0
2025-04-30,6.4,6.4,6.44,6.32,341005.74,217631.693,1.0,,0.0
2025-05-06,6.46,6.57,6.58,6.42,381180.55,248227.338,1.0,,0.0
2025-05-07,6.65,6.6,6.69,6.52,443397.05,292228.277,1.0,,0.0
2025-05-08,6.56,6.74,6.75,6.54,448128.61,299493.228,1.0,,0.0
2025-05-09,6.77,6.73,6.84,6.63,512599.74,344874.769,1.0,,0.0
2025-05-12,6.75,6.93,6.99,6.68,676764.81,465929.994,1.0,,0.0
2025-05-13,6.93,6.72,6.94,6.7,489318.18,332823.707,1.0,,0.0
2025-05-14,6.69,6.75,6.85,6.66,340118.1,229540.546,1.0,,0.0
2025-05-15,6.75,6.6,6.76,6.6,254773.13,169187.51,1.0,,0.0
2025-05-16,6.57,6.64,6.71,6.57,201086.74,133903.904,1.0,,0.0
2025-05-19,6.65,6.71,6.72,6.58,192529.94,128281.7,1.0,,0.0
2025-05-20,6.69,6.7,6.73,6.62,228006.14,151695.758,1.0,,0.0
2025-05-21,6.69,6.59,6.72,6.57,189660.8,125469.107,1.0,,0.0
2025-05-22,6.57,6.66,6.78,6.52,323367.2,215574.249,1.0,,0.0
2025-05-23,6.64,6.46,6.7,6.43,284996.07,186249.115,1.0,,0.0
2025-05-26,6.46,6.8,6.82,6.46,533837.45,358556.841,1.0,,0.0
2025-05-27,6.76,6.79,6.82,6.67,319446.55,215923.043,1.0,,0.0
2025-05-28,6.76,6.79,6.83,6.71,285956.71,193550.92,1.0,,0.0
2025-05-29,6.78,6.94,6.98,6.75,407775.69,281425.422,1.0,,0.0
2025-05-30,6.91,6.83,6.96,6.78,346313.76,237192.897,1.0,,0.0
2025-06-03,6.84,6.82,6.94,6.77,279403.12,191049.298,1.0,,0.0
2025-06-04,6.79,6.76,6.88,6.72,246880.78,167310.517,1.0,,0.0
2025-06-05,6.75,6.98,7.03,6.65,611306.0,423058.569,1.0,,0.0
2025-06-06,6.97,6.89,7.02,6.88,294331.21,203533.296,1.0,,0.0
2025-06-09,6.89,6.91,6.98,6.86,296903.37,205235.448,1.0,,0.0
2025-06-10,6.91,6.81,6.95,6.73,331676.54,226687.956,1.0,,0.0
2025-06-11,6.8,6.8,6.89,6.77,201002.52,137279.38,1.0,,0.0
2025-06-12,6.78,6.9,6.94,6.73,364706.92,250964.363,1.0,,0.0
2025-06-13,6.86,6.67,6.89,6.65,450414.23,302940.143,1.0,,0.0
2025-06-16,6.66,6.98,7.09,6.63,641336.62,443165.697,1.0,,0.0
2025-06-17,6.98,6.95,7.01,6.8,395969.13,272711.34,1.0,,0.0
2025-06-18,6.9,6.97,7.0,6.88,378084.27,262452.704,1.0,,0.0
2025-06-19,6.92,6.78,6.94,6.74,315557.2,215082.91,1.0,,0.0
2025-06-20,6.78,6.69,6.82,6.64,267260.25,179474.183,1.0,,0.0
2025-06-23,6.66,6.98,7.0,6.63,461673.71,317786.114,1.0,,0.0
2025-06-24,6.95,6.99,7.05,6.93,400514.77,280019.763,1.0,,0.0
2025-06-25,7.0,7.24,7.42,7.0,800206.71,575515.819,1.0,,0.0
2025-06-26,7.2,7.28,7.45,7.2,659656.13,482056.147,1.0,,0.0
2025-06-27,7.32,7.28,7.4,7.25,468146.27,341960.433,1.0,,0.0
2025-06-30,7.33,7.38,7.5,7.28,414954.88,306836.435,1.0,,0.0
2025-07-01,7.35,7.3,7.39,7.23,368853.31,268925.006,1.0,,0.0
2025-07-02,7.29,7.18,7.29,7.13,283789.4,204447.548,1.0,,0.0
2025-07-03,7.19,7.37,7.47,7.19,454147.68,334289.682,1.0,,0.0
2025-07-04,7.37,7.18,7.39,7.15,336067.75,242828.951,1.0,,0.0
2025-07-07,7.2,7.14,7.21,7.1,169228.0,120854.278,1.0,,0.0
2025-07-08,7.13,7.2,7.41,7.1,302479.98,218934.083,1.0,,0.0
2025-07-09,7.19,7.2,7.29,7.09,248120.3,179082.425,1.0,,0.0
2025-07-10,7.18,7.17,7.25,7.12,234589.27,168116.516,1.0,,0.0
2025-07-11,7.13,7.15,7.19,7.1,263044.21,188081.102,1.0,,0.0
2025-07-14,7.15,7.08,7.16,7.06,240553.8,170649.936,1.0,,0.0
2025-07-15,7.08,6.99,7.12,6.91,286508.5,200330.542,1.0,,0.0
2025-07-16,6.99,6.95,7.04,6.92,174432.43,121753.676,1.0,,0.0
2025-07-17,6.95,7.21,7.23,6.95,378500.29,268987.354,1.0,,0.0
2025-07-18,7.22,7.23,7.4,7.17,385542.24,280509.791,1.0,,0.0
2025-07-21,7.25,7.25,7.28,7.19,220507.6,159508.33,1.0,,0.0
2025-07-22,7.27,7.22,7.28,7.16,234415.35,169032.413,1.0,,0.0
2025-07-23,7.2,7.12,7.2,7.09,223047.39,159267.339,1.0,,0.0
2025-07-24,7.12,7.16,7.19,7.12,184490.5,132120.443,1.0,,0.0
2025-07-25,7.16,7.14,7.18,7.11,181321.37,129546.142,1.0,,0.0
2025-07-28,7.14,7.36,7.38,7.14,488816.33,357290.481,1.0,,0.0
2025-07-29,7.36,7.4,7.45,7.27,333914.67,245449.341,1.0,,0.0
2025-07-30,7.39,7.37,7.53,7.26,385919.0,285262.06,1.0,,0.0
2025-07-31,7.35,7.32,7.56,7.29,452539.9,336188.62,1.0,,0.0
2025-08-01,7.33,7.27,7.38,7.21,288722.83,209832.547,1.0,,0.0
2025-08-04,7.23,7.43,7.45,7.21,361880.6,266246.153,1.0,,0.0
2025-08-05,7.43,7.64,7.68,7.4,618260.09,468664.176,1.0,,0.0
2025-08-06,7.57,7.74,7.84,7.53,614455.48,474439.206,1.0,,0.0
2025-08-07,7.72,7.71,7.77,7.63,408472.43,314464.361,1.0,,0.0
2025-08-08,7.7,7.77,7.94,7.66,561980.01,438033.206,1.0,,0.0
2025-08-11,7.73,7.69,7.81,7.67,438778.4,338804.79,1.0,,0.0
2025-08-12,7.7,7.66,7.85,7.61,414493.18,319880.609,1.0,,0.0
2025-08-13,7.66,7.81,7.87,7.62,474855.36,369228.065,1.0,,0.0
2025-08-14,7.79,7.52,7.81,7.49,459341.47,349448.974,1.0,,0.0
2025-08-15,7.52,7.72,7.89,7.5,511649.54,394501.995,1.0,,0.0
2025-08-18,7.71,7.8,7.87,7.7,468503.85,364485.309,1.0,,0.0
2025-08-19,7.78,7.77,7.85,7.7,343900.23,267038.616,1.0,,0.0
2025-08-20,7.84,7.93,7.94,7.74,522958.91,409598.93,1.0,,0.0
2025-08-21,7.9,7.74,7.93,7.69,419011.55,326003.538,1.0,,0.0
2025-08-22,7.75,7.82,7.89,7.7,352048.1,274054.651,1.0,,0.0
2025-08-25,7.88,8.29,8.36,7.75,925951.86,741975.101,1.0,,0.0
2025-08-26,8.2,8.27,8.3,8.08,651415.05,534307.025,1.0,,0.0
2025-08-27,8.21,7.92,8.27,7.9,506517.99,411658.84,1.0,,0.0
2025-08-28,8.35,8.35,8.55,8.07,1437832.15,1190747.877,1.0,,0.0
2025-08-29,8.42,8.85,9.1,8.38,1628373.85,1414628.482,1.0,,0.0
2025-09-01,8.9,9.01,9.14,8.71,1178965.85,1056862.889,1.0,,0.0
2025-09-02,8.99,8.82,9.3,8.58,1035816.01,919584.203,1.0,,0.0
2025-09-03,8.82,8.41,8.82,8.27,843072.41,714443.943,1.0,,0.0
2025-09-04,8.43,8.5,8.64,8.3,830403.81,705327.799,1.0,,0.0
2025-09-05,8.55,8.64,8.7,8.44,655955.43,563479.647,1.0,,0.0
2025-09-08,8.7,8.8,8.8,8.48,738928.15,639840.944,1.0,,0.0
2025-09-09,8.72,8.6,8.93,8.56,646829.01,565784.764,1.0,,0.0
2025-09-10,8.58,8.73,8.83,8.54,520074.01,451862.523,1.0,,0.0
2025-09-11,8.65,8.93,8.94,8.61,648115.54,572919.746,1.0,,0.0
2025-09-12,8.93,8.79,8.95,8.78,535322.91,474108.482,1.0,,0.0
2025-09-15,8.82,8.51,8.84,8.47,534843.22,458084.848,1.0,,0.0
2025-09-16,8.52,9.02,9.25,8.4,813650.73,717369.469,1.0,,0.0
2025-09-17,8.95,9.25,9.34,8.79,696534.22,634966.626,1.0,,0.0
2025-09-18,9.19,8.89,9.23,8.73,704174.31,636228.913,1.0,,0.0
2025-09-19,8.9,8.71,9.05,8.69,402069.72,354141.986,1.0,,0.0
2025-09-22,8.71,8.66,8.8,8.55,358846.18,311140.321,1.0,,0.0
2025-09-23,8.66,8.34,8.71,8.15,511172.58,426390.728,1.0,,0.0
2025-09-24,8.29,8.63,8.67,8.22,347539.13,293563.561,1.0,,0.0
2025-09-25,8.62,8.42,8.69,8.4,282626.54,240824.718,1.0,,0.0
2025-09-26,8.4,8.29,8.78,8.19,556664.71,471052.94,1.0,,0.0
2025-09-29,8.36,8.33,8.4,8.22,278797.37,231867.265,1.0,,0.0
2025-09-30,8.39,8.55,8.7,8.34,385138.91,330512.335,1.0,,0.0
2025-10-09,8.62,8.65,8.79,8.55,382944.87,332101.531,1.0,,0.0
2025-10-10,8.62,8.3,8.64,8.27,433706.82,363697.781,1.0,,0.0
2025-10-13,8.05,8.77,8.82,7.93,636517.66,540425.756,1.0,,0.0
2025-10-14,8.76,8.49,8.84,8.45,445666.37,383602.08,1.0,,0.0
2025-10-15,8.5,8.76,8.86,8.45,538022.98,468457.784,1.0,,0.0
2025-10-16,8.72,8.65,8.83,8.59,324256.97,280822.405,1.0,,0.0
2025-10-17,8.63,8.1,8.74,8.09,508883.13,424312.812,1.0,,0.0
2025-10-20,8.25,8.3,8.49,8.18,369259.4,307968.482,1.0,,0.0
2025-10-21,8.3,8.41,8.54,8.3,318892.6,269002.324,1.0,,0.0
2025-10-22,8.33,8.26,8.34,8.19,285860.9,235965.659,1.0,,0.0
2025-10-23,8.23,8.29,8.3,7.98,335649.33,272121.688,1.0,,0.0
2025-10-24,8.3,8.37,8.5,8.3,368696.61,309746.451,1.0,,0.0
2025-10-27,8.4,8.47,8.53,8.3,363844.88,306745.974,1.0,,0.0
2025-10-28,8.41,8.51,8.64,8.36,329319.41,280764.219,1.0,,0.0
2025-10-29,8.58,8.67,8.7,8.54,380329.22,328036.925,1.0,,0.0
2025-10-30,8.72,8.69,8.83,8.58,475198.97,413892.591,1.0,,0.0
2025-10-31,8.66,8.61,8.7,8.51,358041.62,308500.335,1.0,,0.0
2025-11-03,8.69,8.7,8.72,8.5,419288.0,362119.728,1.0,,0.0
2025-11-04,8.7,8.56,8.75,8.47,330799.68,282963.474,1.0,,0.0
2025-11-05,8.5,8.66,8.75,8.45,382074.42,330468.484,1.0,,0.0
2025-11-06,8.64,8.77,8.78,8.54,426953.37,370632.174,1.0,,0.0
2025-11-07,8.7,9.03,9.23,8.62,823452.77,737899.411,1.0,,0.0
2025-11-10,9.09,8.98,9.22,8.89,539762.57,486676.108,1.0,,0.0
2025-11-11,8.96,8.8,8.99,8.69,461253.79,405279.502,1.0,,0.0
2025-11-12,8.79,8.92,8.92,8.5,520919.05,451869.976,1.0,,0.0
2025-11-13,8.8,8.63,8.86,8.53,621223.13,538483.98,1.0,,0.0
2025-11-14,8.62,8.61,8.87,8.49,425128.71,368163.122,1.0,,0.0
2025-11-17,8.58,8.56,8.69,8.47,390959.81,334445.831,1.0,,0.0
2025-11-18,8.48,8.29,8.51,8.24,383209.97,319334.995,1.0,,0.0
2025-11-19,8.31,8.21,8.33,8.12,265011.3,217356.556,1.0,,0.0
2025-11-20,8.24,8.23,8.3,8.16,171356.45,140942.196,1.0,,0.0
2025-11-21,8.15,7.87,8.17,7.85,302463.24,241329.424,1.0,,0.0
2025-11-24,7.96,8.25,8.32,7.91,367316.4,298041.84,1.0,,0.0
2025-11-25,8.25,8.39,8.54,8.22,380539.5,319887.179,1.0,,0.0
2025-11-26,8.39,8.27,8.52,8.24,301853.93,251972.694,1.0,,0.0
2025-11-27,8.24,8.29,8.43,8.2,260664.21,216397.736,1.0,,0.0
2025-11-28,8.3,8.51,8.56,8.29,386838.96,326735.968,1.0,,0.0
2025-12-01,8.62,8.8,8.84,8.6,678474.39,593474.725,1.0,,0.0
2025-12-02,8.7,8.93,8.97,8.68,632090.85,559987.812,1.0,,0.0
2025-12-03,8.93,8.73,8.93,8.66,469230.4,411339.059,1.0,,0.0
2025-12-04,8.67,8.76,8.87,8.61,328417.9,287571.768,1.0,,0.0
2025-12-05,8.72,8.93,8.96,8.72,455051.37,404062.165,1.0,,0.0
2025-12-08,8.99,8.94,9.15,8.9,652621.82,589471.362,1.0,,0.0
2025-12-09,8.81,8.92,9.04,8.81,356801.03,318355.988,1.0,,0.0
2025-12-10,8.91,9.02,9.15,8.85,452196.46,408575.765,1.0,,0.0
2025-12-11,9.11,8.94,9.16,8.92,423897.68,382736.765,1.0,,0.0
2025-12-12,8.89,8.9,9.11,8.83,518990.83,465425.198,1.0,,0.0
2025-12-15,8.81,9.14,9.42,8.7,844369.69,767914.629,1.0,,0.0
2025-12-16,9.15,9.28,9.34,8.93,940146.42,864591.799,1.0,,0.0
2025-12-17,9.14,9.2,9.6,9.05,910124.66,842567.907,1.0,,0.0
2025-12-18,9.03,9.33,9.47,8.98,869740.88,809032.568,1.0,,0.0
2025-12-19,9.48,9.85,10.14,9.41,1208438.69,1175134.032,1.0,,0.0
2025-12-22,10.27,9.75,10.51,9.73,1231167.36,1231705.783,1.0,,0.0
2025-12-23,9.85,9.47,10.05,9.41,1069655.27,1035450.356,1.0,,0.0
2025-12-24,9.35,9.77,10.13,9.27,1060585.64,1032711.3,1.0,,0.0
2025-12-25,9.83,10.75,10.75,9.81,1169042.53,1220896.695,1.0,,0.0
2025-12-26,10.75,10.39,10.75,10.28,1841285.06,1929918.108,1.0,,0.0
2025-12-29,10.3,10.17,10.4,10.1,947807.6,967671.04,1.0,,0.0
2025-12-30,10.18,10.35,10.66,10.07,1442730.81,1495925.045,1.0,,0.0
2025-12-31,10.24,10.49,10.63,10.15,1122463.2,1172039.341,1.0,,0.0
2026-01-05,10.7,10.77,10.96,10.5,1366883.37,1467823.222,1.0,,0.0
2026-01-06,10.62,10.73,10.84,10.4,1076498.49,1143136.551,1.0,,0.0
2026-01-07,10.71,11.0,11.08,10.56,1272802.77,1386659.159,1.0,,0.0
2026-01-08,10.89,11.38,11.44,10.67,1670249.06,1846021.325,1.0,,0.0
2026-01-09,11.48,12.15,12.5,11.35,1815587.31,2167045.53,1.0,,0.0
2026-01-12,12.43,13.37,13.37,12.21,1526032.55,1952188.986,1.0,,0.0
2026-01-13,13.88,12.13,13.98,12.03,2206179.2,2776116.067,1.0,,0.0
2026-01-14,12.32,13.34,13.34,12.32,2508010.13,3298020.903,1.0,,0.0
2026-01-15,12.3,14.67,14.67,12.01,2945133.92,3944762.435,1.0,,0.0
2026-01-16,14.3,13.2,14.57,13.2,2490513.12,3392007.887,1.0,,0.0
2026-01-19,12.09,11.88,12.35,11.88,1834917.75,2194745.879,1.0,,0.0
2026-01-20,11.8,10.82,11.88,10.69,1839600.19,2038598.372,1.0,,0.0
2026-01-21,10.79,11.13,11.28,10.7,1116198.57,1230377.449,1.0,,0.0
2026-01-22,11.15,11.34,11.44,11.06,925221.25,1046389.477,1.0,,0.0
2026-01-23,11.4,12.01,12.07,11.35,1381581.85,1632643.628,1.0,,0.0
2026-01-26,11.91,11.33,12.05,11.13,1204513.76,1392726.953,1.0,,0.0
2026-01-27,11.4,12.46,12.46,11.33,1410117.68,1692008.874,1.0,,0.0
2026-01-28,12.38,12.3,12.7,12.03,1385599.65,1715941.605,1.0,,0.0
2026-01-29,12.29,12.0,12.46,11.86,1001341.58,1216623.142,1.0,,0.0
2026-01-30,11.96,12.03,12.27,11.66,1071574.06,1285200.401,1.0,,0.0
2026-02-02,11.97,11.6,12.29,11.6,851194.05,1014550.809,1.0,,0.0
2026-02-03,11.86,12.03,12.03,11.58,774650.04,921776.19,1.0,,0.0
2026-02-04,12.04,12.04,12.24,11.8,702087.59,844828.843,1.0,,0.0
2026-02-05,11.8,11.66,11.95,11.54,539686.83,631699.647,1.0,,0.0
2026-02-06,11.44,11.47,11.82,11.31,526628.56,608443.29,1.0,,0.0
2026-02-09,11.7,11.55,11.8,11.5,486164.85,564644.213,1.0,,0.0
2026-02-10,11.48,11.42,11.63,11.22,513611.3,585721.812,1.0,,0.0
2026-02-11,11.47,11.3,11.63,11.25,428529.44,491254.098,1.0,,0.0
2026-02-12,11.3,11.02,11.38,10.98,661207.07,736765.538,1.0,,0.0
2026-02-13,11.02,11.02,11.23,10.99,390175.08,433789.708,1.0,,0.0
2026-02-24,11.15,11.05,11.29,11.02,421179.32,469863.179,1.0,,0.0
2026-02-25,11.04,11.2,11.24,10.9,391539.75,436343.716,1.0,,0.0
2026-02-26,11.14,11.26,11.38,11.08,481551.27,542373.529,1.0,,0.0
2026-02-27,11.2,11.28,11.35,11.14,366261.67,412281.901,1.0,,0.0
2026-03-02,11.35,11.43,11.66,11.25,903087.15,1033037.666,1.0,,0.0
2026-03-03,11.44,10.35,11.46,10.3,985198.89,1058527.054,1.0,,0.0
2026-03-04,10.09,10.42,10.51,10.09,385219.77,400229.023,1.0,,0.0
2026-03-05,10.58,10.79,10.8,10.55,414187.45,442241.268,1.0,,0.0
2026-03-06,10.7,10.66,10.87,10.56,322337.18,344871.123,1.0,,0.0
2026-03-09,10.36,10.66,10.74,10.27,414786.76,434503.785,1.0,,0.0
2026-03-10,10.72,11.23,11.25,10.72,618771.07,683263.352,1.0,,0.0
2026-03-11,11.35,11.18,11.57,11.17,584177.84,663163.65,1.0,,0.0
2026-03-12,11.13,10.87,11.2,10.74,436592.92,478113.416,1.0,,0.0
2026-03-13,10.83,10.52,10.95,10.5,324363.5,346687.049,1.0,,0.0
2026-03-16,10.5,10.53,10.58,10.35,252441.61,264250.049,1.0,,0.0
2026-03-17,10.6,10.13,10.64,10.09,300458.68,309361.488,1.0,,0.0
2026-03-18,10.18,10.42,10.43,10.06,276173.12,283297.632,1.0,,0.0
2026-03-19,10.26,10.13,10.31,10.09,237078.8,241424.65,1.0,,0.0
2026-03-20,10.18,9.76,10.23,9.76,314229.2,312743.93,1.0,,0.0
2026-03-23,9.51,9.15,9.65,9.06,413375.06,386728.715,1.0,,0.0
2026-03-24,9.36,9.44,9.45,9.14,299072.09,278069.446,1.0,,0.0
2026-03-25,9.47,9.64,9.69,9.46,260816.0,251049.265,1.0,,0.0
2026-03-26,9.73,9.53,9.77,9.43,272421.97,260585.017,1.0,,0.0
2026-03-27,9.36,9.71,9.72,9.32,219924.81,211249.748,1.0,,0.0
2026-03-30,9.51,9.99,10.0,9.5,264941.21,260033.876,1.0,,0.0
2026-03-31,10.0,9.9,10.23,9.88,304572.0,305894.005,1.0,,0.0
2026-04-01,10.2,9.97,10.2,9.83,246602.47,245478.375,1.0,,0.0
2026-04-02,9.91,9.81,10.04,9.73,175771.4,173610.379,1.0,,0.0
2026-04-03,9.89,9.64,9.92,9.64,164279.0,160079.696,1.0,,0.0
2026-04-07,9.64,9.6,9.77,9.56,131188.59,126704.341,1.0,,0.0
2026-04-08,9.81,10.07,10.08,9.81,244982.36,244369.038,1.0,,0.0
2026-04-09,10.0,9.92,10.03,9.85,198960.08,197517.125,1.0,,0.0
2026-04-10,9.97,9.86,10.1,9.85,235453.96,234498.008,1.0,,0.0
2026-04-13,9.75,9.8,9.9,9.71,207211.7,203381.17,1.0,,0.0
2026-04-14,9.87,10.03,10.03,9.86,245460.32,244373.109,1.0,,0.0
2026-04-15,10.12,9.96,10.24,9.93,305481.59,308647.04,1.0,,0.0
2026-04-16,9.96,10.48,10.55,9.87,655105.18,674184.991,1.0,,0.0
2026-04-17,10.3,10.51,10.57,10.3,384373.37,400561.233,1.0,,0.0
2026-04-20,10.51,10.75,10.78,10.45,447502.92,477772.2,1.0,,0.0
2026-04-21,10.74,10.55,10.74,10.47,311795.29,328657.743,1.0,,0.0
2026-04-22,10.8,10.9,11.07,10.6,748799.72,811805.164,1.0,,0.0
2026-04-23,10.76,10.47,10.81,10.35,543637.72,572307.373,1.0,,0.0
2026-04-24,10.38,10.02,10.46,9.99,463468.39,469817.756,1.0,,0.0
2026-04-27,9.99,10.3,10.33,9.96,305620.16,312526.821,1.0,,0.0
2026-04-28,10.15,9.8,10.15,9.68,428339.31,421717.119,1.0,,0.0
2026-04-29,9.74,9.82,9.89,9.71,227469.25,223490.503,1.0,,0.0
2026-04-30,9.78,10.0,10.09,9.73,321668.32,319248.3,1.0,,0.0
2026-05-06,10.07,10.29,10.43,10.06,382734.61,394365.588,1.0,,0.0
2026-05-07,10.35,10.53,10.54,10.28,348469.28,363714.629,1.0,,0.0
2026-05-08,10.52,10.77,10.85,10.46,443456.26,473916.907,1.0,,0.0
2026-05-11,10.99,11.28,11.35,10.98,913531.03,1023352.62,1.0,,0.0
2026-05-12,11.18,11.11,11.34,10.98,548088.78,609681.985,1.0,,0.0
2026-05-13,11.02,11.08,11.15,10.95,460283.03,508109.139,1.0,,0.0
2026-05-14,11.08,10.62,11.12,10.62,508575.33,550132.063,1.0,,0.0
2026-05-15,10.69,10.36,10.75,10.23,460631.02,478924.262,1.0,,0.0
2026-05-18,10.39,10.68,10.89,10.35,439675.75,470731.707,1.0,,0.0
2026-05-19,10.91,10.87,11.0,10.6,430865.29,466365.985,1.0,,0.0
2026-05-20,10.66,10.5,10.76,10.43,388179.53,409423.048,1.0,,0.0
2026-05-21,10.6,10.09,10.7,10.05,431475.31,450926.06,1.0,,0.0
2026-05-22,10.24,10.42,10.46,10.07,296420.43,305845.669,1.0,,0.0
2026-05-25,10.5,10.61,10.73,10.25,369206.53,388662.626,1.0,,0.0
2026-05-26,10.51,10.09,10.51,9.9,442373.19,446991.583,1.0,,0.0
2026-05-27,10.18,9.86,10.35,9.78,353459.34,354753.9,1.0,,0.0
2026-05-28,9.75,10.59,10.84,9.69,629004.55,652496.037,1.0,,0.0
2026-05-29,10.47,9.8,10.59,9.7,542047.34,546207.88981,1.0,,0.0
2026-06-01,9.7,9.46,9.91,9.4,317683.55,305787.87736,1.0,,0.0
2026-06-02,9.5,9.54,9.72,9.29,252565.43,239873.15282,1.0,,0.0
2026-06-03,9.48,9.75,10.19,9.44,382231.66,378065.51371,1.0,,0.0
2026-06-04,9.61,9.78,9.95,9.53,245961.43,239814.036,1.0,,0.0
2026-06-05,9.91,10.62,10.76,9.85,1395476.4,1480749.217,1.0,,0.0
2026-06-08,10.42,10.37,10.89,10.3,1118569.0,1181992.99809,1.0,,0.0
2026-06-09,10.49,10.88,10.91,10.41,914324.94,982740.77845,1.0,,0.0
2026-06-10,10.74,10.83,11.2,10.65,770424.86,842393.52275,1.0,,0.0
2026-06-11,10.71,10.78,11.17,10.62,681460.33,739276.88454,1.0,,0.0
2026-06-12,10.92,10.5,11.03,10.47,637177.78,683052.98325,1.0,,0.0
2026-06-15,10.52,10.7,10.78,10.3,545304.52,576050.11462,1.0,,0.0
2026-06-16,11.01,11.77,11.77,10.95,728381.62,838174.1479,1.0,,0.0
2026-06-17,11.4,11.7,11.75,11.33,1167627.34,1346235.54816,1.0,,0.0
2026-06-18,11.82,11.72,12.03,11.58,922711.13,1085582.78282,1.0,,0.0
2026-06-22,11.74,11.76,12.22,11.4,873039.47,1020888.51052,1.0,,0.0
2026-06-23,11.64,11.44,11.96,11.33,656687.72,760847.24098,1.0,,0.0
2026-06-24,11.3,11.19,11.5,10.96,625019.38,698828.09038,1.0,,0.0
2026-06-25,11.2,11.04,11.33,10.82,529996.52,586572.12703,1.0,,0.0
2026-06-26,10.93,10.13,11.02,10.11,738899.52,766248.77094,1.0,,0.0
2026-06-29,10.13,9.76,10.2,9.49,554028.64,542348.77771,1.0,,0.0
2026-06-30,9.91,10.74,10.74,9.84,429057.14,450553.02061,1.0,,0.0
2026-07-01,11.12,11.18,11.6,11.12,1104197.74,1250280.04569,1.0,,0.0
2026-07-03,11.01,11.09,11.32,10.94,477057.97,530881.03506,1.0,,0.0
2026-07-06,11.13,10.66,11.28,10.58,550743.37,595938.56066,1.0,,0.0
2026-07-07,10.58,10.11,10.7,10.1,417536.98,430696.2293,1.0,,0.0
2026-07-08,10.26,10.18,10.84,10.12,488926.7,507882.68233,1.0,,0.0
2026-07-09,10.2,10.34,10.38,9.85,446413.02,450123.55994,1.0,,0.0
2026-07-10,10.29,10.52,11.06,10.13,678442.19,722032.60094,1.0,,0.0
2026-07-13,10.43,9.47,10.44,9.47,708993.61,685779.22156,1.0,,0.0
2026-07-14,9.31,8.8,9.35,8.52,563999.42,497026.72993,1.0,,0.0
2026-07-15,8.65,8.53,8.83,8.46,327946.11,282697.73486,1.0,,0.0
2026-07-16,8.46,8.54,8.86,8.31,285342.0,245112.87205,1.0,,0.0
2026-07-17,8.5,7.8,8.53,7.79,428834.45,347154.32342,1.0,,0.0
2026-07-20,7.85,7.34,7.96,7.19,384188.43,290343.80085,1.0,,0.0
2026-07-21,7.35,7.56,7.58,6.76,416335.7,301342.06567,1.0,,0.0
2026-07-22,7.45,7.28,7.54,7.23,308487.72,227720.74748,1.0,,0.0
2026-07-23,7.29,7.52,7.56,7.25,266491.01,198188.54764,1.0,,0.0
2026-07-24,7.45,7.23,7.5,7.22,227341.15,166714.95245,1.0,,0.0
2026-07-27,7.18,7.48,7.5,7.15,241069.9,178444.97628,1.0,,0.0
2026-07-28,7.4,7.5,7.61,7.4,234269.73,175957.00631,1.0,,0.0
2026-07-29,7.5,7.7,7.71,7.37,274222.97,207358.43843,1.0,,0.0
2026-07-30,7.62,7.38,7.71,7.35,274995.01,206744.38241,1.0,,0.0
2026-07-31,7.57,7.55,7.67,7.52,253857.96,192762.44709,1.0,,0.0
2026-08-03,7.57,7.78,7.78,7.54,250618.6,193030.4592,1.0,,0.0
2026-08-04,7.8,7.99,8.04,7.79,239282.3,190240.8726,1.0,,0.0
2026-08-05,8.01,8.27,8.46,7.98,334911.74,275593.58483,1.0,,0.0
2026-08-06,8.25,8.87,8.95,8.16,651568.45,565219.71063,1.0,,0.0
2026-08-07,9.0,9.2,9.56,8.98,818029.69,751430.40996,1.0,,0.0
2026-08-10,9.04,8.81,9.1,8.65,566303.92,497207.86923,1.0,,0.0
2026-08-11,8.63,8.83,9.08,8.61,369399.92,326416.90202,1.0,,0.0
2026-08-12,8.81,8.84,8.88,8.68,247895.91,218000.86385,1.0,2.9241,0.0
2026-08-13,8.89,8.65,8.95,8.65,206535.04,181286.65098,1.0,2.44,0.0
2026-08-14,8.76,9.11,9.16,8.76,474537.88,424814.74564,1.0,5.6,0.0
2026-08-17,9.06,9.22,9.24,8.92,299886.79,273240.85992,1.0,0.0,0.0
2026-08-18,9.18,9.05,9.19,8.91,266181.0,239790.076,1.0,0.0,0.0
2026-08-19,9.04,8.34,9.04,8.32,398309.34,341127.96514,1.0,0.0,0.0
2026-08-20,8.5,8.52,8.63,8.4,208513.7,177761.6685,1.0,2.2778,2.4595
2026-08-21,8.41,8.52,8.57,8.33,167999.15,142294.081,1.0,1.8352,1.9816
2026-08-24,8.5,8.34,8.53,8.17,193320.13,160754.18395,1.0,2.1118,2.2803
2026-08-25,8.2,8.52,8.59,8.14,191610.58,161252.28306,1.0,2.0932,2.2602
2026-08-26,8.53,8.42,8.57,8.33,140909.74,119135.66028,1.0,1.5393,1.6621
2026-08-27,8.37,8.43,8.51,8.33,175791.72,148376.45524,1.0,1.9203,2.0736
2026-08-28,8.4,8.33,8.48,8.29,187035.15,156429.2383,1.0,2.0432,2.2062
2026-08-31,8.29,8.48,8.5,8.24,153862.13,129224.09366,1.0,1.6808,1.8149
2026-09-01,8.45,8.44,8.51,8.35,151572.0,127743.279,1.0,1.6558,1.7879
2026-09-02,8.43,8.42,8.49,8.34,144258.9,121425.0557,1.0,1.5759,1.7016
2026-09-03,8.47,8.29,8.48,8.24,178056.03,148203.75418,1.0,1.9451,2.1003
2026-09-04,8.37,8.17,8.39,8.09,180782.68,149390.28814,1.0,1.9749,2.1324
2026-09-07,8.16,8.07,8.22,8.04,181879.53,147489.28983,1.0,1.9869,2.1454
2026-09-08,8.17,8.18,8.5,8.12,318900.0,264295.519,1.0,3.4837,3.7616
2026-09-09,8.13,8.18,8.37,8.12,279388.32,230457.30858,1.0,3.052,3.2955
2026-09-10,8.1,8.15,8.24,7.97,190112.39,154418.41714,1.0,2.0768,2.2425
2026-09-11,8.06,8.3,8.4,8.05,384669.33,318712.6126,1.0,4.2021,4.5374
2026-09-14,8.24,8.19,8.34,8.06,245640.97,201113.20749,1.0,2.6834,2.8975
2026-09-15,8.15,8.19,8.4,8.13,227493.6,188293.47983,1.0,2.4851,2.6834
2026-09-16,8.15,8.38,8.4,8.13,258356.11,214718.39458,1.0,2.8223,3.0475
2026-09-17,8.32,8.08,8.43,8.05,316276.43,257580.90644,1.0,3.455,3.7307
2026-09-18,8.15,8.13,8.27,8.1,217792.28,177980.3102,1.0,2.3792,2.569
2026-09-21,8.14,8.29,8.31,8.14,234620.4,193616.0816,1.0,2.563,2.7675
2026-09-22,8.35,8.3,8.45,8.27,230747.23,192713.0519,1.0,2.5207,2.7218
2026-09-23,8.26,8.07,8.3,8.0,243977.0,197080.36,1.0,2.6652,2.8778
2026-09-24,8.14,8.15,8.34,8.06,337099.6,276562.98115,1.0,3.6825,3.9763
2026-09-28,8.07,7.75,8.1,7.67,299645.12,234171.27808,1.0,3.2733,3.5345
2026-09-29,7.81,7.74,7.85,7.7,156651.61,121656.73734,1.0,1.7113,1.8478
2026-09-30,7.8,7.58,7.82,7.57,154546.37,118173.85705,1.0,1.6883,1.823
2026-10-08,7.65,7.52,7.78,7.46,181024.18,137946.56918,1.0,1.9775,2.1353
2026-10-09,7.46,7.55,7.58,7.17,215761.2,158865.453,1.0,2.357,2.545
