date,open,close,high,low,volume,money,factor,turnover,turnover_free
2022-09-26,31.2,31.61,33.66,30.7,106332.26,336669.723,1.0,,0.0
2022-09-27,31.0,30.43,31.41,30.19,71723.76,219384.458,1.0,,0.0
2022-09-28,30.1,29.64,31.28,29.29,69794.55,210614.363,1.0,,0.0
2022-09-29,29.98,26.92,29.98,26.8,67124.35,189173.167,1.0,,0.0
2022-09-30,26.65,25.59,27.75,25.55,44070.82,116537.713,1.0,,0.0
2022-10-10,25.6,25.7,26.66,24.75,36740.01,93645.838,1.0,,0.0
2022-10-11,26.66,25.26,26.96,25.11,33143.46,85645.968,1.0,,0.0
2022-10-12,24.5,25.35,25.52,24.33,29396.24,73654.131,1.0,,0.0
2022-10-13,25.3,25.18,25.8,25.03,24284.38,61656.322,1.0,,0.0
2022-10-14,25.53,25.6,26.05,25.31,27398.12,70434.681,1.0,,0.0
2022-10-17,25.51,25.82,25.9,25.36,18098.36,46622.292,1.0,,0.0
2022-10-18,25.78,25.54,25.92,25.41,16971.83,43384.062,1.0,,0.0
2022-10-19,25.45,24.76,25.55,24.74,17799.94,44621.609,1.0,,0.0
2022-10-20,24.62,24.95,24.95,24.54,13918.83,34481.004,1.0,,0.0
2022-10-21,25.0,25.43,25.7,24.68,24611.93,62007.671,1.0,,0.0
2022-10-24,25.39,25.16,25.54,24.8,17368.73,43706.135,1.0,,0.0
2022-10-25,25.36,25.54,25.78,24.8,29902.77,75796.868,1.0,,0.0
2022-10-26,25.33,25.24,25.58,25.07,23368.06,59178.456,1.0,,0.0
2022-10-27,25.46,25.18,25.55,25.1,18841.48,47730.154,1.0,,0.0
2022-10-28,25.07,25.0,25.07,24.56,20473.53,50680.425,1.0,,0.0
2022-10-31,24.8,25.22,25.66,24.8,20916.86,52881.607,1.0,,0.0
2022-11-01,25.31,25.31,25.5,25.02,20126.67,50696.589,1.0,,0.0
2022-11-02,25.32,25.79,25.8,25.18,23884.01,60947.42,1.0,,0.0
2022-11-03,25.69,25.65,25.75,25.46,16652.32,42626.542,1.0,,0.0
2022-11-04,25.69,26.28,26.42,25.52,24251.08,63184.899,1.0,,0.0
2022-11-07,26.28,26.33,26.44,25.95,23819.49,62368.732,1.0,,0.0
2022-11-08,26.33,25.98,26.38,25.85,15210.49,39598.632,1.0,,0.0
2022-11-09,25.94,25.86,26.23,25.83,12238.32,31829.951,1.0,,0.0
2022-11-10,25.7,25.71,26.0,25.65,10988.66,28394.038,1.0,,0.0
2022-11-11,26.16,26.69,27.87,26.0,38026.41,101724.297,1.0,,0.0
2022-11-14,27.55,27.37,28.8,27.33,45557.68,126963.542,1.0,,0.0
2022-11-15,26.88,27.85,28.16,26.88,34703.55,95461.255,1.0,,0.0
2022-11-16,27.6,27.23,27.6,27.01,16102.62,43894.257,1.0,,0.0
2022-11-17,27.04,27.9,28.5,27.04,25547.57,71015.792,1.0,,0.0
2022-11-18,27.9,27.46,28.46,27.46,18680.57,52150.513,1.0,,0.0
2022-11-21,27.3,27.1,27.42,26.7,11048.88,29798.503,1.0,,0.0
2022-11-22,27.3,27.04,28.36,26.99,17810.66,49429.092,1.0,,0.0
2022-11-23,26.91,26.47,27.25,26.26,13340.79,35479.149,1.0,,0.0
2022-11-24,26.81,27.78,28.68,26.7,36020.61,100777.064,1.0,,0.0
2022-11-25,27.74,29.17,29.89,27.74,43420.29,126658.08,1.0,,0.0
2022-11-28,28.34,30.35,30.95,28.01,43163.97,129156.565,1.0,,0.0
2022-11-29,32.0,31.81,32.66,30.88,48490.99,154158.655,1.0,,0.0
2022-11-30,31.5,31.36,32.71,31.05,25531.14,80960.242,1.0,,0.0
2022-12-01,32.03,31.93,32.38,30.88,15825.7,50125.077,1.0,,0.0
2022-12-02,31.95,32.06,32.55,31.59,13004.66,41604.038,1.0,,0.0
2022-12-05,32.0,33.12,33.55,31.21,24527.9,79592.696,1.0,,0.0
2022-12-06,32.72,32.1,32.9,31.51,17233.28,54991.717,1.0,,0.0
2022-12-07,31.75,31.91,32.81,31.3,10377.64,33281.554,1.0,,0.0
2022-12-08,31.91,31.98,32.5,31.61,8296.68,26628.141,1.0,,0.0
2022-12-09,31.98,34.6,34.76,31.78,28215.31,94154.398,1.0,,0.0
2022-12-12,34.59,33.07,34.59,32.84,14024.04,46860.155,1.0,,0.0
2022-12-13,33.0,33.44,34.65,32.7,15346.68,51661.925,1.0,,0.0
2022-12-14,33.44,33.08,34.26,32.7,12020.31,40133.749,1.0,,0.0
2022-12-15,32.68,33.2,33.95,32.38,8619.1,28558.618,1.0,,0.0
2022-12-16,33.03,33.92,34.8,33.03,14446.56,49289.453,1.0,,0.0
2022-12-19,33.6,34.84,35.64,33.6,12832.12,44614.915,1.0,,0.0
2022-12-20,34.8,34.69,34.83,32.58,14331.32,48402.42,1.0,,0.0
2022-12-21,34.51,34.98,35.26,33.82,9574.61,33141.609,1.0,,0.0
2022-12-22,34.99,33.66,35.4,33.08,14626.09,49360.339,1.0,,0.0
2022-12-23,33.0,33.83,34.18,32.54,9562.74,32042.972,1.0,,0.0
2022-12-26,33.79,33.79,34.17,33.18,11800.6,39657.394,1.0,,0.0
2022-12-27,33.68,33.12,33.92,33.0,8416.25,28032.509,1.0,,0.0
2022-12-28,33.65,32.14,33.65,32.01,9158.88,29938.678,1.0,,0.0
2022-12-29,32.82,32.11,33.49,32.02,6405.45,20913.815,1.0,,0.0
2022-12-30,32.04,30.75,32.45,30.67,10739.73,33756.494,1.0,,0.0
2023-01-03,30.87,32.03,32.24,30.7,10964.79,34437.011,1.0,,0.0
2023-01-04,32.25,34.41,35.25,31.51,17389.2,59005.393,1.0,,0.0
2023-01-05,34.61,33.85,35.4,33.16,15930.32,53970.161,1.0,,0.0
2023-01-06,34.19,34.88,35.27,33.61,10351.4,35826.506,1.0,,0.0
2023-01-09,34.5,35.2,35.27,32.55,12722.13,43548.327,1.0,,0.0
2023-01-10,35.4,34.68,35.4,34.09,6181.32,21345.337,1.0,,0.0
2023-01-11,34.69,33.71,34.72,33.71,4117.04,14022.988,1.0,,0.0
2023-01-12,33.71,33.06,34.06,33.0,3096.69,10331.011,1.0,,0.0
2023-01-13,33.05,32.98,34.09,32.5,10107.1,33594.319,1.0,,0.0
2023-01-16,32.59,33.05,33.75,32.59,5538.31,18310.135,1.0,,0.0
2023-01-17,32.9,32.85,33.34,32.72,3424.01,11286.357,1.0,,0.0
2023-01-18,33.1,32.3,33.26,32.15,4970.91,16139.204,1.0,,0.0
2023-01-19,32.48,32.17,32.68,31.9,3496.14,11258.327,1.0,,0.0
2023-01-20,32.23,32.24,32.52,31.92,4159.84,13374.357,1.0,,0.0
2023-01-30,32.52,31.45,32.95,31.36,8643.56,27753.242,1.0,,0.0
2023-01-31,31.47,31.88,32.16,31.15,6177.56,19489.942,1.0,,0.0
2023-02-01,32.05,32.01,32.26,31.5,6058.76,19298.117,1.0,,0.0
2023-02-02,31.79,32.67,32.9,31.67,9243.66,30004.453,1.0,,0.0
2023-02-03,32.7,32.03,32.89,32.0,5727.59,18427.759,1.0,,0.0
2023-02-06,31.9,31.1,32.0,30.89,6458.07,20200.066,1.0,,0.0
2023-02-07,31.42,31.35,31.42,30.68,6339.82,19685.95,1.0,,0.0
2023-02-08,31.01,31.27,31.44,31.01,2863.55,8960.159,1.0,,0.0
2023-02-09,31.27,31.34,31.5,30.93,3510.83,10968.773,1.0,,0.0
2023-02-10,31.41,31.2,31.65,31.13,2433.12,7633.759,1.0,,0.0
2023-02-13,31.9,32.5,32.89,31.31,9860.36,31972.647,1.0,,0.0
2023-02-14,32.49,34.3,35.03,32.49,16928.57,57539.921,1.0,,0.0
2023-02-15,34.29,33.34,34.59,33.25,7836.09,26506.089,1.0,,0.0
2023-02-16,33.3,32.51,34.08,32.39,9515.65,31450.246,1.0,,0.0
2023-02-17,32.99,32.92,33.3,32.0,7720.52,25275.59,1.0,,0.0
2023-02-20,32.73,38.57,39.15,32.62,36661.25,135064.965,1.0,,0.0
2023-02-21,38.57,35.8,38.88,34.59,43708.84,157963.066,1.0,,0.0
2023-02-22,35.01,35.66,36.08,34.2,18267.82,64587.203,1.0,,0.0
2023-02-23,35.9,35.78,37.42,35.61,18030.86,65515.25,1.0,,0.0
2023-02-24,35.77,35.39,36.48,34.96,11021.02,39329.672,1.0,,0.0
2023-02-27,35.5,34.45,35.72,34.2,8471.24,29449.532,1.0,,0.0
2023-02-28,34.16,34.68,34.75,33.68,7332.0,25066.249,1.0,,0.0
2023-03-01,34.0,35.3,35.3,34.0,8969.24,31133.589,1.0,,0.0
2023-03-02,34.86,35.98,36.36,34.6,12020.89,42945.517,1.0,,0.0
2023-03-03,36.5,36.2,36.88,35.95,9923.04,36198.95,1.0,,0.0
2023-03-06,36.27,35.4,36.82,34.97,8672.92,30820.633,1.0,,0.0
2023-03-07,35.42,34.03,36.0,33.98,6618.0,22988.302,1.0,,0.0
2023-03-08,33.7,34.82,34.93,33.6,5852.43,20247.223,1.0,,0.0
2023-03-09,34.87,33.94,34.87,33.61,4510.43,15350.492,1.0,,0.0
2023-03-10,33.81,33.09,33.82,32.95,3835.0,12732.413,1.0,,0.0
2023-03-13,32.88,32.64,33.8,32.5,3948.09,13014.773,1.0,,0.0
2023-03-14,32.64,31.85,32.93,31.61,6108.33,19569.253,1.0,,0.0
2023-03-15,31.78,31.71,32.23,30.91,4634.03,14708.661,1.0,,0.0
2023-03-16,31.45,30.92,31.67,30.92,3154.56,9828.33,1.0,,0.0
2023-03-17,30.92,31.17,31.46,30.92,2224.33,6924.428,1.0,,0.0
2023-03-20,30.98,29.91,31.21,29.76,7213.55,21909.762,1.0,,0.0
2023-03-21,29.9,30.84,31.2,29.32,12941.68,39260.143,1.0,,0.0
2023-03-22,30.83,30.5,32.8,30.33,14151.63,44625.437,1.0,,0.0
2023-03-23,30.46,30.33,30.84,30.05,6095.02,18477.047,1.0,,0.0
2023-03-24,30.4,30.33,31.2,30.1,6621.0,20239.758,1.0,,0.0
2023-03-27,30.03,29.0,30.03,28.44,14894.29,43356.107,1.0,,0.0
2023-03-28,29.01,29.09,29.22,28.68,7081.35,20542.692,1.0,,0.0
2023-03-29,29.12,28.55,29.88,28.2,13497.58,39363.989,1.0,,0.0
2023-03-30,28.04,29.5,29.81,27.91,17773.05,51391.306,1.0,,0.0
2023-03-31,29.38,28.77,29.87,28.66,10441.64,30280.617,1.0,,0.0
2023-04-03,28.77,30.3,30.8,28.77,14367.43,43008.063,1.0,,0.0
2023-04-04,30.23,29.11,30.76,28.86,13228.92,38869.647,1.0,,0.0
2023-04-06,29.25,30.02,30.1,29.06,11490.1,34009.127,1.0,,0.0
2023-04-07,30.0,30.18,31.5,29.81,12238.28,37484.279,1.0,,0.0
2023-04-10,30.07,29.0,30.08,28.4,20235.16,58534.71,1.0,,0.0
2023-04-11,29.05,29.11,29.24,28.59,9658.22,27897.462,1.0,,0.0
2023-04-12,29.0,28.96,29.27,28.7,8722.39,25292.605,1.0,,0.0
2023-04-13,28.98,28.94,29.1,28.53,6129.23,17673.808,1.0,,0.0
2023-04-14,28.94,29.38,29.5,28.8,7882.05,23041.198,1.0,,0.0
2023-04-17,29.5,29.36,29.96,29.0,7075.01,20927.732,1.0,,0.0
2023-04-18,29.6,29.15,29.66,29.0,8407.67,24581.596,1.0,,0.0
2023-04-19,28.9,28.22,29.44,27.98,8830.54,25124.702,1.0,,0.0
2023-04-20,28.22,27.81,28.37,27.71,6075.54,16977.619,1.0,,0.0
2023-04-21,27.8,27.56,28.13,27.07,10944.35,30112.252,1.0,,0.0
2023-04-24,27.57,26.6,27.57,26.4,10333.39,27567.072,1.0,,0.0
2023-04-25,26.79,26.1,26.83,25.85,12526.76,32910.489,1.0,,0.0
2023-04-26,26.37,26.6,26.77,25.68,6199.43,16361.721,1.0,,0.0
2023-04-27,26.59,26.27,26.81,26.2,5283.46,14025.122,1.0,,0.0
2023-04-28,26.12,26.55,26.83,26.12,4138.43,10896.242,1.0,,0.0
2023-05-04,26.29,25.96,26.49,25.95,5288.22,13842.229,1.0,,0.0
2023-05-05,26.1,25.74,26.1,25.35,6139.11,15789.249,1.0,,0.0
2023-05-08,25.75,25.86,26.08,25.51,4767.24,12285.757,1.0,,0.0
2023-05-09,25.68,25.52,26.0,25.46,4925.81,12656.699,1.0,,0.0
2023-05-10,25.5,25.62,25.82,25.29,6183.94,15791.683,1.0,,0.0
2023-05-11,25.42,25.81,25.92,25.41,4397.88,11340.615,1.0,,0.0
2023-05-12,25.81,25.59,26.08,25.36,5528.76,14181.35,1.0,,0.0
2023-05-15,25.93,25.78,26.33,25.01,10285.34,26236.185,1.0,,0.0
2023-05-16,25.65,25.64,25.98,25.52,6970.92,17942.77,1.0,,0.0
2023-05-17,25.38,26.18,26.19,25.38,6115.3,15839.073,1.0,,0.0
2023-05-18,26.02,26.14,26.32,25.8,5086.96,13256.21,1.0,,0.0
2023-05-19,25.93,25.93,26.23,25.78,6585.78,17100.559,1.0,,0.0
2023-05-22,25.98,26.72,26.8,25.95,7477.38,19807.991,1.0,,0.0
2023-05-23,26.75,26.51,27.24,26.4,5423.87,14460.648,1.0,,0.0
2023-05-24,26.51,26.63,26.76,26.13,7862.91,20810.68,1.0,,0.0
2023-05-25,26.63,26.61,26.89,26.21,5768.94,15313.359,1.0,,0.0
2023-05-26,26.63,26.49,26.63,26.1,5221.18,13770.625,1.0,,0.0
2023-05-29,25.36,25.37,25.97,25.1,4874.18,12343.445,1.0,,0.0
2023-05-30,25.48,25.49,25.6,25.19,3544.48,9016.405,1.0,,0.0
2023-05-31,25.5,25.3,25.5,25.15,4340.76,10966.135,1.0,,0.0
2023-06-01,25.23,25.28,25.47,25.05,3403.42,8605.418,1.0,,0.0
2023-06-02,25.47,27.19,27.45,25.19,21413.37,56819.291,1.0,,0.0
2023-06-05,26.8,26.07,26.8,25.75,16993.83,44388.181,1.0,,0.0
2023-06-06,25.88,27.01,28.6,25.81,26879.9,73169.944,1.0,,0.0
2023-06-07,26.87,26.35,27.71,26.08,20780.68,55668.086,1.0,,0.0
2023-06-08,26.11,27.3,27.61,25.71,23383.41,62665.089,1.0,,0.0
2023-06-09,27.03,26.92,27.4,26.29,20005.24,53445.543,1.0,,0.0
2023-06-12,26.64,27.33,27.39,25.97,20767.5,55674.437,1.0,,0.0
2023-06-13,27.08,27.36,27.9,26.86,15831.66,43313.627,1.0,,0.0
2023-06-14,27.23,28.33,28.48,27.23,23298.27,65541.949,1.0,,0.0
2023-06-15,28.04,28.21,29.38,27.7,22253.44,63367.706,1.0,,0.0
2023-06-16,28.17,28.2,28.41,27.85,11194.88,31431.241,1.0,,0.0
2023-06-19,27.79,27.0,27.79,26.8,16247.92,43981.705,1.0,,0.0
2023-06-20,26.98,26.34,26.98,26.16,11813.57,31164.631,1.0,,0.0
2023-06-21,26.2,25.7,26.35,25.66,7463.54,19295.708,1.0,,0.0
2023-06-26,25.69,25.88,26.37,25.5,6338.96,16412.614,1.0,,0.0
2023-06-27,25.67,28.13,28.6,25.67,31850.55,87934.617,1.0,,0.0
2023-06-28,28.11,28.18,28.49,27.69,14720.6,41259.303,1.0,,0.0
2023-06-29,28.4,27.73,28.5,27.6,9282.23,25926.36,1.0,,0.0
2023-06-30,28.5,27.73,28.95,27.5,22090.79,62401.528,1.0,,0.0
2023-07-03,27.61,28.06,28.55,27.5,11445.44,32064.246,1.0,,0.0
2023-07-04,27.94,27.84,27.97,27.62,5322.04,14798.285,1.0,,0.0
2023-07-05,27.75,27.55,27.99,27.52,4787.34,13265.246,1.0,,0.0
2023-07-06,27.73,28.17,28.53,27.27,11911.5,33535.963,1.0,,0.0
2023-07-07,28.18,28.54,29.5,28.0,17210.23,49550.575,1.0,,0.0
2023-07-10,28.55,28.51,28.99,28.07,7337.11,20967.794,1.0,,0.0
2023-07-11,28.46,29.09,29.37,28.26,12735.23,36806.433,1.0,,0.0
2023-07-12,29.1,28.56,29.31,28.51,5343.11,15381.315,1.0,,0.0
2023-07-13,28.58,28.63,29.37,28.4,7628.1,21995.862,1.0,,0.0
2023-07-14,28.64,28.52,28.86,28.38,4555.67,13009.755,1.0,,0.0
2023-07-17,28.82,29.79,29.9,28.5,19186.42,56292.9,1.0,,0.0
2023-07-18,29.69,28.59,29.69,28.05,17047.36,48736.587,1.0,,0.0
2023-07-19,28.52,29.03,29.18,28.22,11042.73,31766.699,1.0,,0.0
2023-07-20,29.0,28.68,29.73,28.6,11234.98,32803.874,1.0,,0.0
2023-07-21,28.51,28.57,29.3,28.46,6778.4,19412.88,1.0,,0.0
2023-07-24,28.8,28.05,29.19,27.96,7697.27,21762.929,1.0,,0.0
2023-07-25,28.15,30.0,31.31,28.05,33302.27,99995.521,1.0,,0.0
2023-07-26,29.62,31.23,31.9,29.59,43789.04,135996.391,1.0,,0.0
2023-07-27,30.73,31.85,32.8,30.13,39314.16,124075.596,1.0,,0.0
2023-07-28,33.8,34.66,38.22,33.76,94145.83,335565.092,1.0,,0.0
2023-07-31,34.0,36.16,38.2,33.2,96693.75,346350.176,1.0,,0.0
2023-08-01,34.06,32.75,35.8,32.58,68423.05,232080.795,1.0,,0.0
2023-08-02,32.74,31.75,33.6,31.38,44384.43,143221.965,1.0,,0.0
2023-08-03,31.44,32.25,32.51,31.18,35140.49,112064.082,1.0,,0.0
2023-08-04,33.26,32.42,34.98,32.34,37705.49,126566.084,1.0,,0.0
2023-08-07,32.2,31.09,32.77,30.84,30786.74,96969.958,1.0,,0.0
2023-08-08,31.19,30.69,31.4,30.2,17133.77,52542.614,1.0,,0.0
2023-08-09,30.6,31.42,31.5,30.48,17762.08,55438.677,1.0,,0.0
2023-08-10,31.6,31.19,31.6,30.66,9656.3,29928.403,1.0,,0.0
2023-08-11,31.26,32.03,32.48,30.75,27796.73,88024.065,1.0,,0.0
2023-08-14,32.0,31.01,32.0,29.46,25940.31,79316.63,1.0,,0.0
2023-08-15,31.0,30.52,31.57,30.08,16178.7,49478.325,1.0,,0.0
2023-08-16,30.52,31.65,32.26,30.0,18165.5,56864.716,1.0,,0.0
2023-08-17,31.05,31.7,31.73,30.68,13596.52,42594.616,1.0,,0.0
2023-08-18,31.36,31.89,32.17,31.27,16869.3,53632.688,1.0,,0.0
2023-08-21,31.82,31.97,32.5,30.55,16686.68,52753.622,1.0,,0.0
2023-08-22,31.85,31.12,32.0,30.86,15831.23,49528.171,1.0,,0.0
2023-08-23,31.18,30.26,31.18,30.2,12137.78,37058.085,1.0,,0.0
2023-08-24,30.35,29.58,30.5,29.22,12140.58,35975.924,1.0,,0.0
2023-08-25,29.58,29.97,30.46,28.79,14182.96,41993.746,1.0,,0.0
2023-08-28,32.05,32.64,34.97,30.7,37219.33,122263.385,1.0,,0.0
2023-08-29,32.01,33.88,33.91,31.63,34080.42,112311.26,1.0,,0.0
2023-08-30,33.17,33.54,34.01,32.81,20867.29,69734.926,1.0,,0.0
2023-08-31,33.6,34.04,35.5,33.3,36598.95,126042.596,1.0,,0.0
2023-09-01,38.49,32.91,40.0,32.5,70148.24,246797.047,1.0,,0.0
2023-09-04,32.6,34.09,34.86,32.6,57737.6,194359.589,1.0,,0.0
2023-09-05,33.2,32.11,33.9,31.8,36981.72,120629.319,1.0,,0.0
2023-09-06,32.0,31.71,32.1,31.03,21564.44,68029.642,1.0,,0.0
2023-09-07,31.74,31.28,33.69,31.23,25985.37,84103.52,1.0,,0.0
2023-09-08,31.11,31.3,31.57,30.59,15216.76,47176.634,1.0,,0.0
2023-09-11,31.25,30.84,31.4,30.58,11158.11,34502.478,1.0,,0.0
2023-09-12,30.67,30.76,31.0,30.3,8095.0,24835.169,1.0,,0.0
2023-09-13,30.96,30.35,30.96,30.11,8786.8,26732.017,1.0,,0.0
2023-09-14,30.7,29.98,30.7,29.65,7828.0,23490.914,1.0,,0.0
2023-09-15,30.39,29.8,30.39,29.65,4996.29,14953.946,1.0,,0.0
2023-09-18,29.91,30.41,30.5,29.31,5784.67,17458.939,1.0,,0.0
2023-09-19,30.41,30.06,30.53,30.01,3737.93,11277.033,1.0,,0.0
2023-09-20,30.06,29.94,30.31,29.67,4315.0,12943.346,1.0,,0.0
2023-09-21,29.94,29.77,30.3,29.3,7672.0,22800.488,1.0,,0.0
2023-09-22,29.75,29.92,30.17,29.71,6051.0,18088.894,1.0,,0.0
2023-09-25,29.69,30.12,30.48,29.69,6875.24,20721.996,1.0,,0.0
2023-09-26,30.03,29.92,30.37,29.87,5794.46,17398.584,1.0,,0.0
2023-09-27,29.98,29.61,30.58,29.5,8464.98,25371.801,1.0,,0.0
2023-09-28,29.79,29.53,29.97,29.42,8074.57,23977.61,1.0,,0.0
2023-10-09,29.72,29.42,29.8,29.0,9063.37,26512.315,1.0,,0.0
2023-10-10,29.42,29.09,29.68,28.95,5107.82,14926.708,1.0,,0.0
2023-10-11,29.08,28.46,29.08,28.1,9645.68,27636.859,1.0,,0.0
2023-10-12,28.46,28.14,28.5,28.08,6698.17,18880.034,1.0,,0.0
2023-10-13,28.14,27.54,28.14,27.39,9096.0,25111.755,1.0,,0.0
2023-10-16,27.6,27.49,27.92,27.17,7434.51,20460.293,1.0,,0.0
2023-10-17,27.65,27.69,28.02,27.22,8258.71,22771.697,1.0,,0.0
2023-10-18,27.58,27.81,27.92,27.38,22280.46,61617.873,1.0,,0.0
2023-10-19,27.81,28.78,29.58,27.42,19001.14,54641.591,1.0,,0.0
2023-10-20,28.61,27.44,28.63,27.31,9904.0,27638.409,1.0,,0.0
2023-10-23,27.5,27.0,27.67,26.7,7064.5,19135.024,1.0,,0.0
2023-10-24,26.95,27.79,27.79,26.8,6819.0,18722.437,1.0,,0.0
2023-10-25,27.62,28.19,28.38,27.62,6497.15,18160.388,1.0,,0.0
2023-10-26,28.1,28.43,28.5,27.89,4794.7,13518.611,1.0,,0.0
2023-10-27,29.0,30.47,30.57,28.8,22427.47,67203.105,1.0,,0.0
2023-10-30,30.66,30.89,31.51,29.89,20535.34,63657.079,1.0,,0.0
2023-10-31,30.67,29.85,31.11,29.69,11653.0,35245.884,1.0,,0.0
2023-11-01,29.72,30.2,30.35,29.5,10950.39,32876.13,1.0,,0.0
2023-11-02,30.7,29.58,30.7,29.5,7210.84,21422.113,1.0,,0.0
2023-11-03,29.46,29.59,29.8,29.38,5426.99,16082.13,1.0,,0.0
2023-11-06,29.62,29.82,30.1,29.52,7650.08,22828.773,1.0,,0.0
2023-11-07,29.79,29.7,29.88,29.08,7052.79,20808.187,1.0,,0.0
2023-11-08,29.85,29.88,30.09,29.67,5513.42,16454.074,1.0,,0.0
2023-11-09,30.05,29.8,30.05,29.56,6010.25,17929.608,1.0,,0.0
2023-11-10,29.79,29.95,30.08,29.59,5037.08,15026.118,1.0,,0.0
2023-11-13,29.9,29.98,30.32,29.72,6140.0,18391.94,1.0,,0.0
2023-11-14,30.04,29.82,30.15,29.66,4501.87,13438.453,1.0,,0.0
2023-11-15,30.07,30.14,30.43,29.81,5705.84,17174.137,1.0,,0.0
2023-11-16,30.0,30.1,30.45,29.8,6070.99,18277.185,1.0,,0.0
2023-11-17,30.3,30.15,30.34,29.9,4307.0,12975.86,1.0,,0.0
2023-11-20,30.5,30.16,30.5,29.85,4935.6,14855.453,1.0,,0.0
2023-11-21,30.3,30.7,31.34,30.2,13329.0,41151.479,1.0,,0.0
2023-11-22,30.46,30.85,31.2,30.33,10260.0,31669.21,1.0,,0.0
2023-11-23,30.54,31.39,32.03,30.49,16573.33,51986.687,1.0,,0.0
2023-11-24,31.41,31.32,31.7,31.09,10368.0,32458.477,1.0,,0.0
2023-11-27,30.9,29.76,30.92,29.6,13269.0,39918.047,1.0,,0.0
2023-11-28,29.75,30.0,30.19,29.54,7636.55,22896.478,1.0,,0.0
2023-11-29,29.85,29.5,30.2,29.38,5875.0,17392.07,1.0,,0.0
2023-11-30,29.51,29.57,29.74,29.14,4855.99,14289.033,1.0,,0.0
2023-12-01,29.56,29.54,29.89,29.16,7240.0,21374.864,1.0,,0.0
2023-12-04,29.54,29.91,30.18,29.0,12647.36,37498.162,1.0,,0.0
2023-12-05,29.55,29.53,29.84,29.31,7180.25,21202.454,1.0,,0.0
2023-12-06,29.52,29.16,29.57,29.03,5052.38,14784.804,1.0,,0.0
2023-12-07,29.16,29.36,29.48,29.04,5986.54,17519.891,1.0,,0.0
2023-12-08,29.36,28.45,29.44,28.44,5298.0,15285.086,1.0,,0.0
2023-12-11,28.61,28.48,28.74,28.17,8245.0,23447.025,1.0,,0.0
2023-12-12,28.87,28.75,28.87,28.06,5613.93,15967.387,1.0,,0.0
2023-12-13,28.47,28.34,28.59,28.0,5015.0,14213.028,1.0,,0.0
2023-12-14,28.31,28.25,28.65,28.14,3089.51,8754.289,1.0,,0.0
2023-12-15,28.3,28.4,29.06,28.3,8538.84,24423.512,1.0,,0.0
2023-12-18,28.75,27.99,28.85,27.88,6377.22,18059.196,1.0,,0.0
2023-12-19,28.0,27.7,28.38,27.51,10256.51,28527.03,1.0,,0.0
2023-12-20,27.7,27.09,27.99,27.0,9829.0,26983.965,1.0,,0.0
2023-12-21,27.25,27.52,27.66,26.82,6947.52,18992.39,1.0,,0.0
2023-12-22,27.97,27.19,28.03,27.06,6610.83,18070.184,1.0,,0.0
2023-12-25,27.19,26.37,27.38,26.28,8395.0,22330.652,1.0,,0.0
2023-12-26,26.51,26.28,26.63,26.17,8524.8,22472.969,1.0,,0.0
2023-12-27,26.28,26.6,26.67,26.13,5453.13,14404.029,1.0,,0.0
2023-12-28,26.76,27.37,27.51,26.32,7653.54,20694.368,1.0,,0.0
2023-12-29,27.32,27.07,27.45,26.76,13303.84,36023.409,1.0,,0.0
2024-01-02,27.19,27.67,27.81,27.09,16484.84,45384.53,1.0,,0.0
2024-01-03,27.61,27.55,27.75,27.31,9660.0,26607.504,1.0,,0.0
2024-01-04,27.69,27.66,27.75,27.21,6389.41,17600.24,1.0,,0.0
2024-01-05,27.6,27.4,28.06,27.36,5795.0,16038.559,1.0,,0.0
2024-01-08,27.55,26.84,27.8,26.83,6397.84,17347.491,1.0,,0.0
2024-01-09,27.05,27.05,27.54,26.8,8030.0,21754.396,1.0,,0.0
2024-01-10,27.11,26.95,27.25,26.59,6380.0,17172.231,1.0,,0.0
2024-01-11,26.8,27.1,27.19,26.63,6107.0,16485.516,1.0,,0.0
2024-01-12,26.96,26.92,27.65,26.73,9726.0,26455.223,1.0,,0.0
2024-01-15,27.07,27.06,27.26,26.62,6196.0,16733.965,1.0,,0.0
2024-01-16,26.98,27.16,27.18,26.75,6835.51,18426.348,1.0,,0.0
2024-01-17,27.11,26.73,27.33,26.71,5016.19,13587.225,1.0,,0.0
2024-01-18,26.69,26.29,26.73,25.53,10117.0,26293.433,1.0,,0.0
2024-01-19,26.28,25.82,26.46,25.75,6644.8,17253.935,1.0,,0.0
2024-01-22,25.74,24.35,26.03,24.05,9138.0,22732.218,1.0,,0.0
2024-01-23,24.32,24.37,24.55,23.41,12565.83,30079.712,1.0,,0.0
2024-01-24,24.49,24.78,25.19,23.9,10600.52,25997.568,1.0,,0.0
2024-01-25,24.77,26.45,26.62,24.69,13375.24,34526.836,1.0,,0.0
2024-01-26,26.34,27.15,27.35,26.34,10518.16,28485.565,1.0,,0.0
2024-01-29,26.79,25.4,27.08,25.27,15969.53,41228.329,1.0,,0.0
2024-01-30,25.23,24.32,25.54,24.32,9593.84,23787.822,1.0,,0.0
2024-01-31,24.2,23.01,24.22,23.0,9696.04,22754.913,1.0,,0.0
2024-02-01,22.88,22.0,23.07,21.7,12775.38,28253.204,1.0,,0.0
2024-02-02,21.89,20.54,22.43,19.92,13044.11,27550.921,1.0,,0.0
2024-02-05,20.37,19.02,20.54,17.6,18132.89,33913.065,1.0,,0.0
2024-02-06,19.71,21.97,22.82,19.21,37532.23,80408.995,1.0,,0.0
2024-02-07,20.98,21.0,21.3,20.1,40103.51,82280.231,1.0,,0.0
2024-02-08,21.25,24.01,24.19,20.62,30692.07,69631.077,1.0,,0.0
2024-02-19,23.22,23.92,24.66,23.1,19198.66,45679.829,1.0,,0.0
2024-02-20,23.81,24.11,24.8,23.66,11152.16,26932.626,1.0,,0.0
2024-02-21,24.0,25.72,26.87,23.42,21747.68,55318.841,1.0,,0.0
2024-02-22,25.41,25.62,25.77,25.01,10102.9,25673.761,1.0,,0.0
2024-02-23,25.7,25.55,25.73,25.2,13563.15,34505.815,1.0,,0.0
2024-02-26,25.55,25.81,26.18,25.21,10919.22,27960.703,1.0,,0.0
2024-02-27,25.81,25.7,25.81,25.24,11127.0,28462.577,1.0,,0.0
2024-02-28,25.55,25.23,26.06,24.66,17515.0,44395.162,1.0,,0.0
2024-02-29,24.41,25.57,25.7,24.0,13036.0,32805.335,1.0,,0.0
2024-03-01,25.48,25.07,25.68,25.03,8137.62,20480.313,1.0,,0.0
2024-03-04,24.75,24.94,25.37,24.67,7530.19,18864.129,1.0,,0.0
2024-03-05,24.8,24.39,25.12,24.37,5983.11,14831.371,1.0,,0.0
2024-03-06,24.4,25.55,25.78,24.12,9956.54,25013.223,1.0,,0.0
2024-03-07,25.57,25.95,26.66,25.43,11857.17,30892.243,1.0,,0.0
2024-03-08,25.76,26.95,27.33,25.76,19954.34,53592.068,1.0,,0.0
2024-03-11,27.0,27.1,27.45,26.68,9496.59,25759.725,1.0,,0.0
2024-03-12,27.1,27.31,27.7,26.9,8009.38,21854.776,1.0,,0.0
2024-03-13,27.23,27.6,27.88,26.92,12565.39,34471.048,1.0,,0.0
2024-03-14,27.6,26.85,27.85,26.56,7840.11,21300.223,1.0,,0.0
2024-03-15,26.84,26.63,26.94,26.32,6026.0,15990.06,1.0,,0.0
2024-03-18,26.76,27.0,27.02,26.7,4353.2,11718.732,1.0,,0.0
2024-03-19,27.01,26.98,27.39,26.71,4867.0,13144.165,1.0,,0.0
2024-03-20,27.03,27.05,27.35,26.8,3856.71,10433.853,1.0,,0.0
2024-03-21,27.24,26.94,27.28,26.78,4030.0,10901.904,1.0,,0.0
2024-03-22,27.01,26.24,27.1,26.19,5735.0,15159.21,1.0,,0.0
2024-03-25,26.4,26.53,27.15,26.25,8279.85,22155.968,1.0,,0.0
2024-03-26,26.42,26.56,26.97,26.34,5484.03,14608.559,1.0,,0.0
2024-03-27,26.4,25.73,26.64,25.73,6397.76,16751.215,1.0,,0.0
2024-03-28,25.7,26.0,26.47,25.51,6413.44,16800.806,1.0,,0.0
2024-03-29,26.06,26.39,26.57,25.89,6326.41,16611.069,1.0,,0.0
2024-04-01,26.48,26.91,27.1,26.48,5086.4,13647.076,1.0,,0.0
2024-04-02,27.29,28.0,28.8,27.05,18107.49,50603.64,1.0,,0.0
2024-04-03,27.0,29.05,30.66,27.0,29143.73,84772.256,1.0,,0.0
2024-04-08,28.34,26.84,28.67,26.8,16128.04,44588.194,1.0,,0.0
2024-04-09,26.75,27.2,27.59,26.22,9066.3,24480.742,1.0,,0.0
2024-04-10,27.21,27.51,31.75,25.68,26359.1,72915.558,1.0,,0.0
2024-04-11,27.4,26.45,27.4,25.81,14416.84,38310.184,1.0,,0.0
2024-04-12,26.36,25.71,26.76,25.37,8178.84,21236.936,1.0,,0.0
2024-04-15,25.62,24.86,25.99,24.34,9324.18,23128.299,1.0,,0.0
2024-04-16,24.53,23.17,24.53,23.03,10510.63,24750.859,1.0,,0.0
2024-04-17,23.51,24.5,24.58,23.4,8526.18,20569.103,1.0,,0.0
2024-04-18,24.38,24.92,25.6,24.32,7306.03,18294.143,1.0,,0.0
2024-04-19,24.6,24.59,25.47,24.3,5951.74,14639.157,1.0,,0.0
2024-04-22,24.7,25.28,25.5,24.33,6079.8,15244.863,1.0,,0.0
2024-04-23,25.0,25.8,26.0,25.0,3998.13,10224.738,1.0,,0.0
2024-04-24,25.54,26.69,26.77,25.43,5500.0,14508.527,1.0,,0.0
2024-04-25,26.54,26.86,27.06,26.4,4296.12,11529.104,1.0,,0.0
2024-04-26,26.5,25.35,26.78,24.77,15111.09,38167.327,1.0,,0.0
2024-04-29,25.0,26.29,27.65,24.5,16108.19,41782.686,1.0,,0.0
2024-04-30,26.65,25.42,26.67,25.28,11750.53,30101.804,1.0,,0.0
2024-05-06,25.78,25.59,26.1,25.46,13191.89,33977.1,1.0,,0.0
2024-05-07,25.58,24.94,25.58,24.72,17353.26,43423.445,1.0,,0.0
2024-05-08,24.86,24.28,24.86,24.23,7071.55,17299.967,1.0,,0.0
2024-05-09,24.3,24.66,24.7,24.3,6137.0,15070.184,1.0,,0.0
2024-05-10,24.7,25.1,25.59,24.22,13415.14,33588.573,1.0,,0.0
2024-05-13,24.75,23.93,24.77,23.93,11497.0,27841.274,1.0,,0.0
2024-05-14,23.88,24.03,24.23,23.8,5302.2,12726.899,1.0,,0.0
2024-05-15,23.92,24.12,24.58,23.73,12059.38,29174.777,1.0,,0.0
2024-05-16,24.1,25.88,26.5,23.91,49313.75,125504.524,1.0,,0.0
2024-05-17,25.82,26.24,26.41,24.37,59381.15,151456.756,1.0,,0.0
2024-05-20,26.19,25.4,26.43,25.01,39866.89,102303.845,1.0,,0.0
2024-05-21,25.0,24.51,25.34,24.45,25538.48,63443.08,1.0,,0.0
2024-05-22,24.8,24.69,25.68,24.41,33660.84,84122.22,1.0,,0.0
2024-05-23,24.2,23.62,24.5,23.41,27059.65,64252.153,1.0,,0.0
2024-05-24,23.48,23.1,23.48,22.88,12502.19,28922.727,1.0,,0.0
2024-05-27,22.92,23.12,23.25,22.54,10247.95,23456.58,1.0,,0.0
2024-05-28,22.64,22.5,22.85,22.25,7708.0,17336.335,1.0,,0.0
2024-05-29,22.49,22.8,23.04,22.4,6757.89,15417.95,1.0,,0.0
2024-05-30,22.52,22.44,22.73,22.32,7623.71,17123.64,1.0,,0.0
2024-05-31,22.43,22.33,22.94,22.3,6878.35,15471.566,1.0,,0.0
2024-06-03,22.3,21.85,22.35,21.7,8098.76,17725.313,1.0,,0.0
2024-06-04,21.84,21.7,21.84,21.4,4556.53,9837.373,1.0,,0.0
2024-06-05,21.55,21.01,21.72,20.96,9179.46,19531.569,1.0,,0.0
2024-06-06,21.3,20.02,21.3,20.01,14230.76,28882.166,1.0,,0.0
2024-06-07,20.17,20.33,20.49,20.03,8548.23,17314.527,1.0,,0.0
2024-06-11,20.23,20.48,20.58,19.88,6930.3,14041.357,1.0,,0.0
2024-06-12,20.33,20.42,20.6,20.31,5350.84,10936.457,1.0,,0.0
2024-06-13,20.38,20.37,20.59,20.14,3323.73,6757.501,1.0,,0.0
2024-06-14,20.5,20.6,20.7,19.82,5891.86,12067.969,1.0,,0.0
2024-06-17,20.45,20.2,20.55,20.11,6374.24,12891.626,1.0,,0.0
2024-06-18,20.11,20.3,20.38,20.11,4530.57,9187.072,1.0,,0.0
2024-06-19,20.39,20.21,20.46,20.11,3182.29,6451.093,1.0,,0.0
2024-06-20,20.42,19.87,20.42,19.85,6506.32,13044.573,1.0,,0.0
2024-06-21,19.88,19.47,20.03,19.44,8507.0,16703.93,1.0,,0.0
2024-06-24,19.43,18.6,19.44,18.57,7028.32,13236.87,1.0,,0.0
2024-06-25,18.8,18.93,19.3,18.6,8085.84,15326.688,1.0,,0.0
2024-06-26,18.99,19.36,19.38,18.69,5618.43,10719.659,1.0,,0.0
2024-06-27,19.27,19.09,19.56,19.08,5264.61,10147.345,1.0,,0.0
2024-06-28,19.28,18.81,19.3,18.74,6569.96,12518.969,1.0,,0.0
2024-07-01,18.9,19.12,19.25,18.89,8490.9,16190.922,1.0,,0.0
2024-07-02,19.01,18.38,19.16,18.38,15429.0,28847.171,1.0,,0.0
2024-07-03,18.31,18.0,18.44,17.86,16368.97,29564.522,1.0,,0.0
2024-07-04,18.08,17.22,18.09,17.15,14819.0,25868.68,1.0,,0.0
2024-07-05,17.28,17.6,17.8,17.03,9524.63,16706.88,1.0,,0.0
2024-07-08,17.7,17.42,17.94,17.41,8594.0,15163.537,1.0,,0.0
2024-07-09,17.42,17.52,17.68,17.03,6548.0,11393.198,1.0,,0.0
2024-07-10,17.61,17.28,17.61,17.24,4843.11,8423.586,1.0,,0.0
2024-07-11,17.88,17.75,17.88,17.49,5575.94,9860.473,1.0,,0.0
2024-07-12,17.85,17.69,18.07,17.64,6313.43,11270.126,1.0,,0.0
2024-07-15,17.44,17.14,17.68,16.93,10869.04,18635.889,1.0,,0.0
2024-07-16,17.15,17.07,17.25,16.87,4692.55,8020.936,1.0,,0.0
2024-07-17,17.03,17.15,17.35,17.02,7597.72,13089.907,1.0,,0.0
2024-07-18,17.02,17.03,17.22,16.77,5400.91,9158.704,1.0,,0.0
2024-07-19,17.02,17.19,17.36,16.85,5089.84,8714.916,1.0,,0.0
2024-07-22,17.29,17.41,17.5,17.18,3808.61,6603.498,1.0,,0.0
2024-07-23,17.2,16.97,17.56,16.96,5337.71,9177.857,1.0,,0.0
2024-07-24,16.91,16.62,17.1,16.51,6075.93,10149.194,1.0,,0.0
2024-07-25,16.44,16.83,16.9,16.33,4848.0,8113.23,1.0,,0.0
2024-07-26,16.84,17.08,17.18,16.84,5746.0,9819.424,1.0,,0.0
2024-07-29,17.25,17.42,17.44,16.84,9085.73,15632.285,1.0,,0.0
2024-07-30,17.76,17.99,18.1,17.5,23657.69,42299.388,1.0,,0.0
2024-07-31,17.82,18.66,19.48,17.78,28680.17,52316.213,1.0,,0.0
2024-08-01,19.19,18.02,19.19,17.93,33061.51,61213.23,1.0,,0.0
2024-08-02,17.7,17.59,18.1,17.51,12535.0,22242.626,1.0,,0.0
2024-08-05,17.26,16.85,17.66,16.7,15309.53,26354.039,1.0,,0.0
2024-08-06,17.03,17.28,17.3,16.97,9790.85,16798.568,1.0,,0.0
2024-08-07,17.28,17.3,17.39,17.09,6803.69,11745.845,1.0,,0.0
2024-08-08,17.22,17.14,17.54,16.92,7643.4,13158.207,1.0,,0.0
2024-08-09,17.3,17.29,17.78,17.23,10003.55,17493.655,1.0,,0.0
2024-08-12,17.14,17.08,17.37,16.95,8066.0,13791.316,1.0,,0.0
2024-08-13,17.03,17.04,17.15,16.78,10356.0,17512.917,1.0,,0.0
2024-08-14,17.09,16.94,17.23,16.88,7215.0,12316.836,1.0,,0.0
2024-08-15,16.9,17.01,17.17,16.58,10483.11,17715.713,1.0,,0.0
2024-08-16,15.6,14.89,15.98,14.85,40161.18,60919.682,1.0,,0.0
2024-08-19,14.64,15.28,15.3,14.64,22024.0,33157.772,1.0,,0.0
2024-08-20,15.14,14.95,15.25,14.76,12398.0,18514.823,1.0,,0.0
2024-08-21,14.95,15.01,15.06,14.84,7659.08,11461.642,1.0,,0.0
2024-08-22,15.01,14.71,15.15,14.68,7185.09,10682.663,1.0,,0.0
2024-08-23,14.71,14.4,14.79,14.4,8686.86,12620.935,1.0,,0.0
2024-08-26,14.31,14.75,14.82,14.28,15470.84,22564.97,1.0,,0.0
2024-08-27,14.74,14.76,14.85,14.48,7807.08,11462.413,1.0,,0.0
2024-08-28,14.61,14.79,15.06,14.56,8315.93,12323.766,1.0,,0.0
2024-08-29,14.79,14.99,15.04,14.62,7602.01,11292.241,1.0,,0.0
2024-08-30,14.88,15.2,15.79,14.82,13274.89,20313.8,1.0,,0.0
2024-09-02,15.12,14.86,15.29,14.86,9164.0,13771.203,1.0,,0.0
2024-09-03,14.87,15.04,15.23,14.77,6708.84,10094.641,1.0,,0.0
2024-09-04,14.9,14.85,15.1,14.82,5086.65,7604.474,1.0,,0.0
2024-09-05,14.9,14.97,15.1,14.86,5339.0,8010.781,1.0,,0.0
2024-09-06,14.98,14.61,15.08,14.61,7343.84,10850.501,1.0,,0.0
2024-09-09,14.53,14.92,15.53,14.42,15143.62,22657.155,1.0,,0.0
2024-09-10,14.75,15.48,16.85,14.75,23636.19,36637.245,1.0,,0.0
2024-09-11,15.4,15.08,15.79,15.02,19397.75,29717.441,1.0,,0.0
2024-09-12,15.05,14.89,15.3,14.89,12877.23,19455.394,1.0,,0.0
2024-09-13,14.82,14.53,14.99,14.45,11853.42,17364.947,1.0,,0.0
2024-09-18,14.65,14.34,14.65,14.03,10265.84,14638.387,1.0,,0.0
2024-09-19,14.56,14.85,15.25,14.46,12136.79,17982.709,1.0,,0.0
2024-09-20,14.85,14.61,14.9,14.48,8508.95,12443.751,1.0,,0.0
2024-09-23,14.49,14.46,14.78,14.44,6068.84,8849.003,1.0,,0.0
2024-09-24,14.57,15.14,15.17,14.57,17072.36,25524.42,1.0,,0.0
2024-09-25,15.45,15.66,16.2,15.09,23680.36,37373.189,1.0,,0.0
2024-09-26,15.63,16.97,17.59,15.53,45936.93,75812.498,1.0,,0.0
2024-09-27,17.54,17.65,17.79,16.67,47000.04,81216.566,1.0,,0.0
2024-09-30,18.43,19.57,20.19,17.7,65761.82,123938.075,1.0,,0.0
2024-10-08,21.99,20.53,21.99,19.02,72244.24,148660.366,1.0,,0.0
2024-10-09,19.8,17.54,19.93,17.52,39821.55,74469.378,1.0,,0.0
2024-10-10,17.88,17.99,18.37,17.57,24454.21,44128.797,1.0,,0.0
2024-10-11,17.76,17.6,18.34,17.36,20650.23,36638.034,1.0,,0.0
2024-10-14,17.15,17.37,17.4,16.35,37015.52,62784.236,1.0,,0.0
2024-10-15,17.39,17.0,17.49,16.85,23898.64,41112.98,1.0,,0.0
2024-10-16,16.6,18.13,18.8,16.6,45012.19,80630.913,1.0,,0.0
2024-10-17,18.0,17.21,18.48,17.11,41022.25,72529.78,1.0,,0.0
2024-10-18,17.1,17.5,17.8,16.97,29712.7,51391.372,1.0,,0.0
2024-10-21,17.59,17.81,17.96,17.32,21311.31,37531.813,1.0,,0.0
2024-10-22,17.82,18.18,18.37,17.62,20841.0,37634.413,1.0,,0.0
2024-10-23,18.25,18.02,18.4,17.86,16107.07,29202.427,1.0,,0.0
2024-10-24,18.05,18.17,18.45,17.75,17820.41,32358.643,1.0,,0.0
2024-10-25,18.26,18.87,18.88,18.22,19834.44,36927.783,1.0,,0.0
2024-10-28,18.84,19.18,19.31,18.6,21603.03,41351.368,1.0,,0.0
2024-10-29,19.27,18.32,19.27,18.2,18767.12,34827.472,1.0,,0.0
2024-10-30,18.29,17.98,18.6,17.7,14247.36,25852.289,1.0,,0.0
2024-10-31,17.98,18.15,18.44,17.8,14925.84,27021.456,1.0,,0.0
2024-11-01,18.01,17.51,18.23,17.43,16315.4,28853.048,1.0,,0.0
2024-11-04,17.47,17.85,17.86,17.43,12715.3,22530.566,1.0,,0.0
2024-11-05,17.87,18.15,18.2,17.83,13146.0,23719.707,1.0,,0.0
2024-11-06,18.23,18.2,18.32,17.88,14491.0,26323.447,1.0,,0.0
2024-11-07,17.99,18.55,18.58,17.95,15486.0,28522.32,1.0,,0.0
2024-11-08,18.62,18.35,18.88,18.23,16963.51,31301.394,1.0,,0.0
2024-11-11,18.1,18.7,18.7,18.1,15961.12,29470.757,1.0,,0.0
2024-11-12,18.79,18.7,19.26,18.55,21879.0,41259.666,1.0,,0.0
2024-11-13,18.75,18.74,18.95,18.24,12958.4,24122.46,1.0,,0.0
2024-11-14,18.84,18.25,19.17,18.1,14629.84,27079.304,1.0,,0.0
2024-11-15,18.14,18.03,18.54,18.02,10609.03,19391.944,1.0,,0.0
2024-11-18,18.11,17.78,18.29,17.52,12934.86,23133.956,1.0,,0.0
2024-11-19,17.81,17.84,17.9,17.35,13772.0,24363.175,1.0,,0.0
2024-11-20,17.84,18.12,18.26,17.72,12588.06,22727.659,1.0,,0.0
2024-11-21,18.13,18.35,18.45,18.12,10076.18,18487.969,1.0,,0.0
2024-11-22,18.34,17.76,18.58,17.63,13420.03,24295.807,1.0,,0.0
2024-11-25,17.7,18.18,18.18,17.67,11299.0,20271.466,1.0,,0.0
2024-11-26,18.17,18.34,18.74,18.05,15770.12,28861.196,1.0,,0.0
2024-11-27,18.32,18.72,18.85,17.78,22691.24,41820.431,1.0,,0.0
2024-11-28,18.74,19.24,19.56,18.72,33473.37,64332.839,1.0,,0.0
2024-11-29,19.1,19.41,19.53,19.01,25488.52,49245.201,1.0,,0.0
2024-12-02,19.41,19.36,19.55,19.16,17673.86,34182.442,1.0,,0.0
2024-12-03,19.44,19.23,19.55,19.02,14994.64,28911.054,1.0,,0.0
2024-12-04,19.23,18.93,19.23,18.83,14064.31,26729.332,1.0,,0.0
2024-12-05,19.0,19.0,19.15,18.88,10303.0,19595.59,1.0,,0.0
2024-12-06,19.56,19.04,19.56,18.87,12698.63,24204.579,1.0,,0.0
2024-12-09,19.0,19.1,19.16,18.7,11578.0,22012.221,1.0,,0.0
2024-12-10,19.85,19.09,19.88,19.07,17472.0,33755.699,1.0,,0.0
2024-12-11,18.99,19.15,19.29,18.92,12273.41,23423.152,1.0,,0.0
2024-12-12,19.15,19.96,20.25,19.1,37402.15,73565.01,1.0,,0.0
2024-12-13,19.78,20.01,20.48,19.56,42138.01,84672.607,1.0,,0.0
2024-12-16,19.9,19.73,20.78,19.5,31691.36,63439.083,1.0,,0.0
2024-12-17,19.47,18.26,19.6,18.15,25930.38,48532.281,1.0,,0.0
2024-12-18,18.3,18.13,18.54,17.6,18241.38,33064.522,1.0,,0.0
2024-12-19,17.98,17.9,18.08,17.59,14664.36,26134.843,1.0,,0.0
2024-12-20,17.91,18.3,18.35,17.78,13308.92,24230.879,1.0,,0.0
2024-12-23,18.3,16.88,18.3,16.8,23227.5,40413.279,1.0,,0.0
2024-12-24,17.04,16.81,17.28,16.4,16838.59,28310.843,1.0,,0.0
2024-12-25,16.68,16.29,16.77,16.12,13573.9,22187.805,1.0,,0.0
2024-12-26,16.34,16.46,16.71,16.22,10923.6,18030.816,1.0,,0.0
2024-12-27,16.48,16.71,16.85,16.35,9656.29,16129.055,1.0,,0.0
2024-12-30,16.7,16.26,16.7,16.0,11960.01,19486.38,1.0,,0.0
2024-12-31,16.28,16.2,16.55,16.2,14105.0,23035.065,1.0,,0.0
2025-01-02,16.2,16.02,16.69,15.76,18753.13,30513.97,1.0,,0.0
2025-01-03,16.09,15.38,16.24,15.31,20639.01,32302.333,1.0,,0.0
2025-01-06,15.15,15.19,15.45,14.64,13345.0,20166.508,1.0,,0.0
2025-01-07,15.25,15.7,15.7,15.19,10079.0,15554.674,1.0,,0.0
2025-01-08,15.68,15.5,15.8,15.1,12683.0,19608.75,1.0,,0.0
2025-01-09,15.47,15.48,15.65,15.37,8263.0,12792.513,1.0,,0.0
2025-01-10,15.47,14.99,15.6,14.85,10024.0,15275.679,1.0,,0.0
2025-01-13,14.89,15.09,15.23,14.54,9306.0,13885.474,1.0,,0.0
2025-01-14,15.24,15.83,15.88,15.16,13330.0,20782.969,1.0,,0.0
2025-01-15,15.85,16.06,16.12,15.68,10909.27,17356.523,1.0,,0.0
2025-01-16,16.06,16.19,16.3,15.96,13894.17,22421.964,1.0,,0.0
2025-01-17,16.23,16.1,16.23,15.94,8285.75,13336.073,1.0,,0.0
2025-01-20,16.1,16.25,16.42,16.01,13237.0,21523.999,1.0,,0.0
2025-01-21,16.34,16.19,16.4,15.88,14238.0,22888.1,1.0,,0.0
2025-01-22,16.01,16.44,16.49,15.94,14843.59,24091.347,1.0,,0.0
2025-01-23,16.5,16.59,16.93,16.5,25537.5,42702.008,1.0,,0.0
2025-01-24,16.61,16.92,16.99,16.48,10585.0,17736.322,1.0,,0.0
2025-01-27,17.0,16.75,17.42,16.69,14135.0,24180.42,1.0,,0.0
2025-02-05,17.11,16.81,17.12,16.56,8709.21,14616.259,1.0,,0.0
2025-02-06,16.93,16.94,17.08,16.61,11878.0,20040.553,1.0,,0.0
2025-02-07,16.94,17.12,17.38,16.81,10801.5,18517.953,1.0,,0.0
2025-02-10,17.18,17.35,17.38,16.99,8817.09,15140.693,1.0,,0.0
2025-02-11,17.37,17.12,17.4,16.95,8824.0,15080.251,1.0,,0.0
2025-02-12,17.19,17.1,17.19,16.79,9729.43,16499.713,1.0,,0.0
2025-02-13,17.05,16.68,17.13,16.63,9794.0,16485.974,1.0,,0.0
2025-02-14,16.65,16.73,16.88,16.48,10978.0,18347.245,1.0,,0.0
2025-02-17,16.73,17.15,17.2,16.62,13492.51,22909.719,1.0,,0.0
2025-02-18,17.18,16.79,17.18,16.72,11312.0,19133.022,1.0,,0.0
2025-02-19,16.82,16.99,17.15,16.7,12213.86,20682.802,1.0,,0.0
2025-02-20,16.95,16.89,17.07,16.77,11539.87,19526.519,1.0,,0.0
2025-02-21,16.89,16.58,16.96,16.54,12797.35,21310.696,1.0,,0.0
2025-02-24,16.5,16.8,16.87,16.5,12381.0,20711.738,1.0,,0.0
2025-02-25,16.61,16.8,16.99,16.52,10391.59,17441.233,1.0,,0.0
2025-02-26,16.81,17.03,17.08,16.81,9608.86,16336.87,1.0,,0.0
2025-02-27,17.03,16.93,17.12,16.6,13062.0,21959.904,1.0,,0.0
2025-02-28,16.84,16.69,16.92,16.56,14034.91,23459.166,1.0,,0.0
2025-03-03,16.7,16.89,17.14,16.64,14126.5,23924.562,1.0,,0.0
2025-03-04,16.75,17.04,17.08,16.75,9248.09,15643.357,1.0,,0.0
2025-03-05,17.2,16.98,17.33,16.64,15445.0,26080.954,1.0,,0.0
2025-03-06,17.09,17.31,17.38,16.96,16962.59,29182.38,1.0,,0.0
2025-03-07,17.21,17.2,17.35,17.08,10060.15,17291.185,1.0,,0.0
2025-03-10,17.17,17.54,17.67,17.17,17758.89,31004.036,1.0,,0.0
2025-03-11,17.57,17.44,17.57,17.21,14225.89,24741.643,1.0,,0.0
2025-03-12,17.44,17.41,17.56,17.32,10406.83,18121.091,1.0,,0.0
2025-03-13,17.32,17.39,17.42,17.13,11917.0,20588.672,1.0,,0.0
2025-03-14,17.4,17.84,17.85,17.25,15231.17,26734.064,1.0,,0.0
2025-03-17,17.83,17.97,17.97,17.62,12663.84,22561.01,1.0,,0.0
2025-03-18,17.95,17.73,18.0,17.56,17888.0,31732.003,1.0,,0.0
2025-03-19,17.97,17.77,18.33,17.71,19493.84,34904.067,1.0,,0.0
2025-03-20,17.8,17.6,17.89,17.55,15543.0,27551.257,1.0,,0.0
2025-03-21,17.52,17.51,17.63,17.24,16266.09,28329.625,1.0,,0.0
2025-03-24,17.57,16.77,17.57,16.4,26886.27,45445.277,1.0,,0.0
2025-03-25,16.67,16.73,16.8,16.36,15598.0,25905.587,1.0,,0.0
2025-03-26,16.61,17.01,17.26,16.61,16386.12,27994.525,1.0,,0.0
2025-03-27,17.18,16.81,17.19,16.51,12094.0,20322.613,1.0,,0.0
2025-03-28,16.74,16.61,16.95,16.54,9841.0,16432.41,1.0,,0.0
2025-03-31,16.55,16.36,16.6,16.13,11590.84,18933.352,1.0,,0.0
2025-04-01,16.4,16.78,17.08,16.39,18046.67,30391.811,1.0,,0.0
2025-04-02,16.71,16.89,17.05,16.6,10949.12,18469.665,1.0,,0.0
2025-04-03,16.71,17.05,17.07,16.67,12615.0,21315.195,1.0,,0.0
2025-04-07,16.4,14.81,16.8,14.5,27368.12,42130.345,1.0,,0.0
2025-04-08,14.81,15.44,15.69,14.78,19731.68,30114.81,1.0,,0.0
2025-04-09,15.29,15.69,15.91,14.25,20917.0,31566.791,1.0,,0.0
2025-04-10,15.89,16.15,16.45,15.89,19572.0,31766.329,1.0,,0.0
2025-04-11,16.01,15.94,16.32,15.91,9862.0,15887.789,1.0,,0.0
2025-04-14,16.04,16.34,16.49,16.04,11139.0,18164.214,1.0,,0.0
2025-04-15,16.3,16.29,16.43,16.01,6905.19,11252.957,1.0,,0.0
2025-04-16,16.37,16.95,17.3,16.05,31136.51,51916.992,1.0,,0.0
2025-04-17,16.85,17.02,17.6,16.7,26812.51,46173.855,1.0,,0.0
2025-04-18,16.91,16.5,17.1,16.28,16743.0,27744.561,1.0,,0.0
2025-04-21,16.41,16.84,16.97,16.12,18893.56,31427.303,1.0,,0.0
2025-04-22,16.72,17.07,17.1,16.65,11207.0,18899.369,1.0,,0.0
2025-04-23,17.0,17.04,17.24,16.87,10887.0,18555.178,1.0,,0.0
2025-04-24,17.06,16.97,17.08,16.56,16003.56,26936.875,1.0,,0.0
2025-04-25,16.98,16.91,17.18,16.87,10448.0,17755.701,1.0,,0.0
2025-04-28,16.81,16.46,16.93,16.23,12858.0,21158.36,1.0,,0.0
2025-04-29,16.3,16.93,16.93,16.29,12150.0,20415.087,1.0,,0.0
2025-04-30,17.01,16.94,17.18,16.88,12528.33,21334.345,1.0,,0.0
2025-05-06,17.06,17.55,17.77,17.06,21512.62,37559.605,1.0,,0.0
2025-05-07,17.93,17.74,17.95,17.55,13728.0,24400.643,1.0,,0.0
2025-05-08,17.67,17.84,17.92,17.51,10212.0,18155.363,1.0,,0.0
2025-05-09,17.93,17.94,18.14,17.75,15301.01,27461.109,1.0,,0.0
2025-05-12,18.19,17.81,18.19,17.7,8119.5,14456.524,1.0,,0.0
2025-05-13,17.96,17.67,18.06,17.48,11232.01,19967.193,1.0,,0.0
2025-05-14,17.6,17.42,17.68,17.29,8776.5,15325.762,1.0,,0.0
2025-05-15,17.4,17.44,17.69,17.25,12280.0,21449.264,1.0,,0.0
2025-05-16,17.48,17.87,17.92,17.48,14223.9,25260.973,1.0,,0.0
2025-05-19,17.87,18.17,18.21,17.81,13615.34,24570.106,1.0,,0.0
2025-05-20,18.2,18.69,18.73,18.0,15019.5,27672.108,1.0,,0.0
2025-05-21,18.75,18.24,18.76,18.05,9673.0,17726.641,1.0,,0.0
2025-05-22,18.28,17.71,18.36,17.66,15591.0,27921.884,1.0,,0.0
2025-05-23,17.71,17.71,18.01,17.57,16805.0,29869.568,1.0,,0.0
2025-05-26,17.56,17.84,17.97,17.52,10071.23,17932.514,1.0,,0.0
2025-05-27,17.81,17.94,18.04,17.69,7889.79,14120.446,1.0,,0.0
2025-05-28,17.9,17.78,18.11,17.62,11660.5,20766.49,1.0,,0.0
2025-05-29,17.7,18.21,18.37,17.66,17082.5,30970.162,1.0,,0.0
2025-05-30,18.24,17.91,18.27,17.72,15684.0,28090.197,1.0,,0.0
2025-06-03,17.7,17.99,18.15,17.66,10535.98,18924.118,1.0,,0.0
2025-06-04,18.03,18.31,18.43,18.01,11374.16,20755.662,1.0,,0.0
2025-06-05,18.35,19.28,20.2,18.22,49650.98,95638.826,1.0,,0.0
2025-06-06,19.72,19.94,20.35,19.15,49424.35,97473.488,1.0,,0.0
2025-06-09,19.93,21.27,21.61,19.5,52613.54,109833.255,1.0,,0.0
2025-06-10,21.31,21.49,22.2,20.8,59588.58,128542.187,1.0,,0.0
2025-06-11,21.49,24.0,24.0,20.7,81805.17,186091.393,1.0,,0.0
2025-06-12,23.21,22.7,23.6,22.2,66083.08,149438.161,1.0,,0.0
2025-06-13,22.07,21.76,22.64,21.18,40107.81,87574.278,1.0,,0.0
2025-06-16,21.88,24.3,25.98,21.66,80656.27,192380.81,1.0,,0.0
2025-06-17,24.0,24.92,25.48,23.8,63610.46,157630.68,1.0,,0.0
2025-06-18,24.38,24.18,25.0,24.14,35258.57,86184.132,1.0,,0.0
2025-06-19,24.76,25.0,25.1,24.15,34888.36,86083.224,1.0,,0.0
2025-06-20,24.67,25.5,27.77,24.6,56071.21,146827.073,1.0,,0.0
2025-06-23,24.5,24.24,25.33,24.08,36992.35,90689.267,1.0,,0.0
2025-06-24,24.5,24.13,24.5,23.7,24212.75,58425.426,1.0,,0.0
2025-06-25,24.1,23.84,24.31,23.39,25500.68,60682.078,1.0,,0.0
2025-06-26,23.81,24.42,24.61,23.01,25781.38,61682.468,1.0,,0.0
2025-06-27,24.39,23.97,24.75,23.85,18531.11,44766.866,1.0,,0.0
2025-06-30,23.97,24.0,24.4,23.2,28587.18,68028.91,1.0,,0.0
2025-07-01,24.43,23.4,24.43,23.18,22781.0,53596.717,1.0,,0.0
2025-07-02,23.35,22.85,23.49,22.76,20441.27,47111.877,1.0,,0.0
2025-07-03,22.95,22.56,23.16,22.23,25200.92,56824.577,1.0,,0.0
2025-07-04,23.08,22.9,23.29,22.3,19701.0,44761.453,1.0,,0.0
2025-07-07,22.9,23.52,23.96,22.7,21152.0,49447.185,1.0,,0.0
2025-07-08,24.0,22.85,24.41,22.75,20688.0,47764.387,1.0,,0.0
2025-07-09,23.15,23.21,23.41,22.77,15819.12,36599.231,1.0,,0.0
2025-07-10,23.32,24.61,25.53,23.0,36893.0,89764.283,1.0,,0.0
2025-07-11,25.5,24.57,25.68,24.03,27601.31,68707.784,1.0,,0.0
2025-07-14,24.61,26.78,28.9,24.61,56394.03,151592.485,1.0,,0.0
2025-07-15,26.46,26.87,27.37,25.92,46949.35,126055.955,1.0,,0.0
2025-07-16,26.88,27.4,27.99,26.31,38028.16,103367.877,1.0,,0.0
2025-07-17,27.12,26.8,27.39,26.51,24930.38,66958.529,1.0,,0.0
2025-07-18,26.82,28.1,28.59,26.52,38443.57,107389.943,1.0,,0.0
2025-07-21,28.13,27.95,28.78,27.75,36404.96,102474.464,1.0,,0.0
2025-07-22,27.82,28.07,28.23,27.52,26042.96,72747.255,1.0,,0.0
2025-07-23,28.07,30.27,30.49,27.21,43350.39,127231.516,1.0,,0.0
2025-07-24,29.99,30.7,31.58,29.58,36029.85,111286.495,1.0,,0.0
2025-07-25,30.71,30.18,31.3,29.66,32494.33,98248.242,1.0,,0.0
2025-07-28,30.19,29.55,30.19,28.65,29977.72,87928.925,1.0,,0.0
2025-07-29,29.72,29.17,29.72,28.9,13722.99,40096.705,1.0,,0.0
2025-07-30,29.33,28.8,29.59,28.17,25984.39,74288.056,1.0,,0.0
2025-07-31,29.0,29.06,30.0,28.51,24994.2,73662.899,1.0,,0.0
2025-08-01,29.66,28.73,29.66,28.37,16064.0,46181.565,1.0,,0.0
2025-08-04,28.72,29.3,29.52,27.68,26467.0,76960.473,1.0,,0.0
2025-08-05,29.3,29.92,30.35,29.0,43018.51,128540.6,1.0,,0.0
2025-08-06,30.1,30.05,30.92,29.66,26744.55,80571.154,1.0,,0.0
2025-08-07,30.1,30.08,30.33,29.88,13138.24,39568.893,1.0,,0.0
2025-08-08,30.1,30.3,30.37,29.71,14661.0,43970.45,1.0,,0.0
2025-08-11,30.35,31.48,31.58,30.02,26464.6,81416.578,1.0,,0.0
2025-08-12,31.48,31.9,32.13,30.0,42979.0,134115.346,1.0,,0.0
2025-08-13,31.87,33.25,33.7,31.75,37190.76,121735.099,1.0,,0.0
2025-08-14,32.98,33.85,33.85,32.64,26383.03,87819.989,1.0,,0.0
2025-08-15,33.9,36.67,37.72,33.58,64245.15,232832.244,1.0,,0.0
2025-08-18,36.67,35.0,36.67,33.56,68874.92,237885.063,1.0,,0.0
2025-08-19,34.83,35.57,36.48,34.62,35564.64,126605.427,1.0,,0.0
2025-08-20,35.13,35.4,35.79,34.61,22934.0,80994.778,1.0,,0.0
2025-08-21,35.39,34.7,35.68,34.44,31456.55,109757.535,1.0,,0.0
2025-08-22,34.67,33.93,35.0,33.78,18287.56,62733.017,1.0,,0.0
2025-08-25,34.29,33.93,34.29,33.5,23262.13,78881.391,1.0,,0.0
2025-08-26,33.81,34.54,35.28,33.6,19062.13,65699.549,1.0,,0.0
2025-08-27,34.83,34.91,35.37,34.08,19293.0,67087.064,1.0,,0.0
2025-08-28,34.92,34.47,35.48,34.01,44827.13,155276.909,1.0,,0.0
2025-08-29,34.69,34.63,35.9,34.21,33938.3,118985.802,1.0,,0.0
2025-09-01,34.65,35.1,35.77,34.39,29874.07,104879.195,1.0,,0.0
2025-09-02,35.18,34.46,36.68,34.31,28965.18,102021.406,1.0,,0.0
2025-09-03,34.46,34.56,36.11,33.9,37013.0,130580.396,1.0,,0.0
2025-09-04,34.56,33.8,34.69,32.66,30397.0,103284.572,1.0,,0.0
2025-09-05,33.29,35.17,35.3,33.29,30368.74,104573.09,1.0,,0.0
2025-09-08,34.86,36.14,36.23,34.5,29130.51,102891.532,1.0,,0.0
2025-09-09,35.89,35.24,36.3,34.8,18794.0,66743.826,1.0,,0.0
2025-09-10,35.1,35.74,36.28,35.0,18460.84,65741.526,1.0,,0.0
2025-09-11,35.74,37.17,37.33,35.1,23657.07,86412.313,1.0,,0.0
2025-09-12,37.17,36.51,37.22,36.3,13827.06,50642.3,1.0,,0.0
2025-09-15,36.12,36.53,36.66,35.91,9245.0,33550.46,1.0,,0.0
2025-09-16,36.6,36.67,37.19,36.1,10976.0,40181.584,1.0,,0.0
2025-09-17,36.67,36.19,36.81,35.5,15505.76,55846.626,1.0,,0.0
2025-09-18,36.19,36.67,38.38,35.79,29072.9,107798.02,1.0,,0.0
2025-09-19,36.68,39.55,39.68,36.02,33710.54,127357.867,1.0,,0.0
2025-09-22,39.9,44.0,44.56,39.01,49742.5,212889.104,1.0,,0.0
2025-09-23,43.66,41.42,44.7,40.12,31998.46,134296.943,1.0,,0.0
2025-09-24,41.26,42.9,43.78,38.09,22562.05,95276.26,1.0,,0.0
2025-09-25,42.91,44.08,44.43,42.23,23713.28,103482.607,1.0,,0.0
2025-09-26,44.33,42.3,44.6,42.25,15714.01,67970.562,1.0,,0.0
2025-09-29,43.36,41.58,43.36,40.71,25841.03,107535.331,1.0,,0.0
2025-09-30,41.02,43.01,43.05,40.75,16938.84,71146.176,1.0,,0.0
2025-10-09,42.8,42.36,43.51,41.69,16644.97,70706.898,1.0,,0.0
2025-10-10,42.38,42.8,43.84,41.95,14819.02,63519.796,1.0,,0.0
2025-10-13,40.7,44.14,44.28,40.7,16446.45,71062.391,1.0,,0.0
2025-10-14,44.5,44.58,46.88,43.8,19083.0,86824.97,1.0,,0.0
2025-10-15,44.32,47.65,47.8,44.07,23147.0,107687.915,1.0,,0.0
2025-10-16,47.2,46.75,48.22,46.5,20666.03,97702.012,1.0,,0.0
2025-10-17,46.88,44.55,46.99,44.33,20280.09,92278.64,1.0,,0.0
2025-10-20,45.39,45.56,45.6,44.3,8978.86,40507.605,1.0,,0.0
2025-10-21,45.56,46.35,46.88,44.5,10513.19,48401.073,1.0,,0.0
2025-10-22,46.29,45.5,46.82,45.29,12312.6,56535.536,1.0,,0.0
2025-10-23,45.56,44.85,46.29,44.3,18904.18,84968.263,1.0,,0.0
2025-10-24,44.77,41.41,46.0,41.39,28416.09,121123.783,1.0,,0.0
2025-10-27,41.41,41.45,42.5,40.71,28965.58,120230.485,1.0,,0.0
2025-10-28,41.4,41.55,42.2,40.8,17263.83,71529.132,1.0,,0.0
2025-10-29,41.97,40.04,41.97,39.8,26895.51,108362.942,1.0,,0.0
2025-10-30,40.03,41.26,42.83,40.03,26617.94,110609.87,1.0,,0.0
2025-10-31,40.86,42.02,43.3,40.86,20282.04,85482.183,1.0,,0.0
2025-11-03,42.02,41.56,42.67,41.2,12857.0,53678.452,1.0,,0.0
2025-11-04,41.89,41.39,41.89,40.11,12757.0,52194.471,1.0,,0.0
2025-11-05,41.16,40.67,41.58,40.55,13023.0,53202.501,1.0,,0.0
2025-11-06,40.77,40.85,41.49,40.35,11191.08,45622.935,1.0,,0.0
2025-11-07,40.71,40.71,41.77,40.18,10580.03,43476.049,1.0,,0.0
2025-11-10,40.79,40.72,41.48,40.6,7847.8,32042.818,1.0,,0.0
2025-11-11,40.7,41.13,41.66,40.38,9774.0,40161.679,1.0,,0.0
2025-11-12,41.17,42.99,43.3,40.51,17528.0,74005.083,1.0,,0.0
2025-11-13,42.99,42.0,43.22,41.5,19836.29,83332.351,1.0,,0.0
2025-11-14,42.1,41.95,42.4,41.1,12930.0,54166.395,1.0,,0.0
2025-11-17,40.8,42.0,44.14,40.8,24913.0,106953.444,1.0,,0.0
2025-11-18,42.0,42.8,42.8,41.48,14121.0,59605.402,1.0,,0.0
2025-11-19,42.63,42.65,43.3,41.37,19065.71,80793.007,1.0,,0.0
2025-11-20,43.2,42.51,44.18,42.11,16759.81,72330.22,1.0,,0.0
2025-11-21,42.03,42.46,43.77,41.82,23104.32,98868.905,1.0,,0.0
2025-11-24,43.6,42.74,43.6,41.8,19104.03,81961.799,1.0,,0.0
2025-11-25,43.16,43.79,44.39,42.83,20970.0,91924.539,1.0,,0.0
2025-11-26,44.18,44.44,45.47,43.35,22561.0,101060.06,1.0,,0.0
2025-11-27,44.8,45.0,45.77,44.06,14197.32,64066.156,1.0,,0.0
2025-11-28,44.99,46.47,46.66,44.68,22565.31,103989.927,1.0,,0.0
2025-12-01,46.47,44.1,46.48,43.6,27988.29,124232.008,1.0,,0.0
2025-12-02,44.3,46.05,46.24,43.8,22162.96,100018.804,1.0,,0.0
2025-12-03,46.0,46.52,48.18,44.8,30157.32,140002.757,1.0,,0.0
2025-12-04,46.85,46.64,47.28,46.0,11903.0,55575.68,1.0,,0.0
2025-12-05,46.5,46.7,47.16,46.0,10507.43,49107.343,1.0,,0.0
2025-12-08,46.94,45.8,46.96,45.45,14423.42,66259.135,1.0,,0.0
2025-12-09,45.8,44.63,46.5,44.6,14068.0,63274.892,1.0,,0.0
2025-12-10,45.07,44.81,45.36,44.3,9376.51,41984.586,1.0,,0.0
2025-12-11,45.9,45.03,45.9,44.51,7474.17,33691.121,1.0,,0.0
2025-12-12,45.0,45.18,46.2,44.86,8847.0,40185.603,1.0,,0.0
2025-12-15,45.13,45.25,45.5,44.44,8109.0,36475.341,1.0,,0.0
2025-12-16,45.5,44.34,45.5,43.88,10056.87,44690.934,1.0,,0.0
2025-12-17,45.0,44.51,45.0,43.89,9116.38,40502.247,1.0,,0.0
2025-12-18,44.73,44.72,45.35,44.05,7591.8,33975.872,1.0,,0.0
2025-12-19,45.08,45.75,46.94,45.08,8929.8,41149.479,1.0,,0.0
2025-12-22,45.5,47.92,48.58,45.5,25301.74,119814.682,1.0,,0.0
2025-12-23,47.93,47.45,47.93,46.47,14336.0,67354.021,1.0,,0.0
2025-12-24,47.26,48.21,48.85,46.88,11859.16,57109.488,1.0,,0.0
2025-12-25,48.6,49.27,49.8,47.67,18040.85,88679.264,1.0,,0.0
2025-12-26,48.72,52.08,54.44,48.72,35256.18,184071.375,1.0,,0.0
2025-12-29,51.6,51.3,52.44,50.55,20115.0,102740.539,1.0,,0.0
2025-12-30,51.3,50.81,51.88,50.25,14505.22,73815.542,1.0,,0.0
2025-12-31,50.4,53.02,53.8,50.4,18628.09,97759.753,1.0,,0.0
2026-01-05,53.01,50.93,53.01,50.45,29587.0,151293.817,1.0,,0.0
2026-01-06,51.12,50.5,51.83,50.06,16770.41,85113.687,1.0,,0.0
2026-01-07,50.68,48.73,50.96,48.13,20643.41,100897.23,1.0,,0.0
2026-01-08,48.73,48.27,48.91,47.88,15299.0,73864.409,1.0,,0.0
2026-01-09,48.18,45.87,48.2,45.0,39650.84,183383.52,1.0,,0.0
2026-01-12,45.88,41.59,45.99,40.88,59525.23,253317.381,1.0,,0.0
2026-01-13,40.9,37.44,40.9,36.6,71602.32,275767.714,1.0,,0.0
2026-01-14,36.9,36.38,37.35,35.88,49680.67,181535.293,1.0,,0.0
2026-01-15,36.11,36.0,36.48,35.59,25706.81,92388.673,1.0,,0.0
2026-01-16,36.02,36.45,36.95,36.01,36526.51,133320.927,1.0,,0.0
2026-01-19,36.4,36.18,36.75,36.08,16973.48,61558.091,1.0,,0.0
2026-01-20,36.19,36.88,37.53,35.81,26718.05,98119.776,1.0,,0.0
2026-01-21,36.55,36.56,36.79,36.11,15123.36,55084.79,1.0,,0.0
2026-01-22,36.43,35.68,36.55,35.47,20670.04,73868.041,1.0,,0.0
2026-01-23,35.7,35.88,36.07,35.25,17935.57,63888.318,1.0,,0.0
2026-01-26,35.7,36.08,36.68,35.59,21040.5,75918.498,1.0,,0.0
2026-01-27,35.75,35.19,36.19,33.94,24290.88,84113.094,1.0,,0.0
2026-01-28,34.64,34.8,35.19,34.64,10616.0,37008.153,1.0,,0.0
2026-01-29,34.5,34.14,34.92,34.06,10617.82,36619.336,1.0,,0.0
2026-01-30,33.94,34.68,34.84,33.82,11797.0,40504.802,1.0,,0.0
2026-02-02,34.34,34.11,35.1,34.08,12323.0,42570.445,1.0,,0.0
2026-02-03,34.58,34.19,34.58,34.0,7566.0,25899.448,1.0,,0.0
2026-02-04,34.28,35.42,35.7,34.09,25747.0,90663.702,1.0,,0.0
2026-02-05,35.3,34.98,35.3,34.64,12483.0,43666.869,1.0,,0.0
2026-02-06,34.72,35.15,35.48,34.52,9665.41,33866.268,1.0,,0.0
2026-02-09,35.17,35.69,36.07,35.17,11918.8,42564.679,1.0,,0.0
2026-02-10,35.69,36.31,36.38,35.45,14596.99,52678.823,1.0,,0.0
2026-02-11,36.46,38.31,38.6,36.05,33008.16,124160.379,1.0,,0.0
2026-02-12,38.29,37.2,39.27,37.0,31617.23,120050.978,1.0,,0.0
2026-02-13,37.53,37.9,39.27,37.3,26548.0,101816.182,1.0,,0.0
2026-02-24,38.1,37.65,38.5,37.31,16328.78,61863.64,1.0,,0.0
2026-02-25,37.65,36.43,37.85,36.21,15621.45,57564.784,1.0,,0.0
2026-02-26,36.77,35.56,36.77,35.3,20428.5,72822.336,1.0,,0.0
2026-02-27,35.58,35.71,36.35,35.39,12805.0,45716.776,1.0,,0.0
2026-03-02,35.46,35.46,36.25,34.6,15386.06,54331.319,1.0,,0.0
2026-03-03,35.49,34.59,35.78,34.53,11694.44,41118.961,1.0,,0.0
2026-03-04,34.17,33.93,34.74,33.71,10144.06,34465.086,1.0,,0.0
2026-03-05,34.49,34.11,34.77,34.02,6882.6,23714.771,1.0,,0.0
2026-03-06,34.22,37.01,37.19,33.97,26836.2,96680.634,1.0,,0.0
2026-03-09,37.19,38.16,38.49,36.23,27232.99,102323.689,1.0,,0.0
2026-03-10,38.97,38.66,38.97,37.5,18510.2,71051.919,1.0,,0.0
2026-03-11,38.76,38.2,39.24,37.88,15027.53,57825.506,1.0,,0.0
2026-03-12,38.19,37.75,38.83,37.7,14063.0,53717.452,1.0,,0.0
2026-03-13,37.83,37.5,38.26,37.38,9016.17,34098.026,1.0,,0.0
2026-03-16,37.51,37.06,38.18,35.45,18020.0,65813.867,1.0,,0.0
2026-03-17,37.46,37.87,38.96,36.18,26796.2,100473.319,1.0,,0.0
2026-03-18,38.03,40.54,41.56,38.03,35004.71,140821.558,1.0,,0.0
2026-03-19,40.55,38.87,40.55,38.42,17160.65,67623.252,1.0,,0.0
2026-03-20,39.43,40.14,41.31,38.88,28212.06,114345.05,1.0,,0.0
2026-03-23,39.33,35.65,39.33,35.22,27867.04,103507.161,1.0,,0.0
2026-03-24,36.89,38.08,38.08,35.79,16312.17,60450.99,1.0,,0.0
2026-03-25,38.84,38.9,38.9,37.19,18594.61,70558.555,1.0,,0.0
2026-03-26,38.9,37.29,39.66,37.03,20492.2,77878.092,1.0,,0.0
2026-03-27,35.53,37.12,37.79,35.53,10329.0,38209.813,1.0,,0.0
2026-03-30,36.84,36.51,37.3,36.23,13005.0,47798.089,1.0,,0.0
2026-03-31,36.99,35.01,37.09,34.71,15730.0,56048.25,1.0,,0.0
2026-04-01,35.5,34.13,35.88,33.8,23344.41,80651.198,1.0,,0.0
2026-04-02,34.0,34.15,34.52,33.01,20607.0,69785.41,1.0,,0.0
2026-04-03,34.37,34.82,35.16,32.81,19302.5,65545.815,1.0,,0.0
2026-04-07,34.45,34.25,34.67,33.69,10390.0,35462.312,1.0,,0.0
2026-04-08,34.51,33.2,34.95,32.3,36192.71,120899.293,1.0,,0.0
2026-04-09,32.99,32.67,33.27,32.1,24506.0,79622.791,1.0,,0.0
2026-04-10,32.79,33.32,33.66,32.31,15359.33,50925.205,1.0,,0.0
2026-04-13,33.36,33.01,33.42,32.56,9671.0,31813.878,1.0,,0.0
2026-04-14,33.36,33.2,33.36,32.53,8874.0,29233.347,1.0,,0.0
2026-04-15,33.28,32.54,33.28,32.46,6202.0,20300.961,1.0,,0.0
2026-04-16,32.58,33.09,33.21,32.25,9845.0,32247.87,1.0,,0.0
2026-04-17,32.76,35.79,37.68,32.51,40995.0,144899.759,1.0,,0.0
2026-04-20,35.68,36.24,36.83,35.33,25421.0,91766.876,1.0,,0.0
2026-04-21,36.38,36.33,36.84,35.23,15594.12,56134.142,1.0,,0.0
2026-04-22,36.28,33.33,36.51,31.01,42853.05,144411.086,1.0,,0.0
2026-04-23,33.04,32.21,33.55,31.9,29387.67,95128.466,1.0,,0.0
2026-04-24,32.09,31.26,32.42,30.85,15776.0,49567.824,1.0,,0.0
2026-04-27,31.19,31.93,32.8,29.91,23885.48,74433.831,1.0,,0.0
2026-04-28,31.71,32.11,32.9,31.67,15068.0,48510.977,1.0,,0.0
2026-04-29,32.09,32.12,32.84,31.23,16579.0,53691.75,1.0,,0.0
2026-04-30,32.66,31.66,32.66,31.16,10524.0,33469.636,1.0,,0.0
2026-05-06,32.12,32.18,32.67,31.43,14964.4,48005.215,1.0,,0.0
2026-05-07,32.44,31.95,32.55,31.9,10479.0,33701.51,1.0,,0.0
2026-05-08,31.93,32.21,32.23,31.21,13465.0,42755.183,1.0,,0.0
2026-05-11,32.2,32.23,32.58,31.69,160580000.0,515383400.0,1.0,,0.0
2026-05-12,31.98,33.11,33.46,31.98,24808.48,81802.945,1.0,,0.0
2026-05-13,32.88,37.62,38.04,32.88,48582.14,177685.923,1.0,,0.0
2026-05-14,37.53,36.15,37.53,35.59,32535.89,118498.332,1.0,,0.0
2026-05-15,35.9,33.76,35.9,33.22,29277.43,99260.947,1.0,,0.0
2026-05-18,33.75,33.45,34.46,32.95,18871.53,63310.781,1.0,,0.0
2026-05-19,33.65,33.15,33.74,32.86,11384.54,37730.948,1.0,,0.0
2026-05-20,33.17,33.45,33.61,32.26,8881.5,29198.513,1.0,,0.0
2026-05-21,33.58,33.52,36.37,33.17,20741.2,71896.318,1.0,,0.0
2026-05-22,33.88,35.21,37.15,33.88,34880.63,125785.764,1.0,,0.0
2026-05-25,35.22,33.28,35.54,32.66,24525.0,82548.981,1.0,,0.0
2026-05-26,33.59,32.03,33.64,32.0,13365.0,43352.822,1.0,,0.0
2026-05-27,32.0,30.31,32.21,30.1,18373.0,56631.472,1.0,,0.0
2026-05-28,30.35,31.23,31.39,30.01,9566.0,29288.455,1.0,,0.0
2026-05-29,31.19,30.72,33.17,30.66,17199.0,54581.423,1.0,,0.0
2026-06-01,30.55,31.44,32.0,30.55,12590.57,39522.78925,1.0,,0.0
2026-06-02,31.4,33.08,33.19,30.59,14264.0,45364.53,1.0,,0.0
2026-06-03,23.68,23.09,24.22,22.55,21286.4,49147.7294,1.0,,0.0
2026-06-04,22.89,22.57,23.57,22.37,16567.1,37898.724,1.0,,0.0
2026-06-05,22.49,22.69,22.89,22.11,13472.89,30340.295,1.0,,0.0
2026-06-08,22.08,21.58,22.57,21.31,17691.0,38825.4425,1.0,,0.0
2026-06-09,21.8,22.21,22.56,21.36,16818.2,36889.7694,1.0,,0.0
2026-06-10,21.91,24.6,25.0,21.91,61677.66,149812.71102,1.0,,0.0
2026-06-11,24.99,24.83,25.6,23.05,44203.6,108922.3234,1.0,,0.0
2026-06-12,25.05,26.81,27.32,25.05,45021.57,118707.72157,1.0,,0.0
2026-06-15,26.63,27.7,28.7,26.47,34075.4,95007.3726,1.0,,0.0
2026-06-16,27.43,27.06,28.58,26.9,39917.67,110328.16248,1.0,,0.0
2026-06-17,27.04,27.88,28.3,26.81,28790.88,80046.19154,1.0,,0.0
2026-06-18,27.72,28.5,29.0,26.82,31843.64,89610.3682,1.0,,0.0
2026-06-22,28.09,28.02,29.1,27.75,29053.6,82258.6472,1.0,,0.0
2026-06-24,27.8,26.78,28.63,26.72,25930.04,71122.93756,1.0,,0.0
2026-06-25,26.95,26.59,27.1,26.0,25324.76,67139.4706,1.0,,0.0
2026-06-26,26.41,25.01,26.49,25.01,27298.8,69148.2946,1.0,,0.0
2026-06-29,24.99,24.56,25.53,24.02,23121.4,57067.9534,1.0,,0.0
2026-06-30,24.56,25.21,25.65,23.81,15630.2,38939.1776,1.0,,0.0
2026-07-01,25.23,24.56,25.69,24.14,21947.6,54541.0736,1.0,,0.0
2026-07-03,25.32,27.22,28.43,25.32,36545.92,98917.64964,1.0,,0.0
2026-07-06,27.03,27.3,28.17,26.57,35429.04,96453.42162,1.0,,0.0
2026-07-07,27.25,27.21,28.16,26.66,21903.88,59858.54932,1.0,,0.0
2026-07-08,27.75,26.63,27.75,26.61,23433.78,63270.7942,1.0,,0.0
2026-07-09,26.63,28.02,28.59,25.51,47981.94,131240.81129,1.0,,0.0
2026-07-10,27.98,25.8,28.11,25.7,39044.2,105061.5716,1.0,,0.0
2026-07-14,21.88,20.55,21.88,19.85,54215.8,113287.3558,1.0,,0.0
2026-07-15,20.95,20.56,20.98,20.07,31943.6,65292.0394,1.0,,0.0
2026-07-16,20.5,19.94,20.98,19.71,20565.0,41668.8162,1.0,,0.0
2026-07-17,19.95,18.8,20.13,18.02,24883.6,47921.4714,1.0,,0.0
2026-07-20,18.85,17.98,19.39,17.01,37566.61,67867.15866,1.0,,0.0
2026-07-21,17.7,17.0,17.75,15.52,44424.25,73960.87804,1.0,,0.0
2026-07-22,16.85,16.98,17.71,16.61,33899.49,58220.34878,1.0,,0.0
2026-07-23,17.15,17.43,17.47,16.86,14784.16,25436.00504,1.0,,0.0
2026-07-24,17.12,16.99,17.51,16.67,13458.2,22933.7164,1.0,,0.0
2026-07-27,16.66,17.67,18.38,16.66,22413.8,39405.4616,1.0,,0.0
2026-07-28,17.55,17.08,17.9,16.91,20763.4,35936.7492,1.0,,0.0
2026-07-29,17.09,17.14,17.36,16.56,19804.0,33571.384,1.0,,0.0
2026-07-30,16.98,16.87,17.58,16.33,20643.28,34781.14772,1.0,,0.0
2026-07-31,16.69,17.11,17.29,16.69,23033.6,39330.3428,1.0,,0.0
2026-08-03,17.04,17.88,17.93,16.95,18834.6,32941.9546,1.0,,0.0
2026-08-04,18.24,21.46,21.46,18.24,66453.54,134973.39704,1.0,,0.0
2026-08-05,23.56,23.01,23.68,21.5,85137.22,192236.19292,1.0,,0.0
2026-08-06,23.09,25.12,25.3,23.09,59361.25,144503.21887,1.0,,0.0
2026-08-07,24.04,25.88,26.1,24.04,53479.4,136021.63466,1.0,,0.0
2026-08-10,25.84,25.29,26.28,24.67,28072.2,70813.0938,1.0,,0.0
2026-08-11,25.01,25.97,26.11,24.4,23466.4,59648.92698,1.0,,0.0
2026-08-12,26.49,26.01,26.7,25.8,28703.82,75112.26995,1.0,3.8837,0.0
2026-08-13,26.01,25.56,26.3,24.98,24186.4,62296.8082,1.0,3.27,0.0
2026-08-14,25.65,24.75,25.72,24.48,23159.6,57586.2302,1.0,3.13,0.0
2026-08-17,24.78,25.54,25.63,24.62,21804.2,54884.72187,1.0,0.0,0.0
2026-08-18,25.55,27.45,27.56,25.4,28583.11,75812.80638,1.0,0.0,0.0
2026-08-19,26.89,27.47,27.85,26.56,33806.8,92341.2726,1.0,0.0,0.0
2026-08-20,27.9,28.88,29.44,27.62,48403.2,139247.8994,1.0,3.682,6.5491
2026-08-21,28.59,30.4,30.67,27.6,41482.59,122875.82272,1.0,3.1556,5.6127
2026-08-24,30.66,30.4,31.98,29.7,42239.2,129806.7732,1.0,3.2131,5.7151
2026-08-25,30.88,31.91,32.12,29.91,31414.8,98271.0192,1.0,2.3897,4.2505
2026-08-26,31.67,30.4,31.99,30.08,24437.42,75367.10196,1.0,1.8589,3.3064
2026-08-27,30.16,31.49,31.69,30.0,26266.8,81094.0472,1.0,1.9981,3.554
2026-08-28,31.49,31.35,32.75,31.19,17306.8,54944.3466,1.0,1.3165,2.3417
2026-08-31,31.11,33.47,34.09,30.64,30856.56,102623.6158,1.0,2.3472,4.175
2026-09-01,33.84,33.03,33.84,32.0,22012.88,72068.68478,1.0,1.6745,2.9784
2026-09-02,33.03,33.82,34.26,32.82,22206.6,74803.4474,1.0,1.6892,3.0046
2026-09-03,33.82,33.97,34.71,33.0,21355.33,71964.50621,1.0,1.6245,2.8894
2026-09-04,34.09,33.89,35.13,33.03,23401.14,79193.34334,1.0,1.7801,3.1662
2026-09-07,33.75,35.17,35.68,33.75,33035.94,115826.7241,1.0,2.513,4.4698
2026-09-08,35.3,34.35,35.35,33.9,22966.48,78833.57966,1.0,1.747,3.1074
2026-09-09,34.35,32.81,34.4,31.3,49240.2,160579.7911,1.0,3.7457,6.6623
2026-09-10,32.8,32.76,33.29,31.83,32829.3,106531.0951,1.0,2.4973,4.4419
2026-09-11,32.55,31.56,32.72,30.26,36519.6,114452.451,1.0,2.778,4.9412
2026-09-14,31.99,32.57,32.93,31.0,29794.6,95546.8136,1.0,2.2665,4.0313
2026-09-15,33.22,32.37,33.22,32.0,19062.6,62166.3282,1.0,1.4501,2.5792
2026-09-16,32.88,31.7,32.88,30.3,44181.94,137750.866,1.0,3.3609,5.9779
2026-09-17,31.8,31.55,32.37,30.96,29274.47,92321.31535,1.0,2.2269,3.9609
2026-09-18,31.68,33.44,33.59,31.67,31098.2,102297.599,1.0,2.3656,4.2077
2026-09-21,33.11,35.46,35.7,33.03,32353.6,112064.522,1.0,2.4611,4.3775
2026-09-22,34.89,34.8,35.77,34.52,21762.55,76007.47797,1.0,1.6555,2.9445
2026-09-23,34.09,33.44,35.55,33.28,28803.74,97988.33086,1.0,2.1911,3.8972
2026-09-24,33.52,32.47,33.57,32.45,18826.0,62142.00256,1.0,1.4321,2.5472
2026-09-28,32.65,31.16,32.65,30.55,37441.46,116843.65006,1.0,2.8481,5.0659
2026-09-29,31.16,31.36,31.89,30.44,26144.17,81196.25586,1.0,1.9888,3.5374
2026-09-30,32.42,31.08,32.62,30.91,28741.17,90372.36835,1.0,2.1863,3.8888
2026-10-08,31.7,30.69,33.85,30.0,47170.88,150212.62851,1.0,3.5883,6.3823
2026-10-09,31.14,29.96,31.14,26.75,31295.53,92103.87726,1.0,2.3806,4.2344
