date,open,close,high,low,volume,money,factor,turnover,turnover_free
2023-04-25,60.0,65.31,69.97,55.0,52738.24,315633.537,1.0,,0.0
2023-04-26,60.5,68.23,71.55,59.21,45030.36,298772.326,1.0,,0.0
2023-04-27,65.99,66.9,71.55,63.18,30016.09,202988.982,1.0,,0.0
2023-04-28,67.5,70.42,72.54,67.5,29691.28,209872.838,1.0,,0.0
2023-05-04,71.78,65.7,72.0,64.62,27838.2,188532.491,1.0,,0.0
2023-05-05,62.87,59.0,62.87,58.01,20826.76,125670.48,1.0,,0.0
2023-05-08,58.3,65.34,67.0,57.5,18752.45,116985.035,1.0,,0.0
2023-05-09,65.33,68.0,70.5,64.3,19051.18,128841.174,1.0,,0.0
2023-05-10,68.0,67.56,69.88,66.4,16512.72,112176.133,1.0,,0.0
2023-05-11,67.22,69.97,73.0,67.22,16787.08,119149.835,1.0,,0.0
2023-05-12,70.11,68.86,71.97,68.22,13516.32,94186.351,1.0,,0.0
2023-05-15,68.15,66.95,68.73,66.0,8870.1,59647.64,1.0,,0.0
2023-05-16,67.5,80.34,80.34,67.23,49472.62,385478.802,1.0,,0.0
2023-05-17,75.8,82.93,83.88,75.2,49664.95,391871.71,1.0,,0.0
2023-05-18,78.8,94.06,99.48,77.16,49186.49,424463.684,1.0,,0.0
2023-05-19,94.62,112.87,112.87,94.62,46039.2,485934.107,1.0,,0.0
2023-05-22,113.0,118.16,122.99,107.25,54537.7,618255.42,1.0,,0.0
2023-05-23,112.0,104.0,113.16,102.0,56401.23,596772.982,1.0,,0.0
2023-05-24,100.8,100.7,102.15,96.88,51965.88,517202.641,1.0,,0.0
2023-05-25,98.35,104.18,104.73,94.22,53330.54,527326.97,1.0,,0.0
2023-05-26,98.55,95.85,98.6,90.01,44958.41,424385.333,1.0,,0.0
2023-05-29,93.0,95.44,97.9,92.31,31248.22,297397.157,1.0,,0.0
2023-05-30,93.61,97.01,100.98,93.61,41480.39,407210.157,1.0,,0.0
2023-05-31,95.51,108.36,113.5,95.42,50880.1,528841.073,1.0,,0.0
2023-06-01,108.01,118.0,118.88,103.3,55576.81,615721.311,1.0,,0.0
2023-06-02,123.0,111.0,125.99,106.18,48555.1,569045.03,1.0,,0.0
2023-06-05,105.56,104.05,107.9,100.0,33410.86,348889.928,1.0,,0.0
2023-06-06,95.0,88.81,97.9,88.0,47833.47,438635.509,1.0,,0.0
2023-06-07,87.5,92.84,95.8,87.5,40339.95,375421.579,1.0,,0.0
2023-06-08,92.0,89.2,94.66,88.01,26623.22,241030.843,1.0,,0.0
2023-06-09,89.4,86.2,89.48,84.73,22927.61,197074.901,1.0,,0.0
2023-06-12,85.5,88.08,89.55,83.66,25166.89,218564.331,1.0,,0.0
2023-06-13,88.8,93.35,93.98,85.28,32001.52,287553.957,1.0,,0.0
2023-06-14,92.0,89.6,92.99,89.31,18262.4,165281.134,1.0,,0.0
2023-06-15,88.88,86.51,90.63,85.8,21011.46,184539.502,1.0,,0.0
2023-06-16,87.51,86.75,88.37,85.23,18917.93,163981.23,1.0,,0.0
2023-06-19,86.99,88.07,88.83,86.18,16036.14,140787.107,1.0,,0.0
2023-06-20,89.98,100.99,105.0,89.72,41938.47,398762.857,1.0,,0.0
2023-06-21,99.0,97.72,105.98,96.6,22160.58,222464.389,1.0,,0.0
2023-06-26,97.0,100.31,105.58,93.5,25265.88,254543.005,1.0,,0.0
2023-06-27,98.27,104.0,104.88,96.01,25943.43,260554.598,1.0,,0.0
2023-06-28,104.0,101.2,111.0,100.86,26220.4,277084.23,1.0,,0.0
2023-06-29,98.4,106.99,109.42,96.8,24746.22,256315.359,1.0,,0.0
2023-06-30,108.7,104.28,111.28,102.45,18574.7,196657.729,1.0,,0.0
2023-07-03,101.72,102.0,106.89,99.66,16516.07,169838.453,1.0,,0.0
2023-07-04,101.01,98.1,102.66,97.91,17449.13,173858.068,1.0,,0.0
2023-07-05,98.52,98.0,100.7,95.5,15526.24,151285.644,1.0,,0.0
2023-07-06,97.0,98.08,98.77,95.69,9534.36,92939.384,1.0,,0.0
2023-07-07,97.02,93.03,98.08,93.0,11540.22,109171.919,1.0,,0.0
2023-07-10,92.02,92.46,94.51,91.5,6300.21,58535.436,1.0,,0.0
2023-07-11,93.15,95.64,97.0,91.0,10935.57,102968.725,1.0,,0.0
2023-07-12,94.8,92.83,96.3,92.5,7179.23,67749.168,1.0,,0.0
2023-07-13,93.39,96.08,97.37,93.01,7453.12,71221.996,1.0,,0.0
2023-07-14,97.2,94.0,97.77,93.78,8747.35,83506.318,1.0,,0.0
2023-07-17,92.78,93.38,95.46,92.69,4241.97,39742.439,1.0,,0.0
2023-07-18,93.0,94.25,98.19,92.36,11950.81,114281.711,1.0,,0.0
2023-07-19,93.12,95.47,96.8,92.01,8645.27,81805.814,1.0,,0.0
2023-07-20,95.48,97.72,99.8,94.77,15335.45,148964.818,1.0,,0.0
2023-07-21,96.62,90.2,96.62,89.66,14078.0,130818.15,1.0,,0.0
2023-07-24,87.02,87.29,88.82,85.7,5575.18,48689.231,1.0,,0.0
2023-07-25,87.98,89.0,89.85,86.69,5389.77,47523.214,1.0,,0.0
2023-07-26,88.99,89.0,92.0,87.58,6522.06,58477.323,1.0,,0.0
2023-07-27,88.21,87.08,89.79,86.6,5681.11,49716.201,1.0,,0.0
2023-07-28,87.09,81.29,87.5,80.0,12324.19,102050.896,1.0,,0.0
2023-07-31,80.7,80.01,82.18,79.5,6907.67,55691.387,1.0,,0.0
2023-08-01,80.24,85.81,86.89,79.0,11454.94,95348.767,1.0,,0.0
2023-08-02,85.81,88.96,92.41,84.53,11685.37,104434.655,1.0,,0.0
2023-08-03,88.09,90.0,91.46,87.0,8216.98,73784.75,1.0,,0.0
2023-08-04,89.03,89.79,91.58,87.59,6825.12,61169.805,1.0,,0.0
2023-08-07,88.35,91.04,92.48,88.35,5643.92,51513.252,1.0,,0.0
2023-08-08,94.18,91.59,98.87,91.51,15622.08,148488.473,1.0,,0.0
2023-08-09,90.15,90.28,93.6,89.01,8193.32,74369.305,1.0,,0.0
2023-08-10,88.0,87.97,91.0,87.65,8231.43,72983.749,1.0,,0.0
2023-08-11,87.95,87.52,88.9,86.5,5532.35,48693.687,1.0,,0.0
2023-08-14,87.5,84.96,88.23,83.5,5862.24,49812.79,1.0,,0.0
2023-08-15,83.8,82.73,85.88,82.01,5469.24,45581.656,1.0,,0.0
2023-08-16,82.6,80.95,82.76,80.35,4773.06,38827.091,1.0,,0.0
2023-08-17,80.1,81.22,83.33,79.35,6986.92,56580.306,1.0,,0.0
2023-08-18,80.8,79.19,81.73,79.15,8572.94,68971.778,1.0,,0.0
2023-08-21,79.19,79.5,80.77,78.86,5481.86,43730.65,1.0,,0.0
2023-08-22,79.51,78.84,80.75,75.91,7583.0,59053.783,1.0,,0.0
2023-08-23,77.15,75.31,78.95,75.21,4623.73,35307.858,1.0,,0.0
2023-08-24,75.02,74.49,76.98,74.25,4690.06,35226.483,1.0,,0.0
2023-08-25,74.4,72.22,74.43,71.6,4163.27,30205.475,1.0,,0.0
2023-08-28,75.55,72.01,77.43,71.34,5945.94,44381.157,1.0,,0.0
2023-08-29,72.07,75.8,76.36,72.07,6549.63,49140.598,1.0,,0.0
2023-08-30,76.5,81.2,81.7,76.5,11500.63,91775.268,1.0,,0.0
2023-08-31,83.01,84.0,88.36,80.69,22721.92,191036.579,1.0,,0.0
2023-09-01,82.5,80.59,83.33,79.8,12362.42,100244.81,1.0,,0.0
2023-09-04,80.59,80.0,81.5,78.8,6927.92,55167.295,1.0,,0.0
2023-09-05,81.49,82.0,83.09,80.31,9761.0,79829.937,1.0,,0.0
2023-09-06,80.6,83.0,83.91,80.45,8685.0,71355.927,1.0,,0.0
2023-09-07,81.94,81.08,83.0,80.68,5408.84,44115.337,1.0,,0.0
2023-09-08,90.05,83.3,95.67,81.61,24823.42,215073.517,1.0,,0.0
2023-09-11,78.3,77.3,80.0,73.5,21560.95,164175.075,1.0,,0.0
2023-09-12,76.0,78.99,79.79,75.74,13000.0,101616.381,1.0,,0.0
2023-09-13,77.22,75.0,77.96,73.15,12003.39,90241.425,1.0,,0.0
2023-09-14,75.05,71.9,75.6,71.51,8014.01,58231.002,1.0,,0.0
2023-09-15,71.9,70.22,72.31,69.33,7440.24,52209.47,1.0,,0.0
2023-09-18,70.22,70.81,71.15,68.44,5726.02,40200.037,1.0,,0.0
2023-09-19,71.03,68.44,71.13,67.95,4911.54,33883.523,1.0,,0.0
2023-09-20,68.4,67.06,68.88,67.0,3902.08,26453.504,1.0,,0.0
2023-09-21,67.06,66.88,67.6,65.52,2868.45,19247.629,1.0,,0.0
2023-09-22,66.99,68.3,69.0,66.27,5009.45,34012.343,1.0,,0.0
2023-09-25,68.3,68.59,69.6,67.0,3556.46,24220.236,1.0,,0.0
2023-09-26,68.8,69.18,70.25,67.54,5196.98,35946.218,1.0,,0.0
2023-09-27,69.5,68.04,69.8,68.03,4025.58,27649.59,1.0,,0.0
2023-09-28,68.41,68.82,71.55,67.61,5626.95,39008.493,1.0,,0.0
2023-10-09,68.68,68.72,69.9,68.01,4294.78,29655.223,1.0,,0.0
2023-10-10,68.77,69.96,70.58,68.2,4881.24,33960.282,1.0,,0.0
2023-10-11,70.28,74.07,74.5,69.24,12943.12,93888.451,1.0,,0.0
2023-10-12,73.79,72.27,74.36,71.61,7256.05,52729.746,1.0,,0.0
2023-10-13,73.15,70.16,73.15,70.0,5461.0,38604.2,1.0,,0.0
2023-10-16,70.76,68.23,70.95,67.78,5399.06,37074.956,1.0,,0.0
2023-10-17,68.25,68.24,68.75,67.1,3321.18,22535.928,1.0,,0.0
2023-10-18,68.24,66.6,68.38,66.06,3539.45,23649.472,1.0,,0.0
2023-10-19,66.0,66.24,68.59,65.9,2864.76,19302.316,1.0,,0.0
2023-10-20,66.0,64.81,67.0,64.53,3119.82,20402.211,1.0,,0.0
2023-10-23,63.73,63.53,65.0,62.76,3656.66,23260.265,1.0,,0.0
2023-10-24,62.0,65.16,66.13,62.0,4099.02,26629.196,1.0,,0.0
2023-10-25,64.7,63.39,64.7,62.28,8337.07,52716.371,1.0,,0.0
2023-10-26,63.09,64.22,64.39,61.52,5425.32,34235.038,1.0,,0.0
2023-10-27,63.52,64.85,65.29,62.18,4975.97,31709.528,1.0,,0.0
2023-10-30,66.0,66.56,66.88,63.03,5875.2,38512.989,1.0,,0.0
2023-10-31,66.88,68.73,70.99,65.0,13419.0,91459.042,1.0,,0.0
2023-11-01,68.73,67.8,69.6,67.01,6366.73,43274.784,1.0,,0.0
2023-11-02,68.0,67.83,70.89,67.23,8218.48,56615.084,1.0,,0.0
2023-11-03,67.56,70.26,71.88,67.56,11051.75,76824.705,1.0,,0.0
2023-11-06,70.84,73.7,76.32,70.26,14938.85,110536.773,1.0,,0.0
2023-11-07,74.31,79.0,80.5,74.31,24000.17,188121.884,1.0,,0.0
2023-11-08,77.53,73.87,77.94,73.26,18156.71,136261.782,1.0,,0.0
2023-11-09,74.3,74.5,75.5,73.31,10633.87,78977.271,1.0,,0.0
2023-11-10,73.47,80.55,86.8,72.67,22835.62,180993.494,1.0,,0.0
2023-11-13,80.0,78.55,80.3,77.15,17811.44,139621.386,1.0,,0.0
2023-11-14,78.32,78.42,79.39,77.15,9224.29,72175.745,1.0,,0.0
2023-11-15,78.8,80.11,81.2,77.53,12210.3,97421.879,1.0,,0.0
2023-11-16,79.2,78.57,79.32,78.0,6004.06,47194.704,1.0,,0.0
2023-11-17,76.51,78.69,80.16,76.51,5765.09,45325.458,1.0,,0.0
2023-11-20,80.21,88.12,90.88,79.07,27429.66,235533.336,1.0,,0.0
2023-11-21,87.0,83.01,87.0,82.03,16809.64,140645.403,1.0,,0.0
2023-11-22,82.61,77.68,82.61,77.62,13032.1,103438.612,1.0,,0.0
2023-11-23,78.35,78.63,79.28,75.41,10099.46,78097.986,1.0,,0.0
2023-11-24,78.4,76.98,78.4,76.51,5848.73,45057.943,1.0,,0.0
2023-11-27,77.1,77.96,79.78,76.2,7005.17,54760.205,1.0,,0.0
2023-11-28,79.69,81.3,86.6,78.21,15932.22,131343.672,1.0,,0.0
2023-11-29,81.18,80.55,82.19,79.45,11192.42,90257.983,1.0,,0.0
2023-11-30,81.13,77.11,81.13,76.05,8519.5,65972.935,1.0,,0.0
2023-12-01,76.98,76.74,76.99,75.0,6705.23,50937.196,1.0,,0.0
2023-12-04,76.02,78.45,78.87,76.02,6737.86,52243.764,1.0,,0.0
2023-12-05,78.46,78.15,80.3,77.04,6159.21,48403.807,1.0,,0.0
2023-12-06,78.16,76.47,78.88,75.85,4825.65,37221.195,1.0,,0.0
2023-12-07,76.47,79.92,83.0,75.66,18907.51,152284.476,1.0,,0.0
2023-12-08,79.93,81.3,83.3,79.93,15168.77,124306.496,1.0,,0.0
2023-12-11,81.0,83.45,88.0,79.12,21240.23,179359.821,1.0,,0.0
2023-12-12,82.2,83.02,83.47,80.52,12806.69,104696.74,1.0,,0.0
2023-12-13,82.59,80.59,84.4,80.59,11448.69,94683.98,1.0,,0.0
2023-12-14,80.94,79.17,82.6,79.02,8061.13,64579.246,1.0,,0.0
2023-12-15,79.74,79.61,82.85,77.63,9452.38,75827.404,1.0,,0.0
2023-12-18,79.6,76.68,79.6,76.12,7027.68,54526.077,1.0,,0.0
2023-12-19,76.68,80.92,81.27,75.2,9458.94,75173.938,1.0,,0.0
2023-12-20,81.91,89.0,96.59,81.75,37600.27,334197.538,1.0,,0.0
2023-12-21,87.21,85.89,87.66,81.16,25824.62,217049.754,1.0,,0.0
2023-12-22,85.0,81.61,89.0,79.64,19562.47,164940.099,1.0,,0.0
2023-12-25,81.62,88.79,91.69,81.62,24725.98,216421.622,1.0,,0.0
2023-12-26,86.99,85.77,87.8,83.11,19004.54,161733.686,1.0,,0.0
2023-12-27,86.0,89.06,90.0,83.01,20310.24,177177.636,1.0,,0.0
2023-12-28,88.95,89.07,93.8,87.3,22363.8,202626.052,1.0,,0.0
2023-12-29,89.36,93.6,98.74,88.39,28921.21,271877.928,1.0,,0.0
2024-01-02,92.05,90.79,94.99,89.46,18743.78,171706.574,1.0,,0.0
2024-01-03,89.38,84.77,89.4,83.28,18357.37,156666.127,1.0,,0.0
2024-01-04,85.0,81.3,85.27,81.01,11108.61,91436.937,1.0,,0.0
2024-01-05,81.46,79.39,82.89,78.55,8808.77,70649.876,1.0,,0.0
2024-01-08,79.04,77.94,80.68,77.56,6015.18,47618.178,1.0,,0.0
2024-01-09,77.37,78.79,81.57,76.5,8796.01,70059.332,1.0,,0.0
2024-01-10,76.91,68.92,77.43,68.8,16416.5,118522.268,1.0,,0.0
2024-01-11,67.54,69.86,71.13,66.66,13686.85,94140.318,1.0,,0.0
2024-01-12,69.8,66.98,69.8,66.2,11870.4,80000.422,1.0,,0.0
2024-01-15,66.75,66.25,67.68,65.0,7164.87,47389.003,1.0,,0.0
2024-01-16,65.98,66.26,66.73,64.58,5921.03,38780.092,1.0,,0.0
2024-01-17,65.79,63.45,66.5,62.5,8077.69,52094.799,1.0,,0.0
2024-01-18,63.2,65.85,65.92,61.3,12143.94,77412.365,1.0,,0.0
2024-01-19,64.99,62.15,66.0,62.12,7539.96,48093.336,1.0,,0.0
2024-01-22,63.4,63.19,67.05,61.5,16468.54,106467.418,1.0,,0.0
2024-01-23,62.0,61.57,63.49,60.25,13090.62,80827.467,1.0,,0.0
2024-01-24,61.15,60.9,62.0,58.05,10649.03,63784.133,1.0,,0.0
2024-01-25,60.66,62.18,62.8,59.44,9234.99,56714.195,1.0,,0.0
2024-01-26,62.01,59.11,62.01,59.06,12895.3,77231.14,1.0,,0.0
2024-01-29,59.29,57.25,60.39,56.57,8064.5,46733.24,1.0,,0.0
2024-01-30,56.95,53.99,58.02,53.84,9204.86,51030.113,1.0,,0.0
2024-01-31,54.03,49.94,54.48,49.5,11347.56,58383.535,1.0,,0.0
2024-02-01,49.77,49.85,51.5,48.95,9596.44,48221.859,1.0,,0.0
2024-02-02,50.0,46.8,51.36,44.72,12600.32,59890.261,1.0,,0.0
2024-02-05,46.08,40.89,46.78,40.57,11949.71,51065.113,1.0,,0.0
2024-02-06,39.9,42.45,43.87,38.2,12050.05,49162.143,1.0,,0.0
2024-02-07,42.51,38.68,43.2,37.55,15584.83,63362.901,1.0,,0.0
2024-02-08,37.88,46.42,46.42,37.2,20924.26,87360.873,1.0,,0.0
2024-02-19,47.0,48.75,51.58,46.54,25403.65,123054.111,1.0,,0.0
2024-02-20,49.0,48.54,49.0,46.78,13359.56,64098.715,1.0,,0.0
2024-02-21,48.0,49.4,51.35,47.56,16771.93,83775.089,1.0,,0.0
2024-02-22,48.41,51.31,51.5,48.05,15697.54,79350.519,1.0,,0.0
2024-02-23,51.62,55.26,57.49,50.65,24449.14,131754.699,1.0,,0.0
2024-02-26,55.99,57.66,59.87,53.73,27779.86,157083.241,1.0,,0.0
2024-02-27,56.3,59.16,59.68,55.3,25192.87,144447.735,1.0,,0.0
2024-02-28,59.17,53.54,63.1,53.06,30786.39,182207.508,1.0,,0.0
2024-02-29,51.87,55.78,55.8,51.87,23227.07,126886.56,1.0,,0.0
2024-03-01,55.84,56.96,58.16,55.02,19179.13,109303.629,1.0,,0.0
2024-03-04,57.6,57.3,58.58,55.12,18699.46,106571.927,1.0,,0.0
2024-03-05,56.7,54.65,56.7,54.56,16084.68,89138.939,1.0,,0.0
2024-03-06,55.58,56.31,57.3,53.95,15057.49,83958.233,1.0,,0.0
2024-03-07,56.2,54.5,57.27,54.28,15922.89,88492.522,1.0,,0.0
2024-03-08,55.92,55.02,56.8,54.5,13347.82,73911.733,1.0,,0.0
2024-03-11,54.5,54.98,55.1,54.0,11578.03,63150.129,1.0,,0.0
2024-03-12,55.11,56.78,57.4,55.11,17629.5,99583.119,1.0,,0.0
2024-03-13,57.34,56.75,57.34,56.2,13620.69,77350.429,1.0,,0.0
2024-03-14,56.03,55.2,56.77,54.45,12381.26,68776.95,1.0,,0.0
2024-03-15,55.22,56.92,57.19,54.31,17487.26,98227.266,1.0,,0.0
2024-03-18,56.8,59.07,59.1,56.8,19636.96,114039.948,1.0,,0.0
2024-03-19,58.9,60.1,61.58,58.0,24730.56,148419.551,1.0,,0.0
2024-03-20,59.5,59.63,60.4,58.88,15531.65,92351.377,1.0,,0.0
2024-03-21,59.89,58.28,60.3,57.98,15076.13,88851.763,1.0,,0.0
2024-03-22,58.2,56.12,58.25,55.67,15071.36,85314.434,1.0,,0.0
2024-03-25,55.8,53.35,56.2,53.3,12067.89,66080.522,1.0,,0.0
2024-03-26,53.09,51.85,54.03,51.41,11195.01,58705.315,1.0,,0.0
2024-03-27,51.66,48.7,52.36,48.53,10525.39,52881.066,1.0,,0.0
2024-03-28,48.7,50.54,51.46,48.7,10538.97,53157.558,1.0,,0.0
2024-03-29,50.84,51.25,51.88,50.27,7229.52,37060.849,1.0,,0.0
2024-04-01,51.87,52.89,53.18,51.56,8317.19,43641.998,1.0,,0.0
2024-04-02,52.83,51.02,52.83,50.55,8045.72,41305.881,1.0,,0.0
2024-04-03,51.05,48.98,51.05,48.4,7877.95,38816.696,1.0,,0.0
2024-04-08,48.79,46.7,48.8,46.56,7991.16,37743.582,1.0,,0.0
2024-04-09,46.7,46.81,47.62,46.44,5955.0,27946.684,1.0,,0.0
2024-04-10,47.28,44.95,47.34,44.23,7911.34,35945.714,1.0,,0.0
2024-04-11,44.4,44.48,45.7,44.4,7473.68,33556.848,1.0,,0.0
2024-04-12,44.58,44.72,45.58,44.58,6522.51,29321.46,1.0,,0.0
2024-04-15,44.72,41.39,45.08,40.66,11631.02,48885.895,1.0,,0.0
2024-04-16,40.89,37.79,40.9,37.09,11100.05,42447.917,1.0,,0.0
2024-04-17,38.5,41.45,41.45,38.4,9977.55,40399.09,1.0,,0.0
2024-04-18,41.97,41.26,42.26,40.47,7462.0,30858.256,1.0,,0.0
2024-04-19,41.26,39.95,41.28,39.56,7625.14,30589.82,1.0,,0.0
2024-04-22,39.9,39.7,40.0,38.0,7482.74,29358.217,1.0,,0.0
2024-04-23,39.6,40.31,40.84,39.31,6728.34,27109.916,1.0,,0.0
2024-04-24,40.16,42.43,42.48,40.16,8899.02,37078.982,1.0,,0.0
2024-04-25,41.65,42.5,43.0,41.3,8874.0,37721.449,1.0,,0.0
2024-04-26,42.45,43.13,43.77,42.25,8690.4,37508.457,1.0,,0.0
2024-04-29,43.25,45.04,45.41,43.25,11753.68,52451.869,1.0,,0.0
2024-04-30,45.01,45.2,46.04,44.28,11784.0,53359.123,1.0,,0.0
2024-05-06,46.5,46.92,47.39,45.75,10162.36,47682.856,1.0,,0.0
2024-05-07,46.86,46.8,47.35,46.16,7276.79,34068.252,1.0,,0.0
2024-05-08,46.33,45.87,46.95,45.8,6931.99,32064.019,1.0,,0.0
2024-05-09,45.68,46.31,47.11,45.68,5954.0,27764.156,1.0,,0.0
2024-05-10,46.36,44.54,46.88,44.4,5875.21,26538.052,1.0,,0.0
2024-05-13,44.44,42.59,44.88,42.37,6817.89,29281.989,1.0,,0.0
2024-05-14,44.01,44.31,44.97,43.0,8432.15,37288.499,1.0,,0.0
2024-05-15,43.75,43.16,44.56,43.0,6819.15,29764.952,1.0,,0.0
2024-05-16,43.87,44.22,44.6,43.34,5866.0,25881.112,1.0,,0.0
2024-05-17,44.23,44.78,44.8,43.4,7499.34,33121.786,1.0,,0.0
2024-05-20,44.52,44.1,45.0,44.0,5794.0,25738.622,1.0,,0.0
2024-05-21,44.12,43.95,44.31,43.38,4569.94,20070.729,1.0,,0.0
2024-05-22,43.52,44.46,44.64,43.52,5441.31,24098.262,1.0,,0.0
2024-05-23,44.49,43.93,45.11,43.68,7916.0,35080.169,1.0,,0.0
2024-05-24,43.8,42.34,44.08,42.32,5856.17,25194.308,1.0,,0.0
2024-05-27,42.65,42.19,42.65,41.0,5927.16,24616.515,1.0,,0.0
2024-05-28,41.98,41.58,42.4,41.31,5603.68,23431.74,1.0,,0.0
2024-05-29,41.83,42.63,42.94,41.58,6107.53,26022.585,1.0,,0.0
2024-05-30,43.07,42.65,43.16,41.66,5359.0,22783.764,1.0,,0.0
2024-05-31,42.65,44.43,45.12,42.0,10373.3,45923.584,1.0,,0.0
2024-06-03,44.13,44.71,47.6,43.7,19290.58,87848.042,1.0,,0.0
2024-06-04,42.0,40.83,43.53,40.05,22587.58,92561.924,1.0,,0.0
2024-06-05,40.29,39.78,40.8,39.32,9977.36,40051.028,1.0,,0.0
2024-06-06,39.6,37.86,40.9,37.45,13566.8,52418.65,1.0,,0.0
2024-06-07,38.03,38.22,38.98,37.66,7415.22,28358.944,1.0,,0.0
2024-06-11,37.8,38.94,39.17,36.52,8958.14,34102.367,1.0,,0.0
2024-06-12,39.83,41.98,46.32,39.83,26377.5,113708.457,1.0,,0.0
2024-06-13,41.0,42.05,42.95,41.0,24275.01,102092.387,1.0,,0.0
2024-06-14,41.72,41.36,42.2,40.65,13543.64,55694.431,1.0,,0.0
2024-06-17,41.3,41.87,42.56,40.6,13072.01,54567.106,1.0,,0.0
2024-06-18,41.9,42.99,43.1,41.61,14793.0,62901.57,1.0,,0.0
2024-06-19,42.82,42.17,43.4,41.79,11314.34,47895.813,1.0,,0.0
2024-06-20,41.97,40.81,42.74,40.8,12792.0,53464.821,1.0,,0.0
2024-06-21,40.82,40.2,40.82,39.15,8065.28,32248.762,1.0,,0.0
2024-06-24,40.2,37.67,40.25,37.55,9121.0,35165.202,1.0,,0.0
2024-06-25,37.68,38.0,39.57,37.31,10822.0,41411.381,1.0,,0.0
2024-06-26,37.91,40.21,41.79,37.25,18257.41,72339.886,1.0,,0.0
2024-06-27,40.0,40.68,42.5,39.41,20226.96,83334.664,1.0,,0.0
2024-06-28,39.86,43.25,44.68,39.83,30204.16,129213.081,1.0,,0.0
2024-07-01,44.5,42.11,45.4,41.53,25691.1,109023.888,1.0,,0.0
2024-07-02,42.04,42.52,42.94,41.28,18277.53,76822.194,1.0,,0.0
2024-07-03,41.86,40.88,42.1,40.56,14974.74,61592.465,1.0,,0.0
2024-07-04,41.29,39.61,41.8,39.43,11798.4,47740.571,1.0,,0.0
2024-07-05,39.2,40.15,40.67,38.12,7865.0,31168.819,1.0,,0.0
2024-07-08,40.0,40.19,40.99,39.28,7806.4,31323.814,1.0,,0.0
2024-07-09,40.19,43.0,43.6,39.6,27243.46,115285.781,1.0,,0.0
2024-07-10,42.9,43.48,43.89,42.29,24769.15,106889.192,1.0,,0.0
2024-07-11,44.33,44.91,45.04,43.1,29241.96,129381.469,1.0,,0.0
2024-07-12,44.02,43.1,44.34,43.09,19039.14,82827.881,1.0,,0.0
2024-07-15,42.53,43.39,43.7,42.2,13821.74,59430.722,1.0,,0.0
2024-07-16,44.11,44.99,48.0,43.5,33869.49,153860.455,1.0,,0.0
2024-07-17,44.01,42.41,44.14,42.33,22388.82,96550.721,1.0,,0.0
2024-07-18,41.7,44.17,44.44,41.25,21069.77,90453.681,1.0,,0.0
2024-07-19,43.87,44.35,45.5,43.5,19681.01,87620.386,1.0,,0.0
2024-07-22,43.69,43.5,44.48,43.25,12711.68,55430.504,1.0,,0.0
2024-07-23,43.09,42.18,43.79,42.03,12153.78,52236.529,1.0,,0.0
2024-07-24,41.92,41.29,42.63,41.11,10817.6,45146.687,1.0,,0.0
2024-07-25,41.32,42.0,42.26,39.5,13281.62,54407.149,1.0,,0.0
2024-07-26,41.85,42.55,42.81,41.61,11086.0,46914.943,1.0,,0.0
2024-07-29,42.55,43.78,44.66,42.2,15935.4,69411.325,1.0,,0.0
2024-07-30,43.2,44.14,44.88,43.01,19108.8,84551.569,1.0,,0.0
2024-07-31,43.78,45.9,48.0,43.43,30299.22,138451.305,1.0,,0.0
2024-08-01,45.32,45.26,46.28,45.18,20061.98,91238.666,1.0,,0.0
2024-08-02,44.85,43.69,45.38,43.61,16446.0,73050.608,1.0,,0.0
2024-08-05,43.18,40.64,43.3,40.62,18082.0,76288.621,1.0,,0.0
2024-08-06,41.22,41.69,41.92,40.9,9589.0,39690.053,1.0,,0.0
2024-08-07,41.69,42.58,42.62,41.22,10166.0,43008.532,1.0,,0.0
2024-08-08,42.42,41.02,42.5,40.82,10664.34,44161.959,1.0,,0.0
2024-08-09,41.31,40.81,41.77,40.75,7297.0,29979.664,1.0,,0.0
2024-08-12,40.46,40.29,40.85,39.5,6083.0,24391.451,1.0,,0.0
2024-08-13,40.67,42.92,46.34,40.4,30732.67,133112.292,1.0,,0.0
2024-08-14,45.57,46.9,47.99,43.88,55196.48,253140.8,1.0,,0.0
2024-08-15,45.0,48.38,48.98,45.0,58121.73,274025.526,1.0,,0.0
2024-08-16,49.49,48.73,57.0,48.63,74493.38,383896.309,1.0,,0.0
2024-08-19,46.3,44.3,46.83,43.77,47135.51,212502.331,1.0,,0.0
2024-08-20,43.96,42.62,46.65,42.42,32852.74,145063.581,1.0,,0.0
2024-08-21,42.0,43.07,43.21,41.42,21965.97,93597.347,1.0,,0.0
2024-08-22,42.92,40.85,42.92,40.8,22761.37,94733.843,1.0,,0.0
2024-08-23,40.83,41.26,41.87,39.71,18703.23,76535.167,1.0,,0.0
2024-08-26,41.3,43.04,43.06,40.7,22901.81,96468.27,1.0,,0.0
2024-08-27,44.0,44.32,45.78,43.5,36321.12,161786.017,1.0,,0.0
2024-08-28,43.98,45.56,46.77,43.53,33873.83,153951.564,1.0,,0.0
2024-08-29,45.81,46.88,47.49,45.36,38425.22,178937.686,1.0,,0.0
2024-08-30,46.5,46.04,48.05,46.0,47073.3,221943.509,1.0,,0.0
2024-09-02,46.0,44.78,46.23,44.61,30335.05,137424.238,1.0,,0.0
2024-09-03,44.87,44.91,45.3,44.25,18422.0,82619.716,1.0,,0.0
2024-09-04,44.0,44.23,44.75,43.3,17722.4,78071.421,1.0,,0.0
2024-09-05,44.04,44.27,44.38,43.16,14753.0,64867.779,1.0,,0.0
2024-09-06,44.15,42.5,44.17,42.42,18936.45,81633.451,1.0,,0.0
2024-09-09,42.3,43.4,43.74,41.95,16534.0,71283.862,1.0,,0.0
2024-09-10,43.4,44.73,44.82,42.5,18990.69,83478.142,1.0,,0.0
2024-09-11,44.4,45.44,46.58,44.17,23159.04,104635.607,1.0,,0.0
2024-09-12,45.0,43.32,45.6,43.22,22864.71,100925.08,1.0,,0.0
2024-09-13,43.1,42.29,43.8,42.22,13420.89,57494.502,1.0,,0.0
2024-09-18,42.21,43.13,43.5,41.69,14412.6,61339.075,1.0,,0.0
2024-09-19,42.89,44.08,44.24,42.65,16439.0,71691.417,1.0,,0.0
2024-09-20,44.05,44.46,45.18,43.31,19207.67,84877.838,1.0,,0.0
2024-09-23,44.27,42.5,44.27,42.48,19690.3,84682.224,1.0,,0.0
2024-09-24,42.48,44.38,44.38,42.08,23179.2,100402.604,1.0,,0.0
2024-09-25,45.83,44.91,46.49,44.56,32453.03,147101.731,1.0,,0.0
2024-09-26,44.89,45.79,45.8,43.79,26743.92,119745.663,1.0,,0.0
2024-09-27,45.99,48.26,49.13,45.55,40119.1,190203.476,1.0,,0.0
2024-09-30,50.33,56.32,56.78,49.33,49511.74,261334.408,1.0,,0.0
2024-10-08,67.32,64.89,67.32,58.58,52143.36,330303.249,1.0,,0.0
2024-10-09,60.0,54.39,61.56,54.36,40019.34,233030.017,1.0,,0.0
2024-10-10,55.94,53.8,56.7,53.0,24733.48,135882.292,1.0,,0.0
2024-10-11,53.11,49.75,54.5,49.16,24102.76,123081.36,1.0,,0.0
2024-10-14,49.77,52.09,52.3,48.95,19923.71,101201.223,1.0,,0.0
2024-10-15,51.85,51.21,53.38,50.8,19473.15,101767.162,1.0,,0.0
2024-10-16,50.23,50.63,51.48,49.58,15418.5,77985.346,1.0,,0.0
2024-10-17,51.0,51.54,52.8,51.0,19934.03,103578.324,1.0,,0.0
2024-10-18,51.0,53.64,55.0,51.0,26622.37,141700.648,1.0,,0.0
2024-10-21,53.36,55.3,55.8,53.2,29647.59,162280.775,1.0,,0.0
2024-10-22,55.0,59.62,59.99,53.88,47566.33,272058.628,1.0,,0.0
2024-10-23,57.9,57.41,58.46,56.3,30699.33,176416.184,1.0,,0.0
2024-10-24,56.71,55.22,56.8,55.0,17459.36,97128.979,1.0,,0.0
2024-10-25,55.0,56.11,56.55,55.0,18302.61,102432.463,1.0,,0.0
2024-10-28,56.68,55.89,56.7,55.08,16483.0,91659.848,1.0,,0.0
2024-10-29,55.9,53.82,56.29,53.82,17862.0,98608.469,1.0,,0.0
2024-10-30,54.04,54.8,55.56,53.83,15453.32,84385.221,1.0,,0.0
2024-10-31,54.25,53.3,54.27,52.5,20004.0,106699.223,1.0,,0.0
2024-11-01,52.55,50.95,53.21,50.5,16442.0,84848.954,1.0,,0.0
2024-11-04,50.96,53.39,53.4,50.8,14996.0,78867.015,1.0,,0.0
2024-11-05,54.0,56.24,58.0,53.5,27463.14,153416.666,1.0,,0.0
2024-11-06,56.05,55.15,56.3,54.3,25301.34,140123.639,1.0,,0.0
2024-11-07,54.8,55.74,55.77,53.91,14879.0,82038.033,1.0,,0.0
2024-11-08,55.74,55.73,56.76,55.65,18682.0,104844.823,1.0,,0.0
2024-11-11,55.0,57.49,57.49,54.71,23702.11,134479.922,1.0,,0.0
2024-11-12,57.74,57.52,59.8,56.9,31603.93,184897.314,1.0,,0.0
2024-11-13,57.25,59.56,59.6,56.11,29323.75,170435.252,1.0,,0.0
2024-11-14,58.98,56.41,59.02,56.2,19683.84,113426.518,1.0,,0.0
2024-11-15,55.72,56.9,58.84,55.72,22313.84,128040.637,1.0,,0.0
2024-11-18,56.92,52.81,56.97,52.5,20367.66,109240.082,1.0,,0.0
2024-11-19,53.31,54.98,55.0,52.77,14200.0,76448.901,1.0,,0.0
2024-11-20,56.0,55.55,56.0,54.34,14966.57,82848.55,1.0,,0.0
2024-11-21,55.05,57.0,57.2,54.25,21649.93,121890.432,1.0,,0.0
2024-11-22,56.55,54.44,58.39,54.39,21722.91,122574.992,1.0,,0.0
2024-11-25,54.02,55.4,55.94,52.68,13876.57,74736.084,1.0,,0.0
2024-11-26,54.85,55.79,56.76,54.71,15745.34,87697.114,1.0,,0.0
2024-11-27,55.0,55.85,55.87,52.6,15439.99,83787.124,1.0,,0.0
2024-11-28,55.55,54.42,56.67,54.17,13056.34,72497.26,1.0,,0.0
2024-11-29,54.0,54.36,55.36,53.05,14286.0,77443.63,1.0,,0.0
2024-12-02,54.36,55.03,55.35,54.27,12901.0,70723.613,1.0,,0.0
2024-12-03,55.1,56.01,56.34,54.81,16170.08,90347.085,1.0,,0.0
2024-12-04,56.01,55.44,57.56,55.16,18688.08,105346.953,1.0,,0.0
2024-12-05,55.1,56.8,57.2,55.05,17376.04,98186.055,1.0,,0.0
2024-12-06,57.07,56.51,57.09,55.39,16706.5,93628.968,1.0,,0.0
2024-12-09,56.4,56.14,56.8,55.38,10849.29,60969.473,1.0,,0.0
2024-12-10,57.65,56.66,58.49,56.58,23220.96,133641.94,1.0,,0.0
2024-12-11,57.0,59.1,59.47,55.8,36126.6,209533.796,1.0,,0.0
2024-12-12,58.72,57.95,58.74,57.36,21335.31,123493.727,1.0,,0.0
2024-12-13,57.49,60.05,60.49,56.72,44938.79,265771.489,1.0,,0.0
2024-12-16,59.45,59.05,63.0,58.66,44996.35,274565.888,1.0,,0.0
2024-12-17,58.33,54.65,58.58,54.38,25404.41,142435.066,1.0,,0.0
2024-12-18,54.81,55.75,57.23,53.1,19478.95,108164.456,1.0,,0.0
2024-12-19,54.9,56.45,57.2,53.46,24176.0,133011.953,1.0,,0.0
2024-12-20,55.54,57.52,58.49,55.54,23261.93,133984.114,1.0,,0.0
2024-12-23,57.33,53.99,58.3,53.68,22094.03,122488.83,1.0,,0.0
2024-12-24,54.59,55.03,55.96,53.01,16030.39,87350.075,1.0,,0.0
2024-12-25,54.55,56.25,58.05,54.1,24848.03,139984.071,1.0,,0.0
2024-12-26,55.58,57.99,58.5,55.4,26137.0,150684.15,1.0,,0.0
2024-12-27,58.46,57.5,58.94,56.92,22642.02,131224.773,1.0,,0.0
2024-12-30,56.9,56.6,58.1,55.3,16222.54,92133.913,1.0,,0.0
2024-12-31,57.5,53.66,57.5,53.52,20489.56,112265.972,1.0,,0.0
2025-01-02,53.41,51.41,54.84,50.76,18061.76,95195.327,1.0,,0.0
2025-01-03,51.8,51.54,55.55,51.29,19350.69,101973.249,1.0,,0.0
2025-01-06,50.9,48.25,51.23,48.0,17114.38,84417.119,1.0,,0.0
2025-01-07,48.75,49.38,49.48,47.54,13930.69,67696.481,1.0,,0.0
2025-01-08,48.96,48.5,49.4,46.58,14712.09,70655.312,1.0,,0.0
2025-01-09,48.01,48.78,49.46,48.01,10681.39,52173.334,1.0,,0.0
2025-01-10,48.4,46.68,49.5,46.68,11866.08,57241.647,1.0,,0.0
2025-01-13,45.99,46.42,46.79,44.92,8760.0,40304.173,1.0,,0.0
2025-01-14,46.9,48.87,48.89,46.62,13812.22,66521.645,1.0,,0.0
2025-01-15,48.84,48.14,49.6,48.01,9355.0,45378.064,1.0,,0.0
2025-01-16,48.31,47.96,49.06,47.5,10843.87,52300.705,1.0,,0.0
2025-01-17,47.9,47.89,48.75,47.53,7603.87,36559.289,1.0,,0.0
2025-01-20,48.5,48.61,49.2,48.18,10740.91,52336.181,1.0,,0.0
2025-01-21,48.96,48.99,49.5,47.79,13445.34,65459.067,1.0,,0.0
2025-01-22,48.8,48.46,49.3,48.04,9828.57,47752.598,1.0,,0.0
2025-01-23,48.98,48.06,49.68,48.06,13360.0,65503.005,1.0,,0.0
2025-01-24,47.74,49.28,49.36,47.58,13525.0,65682.442,1.0,,0.0
2025-01-27,49.75,48.45,50.19,48.33,10098.74,49629.127,1.0,,0.0
2025-02-05,49.3,49.76,49.99,49.0,12602.14,62396.506,1.0,,0.0
2025-02-06,49.7,51.79,51.91,49.18,17495.28,89303.599,1.0,,0.0
2025-02-07,51.9,51.57,52.51,50.86,18503.0,96190.901,1.0,,0.0
2025-02-10,51.95,53.77,53.85,51.2,23999.0,126632.014,1.0,,0.0
2025-02-11,54.22,55.66,59.0,52.8,42705.76,239556.813,1.0,,0.0
2025-02-12,55.5,56.66,58.9,55.5,51165.31,293560.392,1.0,,0.0
2025-02-13,55.93,53.49,56.03,53.29,36796.0,199697.21,1.0,,0.0
2025-02-14,53.67,53.12,53.99,52.7,18516.4,98506.49,1.0,,0.0
2025-02-17,54.3,55.31,56.49,54.27,31260.61,173006.833,1.0,,0.0
2025-02-18,54.99,52.88,55.45,52.76,19762.3,106647.647,1.0,,0.0
2025-02-19,52.94,54.1,54.44,52.58,14161.0,76370.578,1.0,,0.0
2025-02-20,55.61,56.1,57.0,55.2,38885.68,218615.629,1.0,,0.0
2025-02-21,56.21,57.54,57.58,55.51,37308.18,212114.477,1.0,,0.0
2025-02-24,57.1,56.78,57.5,55.65,27432.62,155143.085,1.0,,0.0
2025-02-25,55.05,56.26,57.36,54.5,26314.52,148018.742,1.0,,0.0
2025-02-26,56.24,55.8,56.88,55.59,22361.0,125348.564,1.0,,0.0
2025-02-27,57.2,56.76,57.9,55.31,28067.59,158766.691,1.0,,0.0
2025-02-28,55.82,53.6,56.48,53.53,19939.0,109174.815,1.0,,0.0
2025-03-03,54.02,53.64,54.96,53.18,12398.74,67239.29,1.0,,0.0
2025-03-04,54.49,56.35,56.49,54.01,24607.85,137083.402,1.0,,0.0
2025-03-05,56.3,56.68,56.85,55.55,20441.0,114913.654,1.0,,0.0
2025-03-06,56.99,56.72,57.37,56.46,22690.0,129238.666,1.0,,0.0
2025-03-07,57.1,56.5,58.0,55.98,23604.0,134855.774,1.0,,0.0
2025-03-10,56.03,56.06,56.64,55.58,13854.0,77679.862,1.0,,0.0
2025-03-11,55.21,55.46,56.34,54.69,12391.0,68594.738,1.0,,0.0
2025-03-12,55.5,55.6,56.43,54.9,15852.0,88433.046,1.0,,0.0
2025-03-13,55.6,53.96,55.6,53.21,18694.09,100952.668,1.0,,0.0
2025-03-14,53.46,54.83,54.85,53.02,12127.0,65656.608,1.0,,0.0
2025-03-17,54.87,57.45,57.79,54.26,37358.48,210975.707,1.0,,0.0
2025-03-18,56.71,56.97,57.32,56.11,23210.79,131511.696,1.0,,0.0
2025-03-19,56.67,56.26,56.86,55.95,13329.0,75078.679,1.0,,0.0
2025-03-20,55.87,56.61,57.3,55.87,21980.78,124825.097,1.0,,0.0
2025-03-21,56.47,54.42,56.47,54.39,18242.0,100703.355,1.0,,0.0
2025-03-24,54.53,51.54,54.85,50.25,22820.27,119351.81,1.0,,0.0
2025-03-25,51.88,51.63,52.96,50.91,15274.87,79567.587,1.0,,0.0
2025-03-26,51.01,52.11,52.49,51.0,12815.9,66681.208,1.0,,0.0
2025-03-27,52.1,51.08,52.1,50.54,8994.0,46094.206,1.0,,0.0
2025-03-28,51.12,50.05,51.68,50.02,9658.0,48791.245,1.0,,0.0
2025-03-31,49.98,49.78,49.98,48.71,8699.0,42879.779,1.0,,0.0
2025-04-01,49.99,50.22,50.96,49.99,6911.0,34899.488,1.0,,0.0
2025-04-02,51.96,50.42,51.98,50.26,10044.0,51137.289,1.0,,0.0
2025-04-03,50.0,49.79,50.65,49.12,8602.0,42912.223,1.0,,0.0
2025-04-07,46.02,39.83,47.0,39.83,16844.0,71624.542,1.0,,0.0
2025-04-08,40.17,40.0,41.83,39.02,15043.0,60842.985,1.0,,0.0
2025-04-09,38.98,41.25,41.55,36.0,17034.0,66798.216,1.0,,0.0
2025-04-10,42.34,42.88,43.76,42.0,13635.0,58713.816,1.0,,0.0
2025-04-11,42.77,43.13,43.65,42.0,11479.0,49492.869,1.0,,0.0
2025-04-14,44.91,43.83,45.28,43.8,9739.0,43093.036,1.0,,0.0
2025-04-15,43.67,43.79,44.3,43.36,6130.51,26793.707,1.0,,0.0
2025-04-16,43.79,43.39,43.97,42.12,6220.89,26830.195,1.0,,0.0
2025-04-17,43.39,43.51,44.12,42.9,6550.8,28656.933,1.0,,0.0
2025-04-18,43.6,43.62,43.92,43.0,6044.06,26269.698,1.0,,0.0
2025-04-21,43.62,44.56,44.77,43.25,7358.81,32538.486,1.0,,0.0
2025-04-22,44.79,44.53,44.98,44.31,5007.0,22308.534,1.0,,0.0
2025-04-23,44.98,45.29,45.37,44.68,6827.33,30813.447,1.0,,0.0
2025-04-24,45.26,44.58,45.35,44.0,6618.81,29601.563,1.0,,0.0
2025-04-25,44.24,43.74,44.52,43.36,9965.0,43774.719,1.0,,0.0
2025-04-28,43.74,43.22,44.18,42.7,7761.0,33529.085,1.0,,0.0
2025-04-29,42.84,43.69,44.09,42.53,6980.0,30531.516,1.0,,0.0
2025-04-30,44.07,44.76,45.1,43.75,7617.0,34104.526,1.0,,0.0
2025-05-06,45.0,45.86,45.93,45.0,7601.0,34686.569,1.0,,0.0
2025-05-07,47.0,46.07,47.23,45.49,8347.34,38480.083,1.0,,0.0
2025-05-08,46.07,46.87,46.98,46.0,6772.0,31591.549,1.0,,0.0
2025-05-09,47.28,46.25,47.28,45.97,6771.0,31430.081,1.0,,0.0
2025-05-12,46.94,47.0,47.2,46.4,8360.0,39175.33,1.0,,0.0
2025-05-13,47.62,46.78,48.49,46.61,8456.0,39744.747,1.0,,0.0
2025-05-14,46.78,46.51,47.1,46.09,7553.8,35101.887,1.0,,0.0
2025-05-15,46.72,46.22,46.95,45.83,5467.28,25235.75,1.0,,0.0
2025-05-16,46.22,46.17,47.08,45.75,6493.0,30208.365,1.0,,0.0
2025-05-19,46.19,46.72,46.85,45.62,5554.45,25760.441,1.0,,0.0
2025-05-20,47.11,47.34,47.37,46.58,6834.8,32177.907,1.0,,0.0
2025-05-21,47.28,46.62,47.33,46.43,6447.0,30220.223,1.0,,0.0
2025-05-22,46.3,45.95,47.2,45.47,9077.0,41950.177,1.0,,0.0
2025-05-23,45.96,45.1,46.4,45.1,11819.34,54244.712,1.0,,0.0
2025-05-26,45.15,45.8,45.92,44.85,5527.0,25186.32,1.0,,0.0
2025-05-27,46.07,45.67,46.07,45.09,7040.0,32086.62,1.0,,0.0
2025-05-28,46.06,45.3,46.51,45.22,7087.56,32401.16,1.0,,0.0
2025-05-29,45.3,45.87,46.0,45.2,7485.0,34244.208,1.0,,0.0
2025-05-30,45.71,44.75,45.8,44.61,7160.23,32235.485,1.0,,0.0
2025-06-03,44.99,45.1,45.35,44.34,6212.64,28015.294,1.0,,0.0
2025-06-04,45.01,45.77,45.85,45.01,5006.04,22837.903,1.0,,0.0
2025-06-05,45.31,46.05,46.17,45.17,6977.24,31972.261,1.0,,0.0
2025-06-06,45.7,45.88,45.95,45.38,4966.0,22655.87,1.0,,0.0
2025-06-09,45.9,46.92,47.27,45.78,7557.0,35266.071,1.0,,0.0
2025-06-10,47.5,45.91,47.86,45.33,6951.0,32206.383,1.0,,0.0
2025-06-11,46.1,46.21,46.83,46.06,5172.0,24022.131,1.0,,0.0
2025-06-12,46.68,46.64,47.5,46.26,8822.0,41259.927,1.0,,0.0
2025-06-13,45.98,45.39,46.89,45.23,9306.23,42703.846,1.0,,0.0
2025-06-16,44.88,46.0,46.3,44.88,7054.75,32398.006,1.0,,0.0
2025-06-17,45.88,46.27,47.45,45.88,10075.03,46922.203,1.0,,0.0
2025-06-18,45.8,46.54,47.42,45.65,9041.0,41961.975,1.0,,0.0
2025-06-19,46.51,45.4,46.72,45.27,7831.0,35935.743,1.0,,0.0
2025-06-20,45.42,44.79,46.3,44.7,6251.0,28251.893,1.0,,0.0
2025-06-23,44.65,46.22,46.22,44.23,7936.0,36220.469,1.0,,0.0
2025-06-24,46.6,47.08,47.11,46.01,8612.0,40258.987,1.0,,0.0
2025-06-25,47.23,47.93,48.26,46.81,15243.75,72598.045,1.0,,0.0
2025-06-26,47.85,47.77,48.16,47.42,10287.0,49172.154,1.0,,0.0
2025-06-27,48.0,47.87,48.04,47.55,7563.0,36108.692,1.0,,0.0
2025-06-30,48.34,48.06,48.35,47.77,9020.0,43261.446,1.0,,0.0
2025-07-01,48.15,47.95,48.42,47.5,8978.0,43103.161,1.0,,0.0
2025-07-02,47.99,47.9,48.04,47.13,7897.0,37605.834,1.0,,0.0
2025-07-03,47.88,48.3,48.88,47.68,11799.0,56831.748,1.0,,0.0
2025-07-04,48.01,47.18,48.3,47.09,7680.0,36456.806,1.0,,0.0
2025-07-07,47.14,47.44,47.44,46.99,4491.0,21222.692,1.0,,0.0
2025-07-08,47.4,47.92,48.08,47.33,6587.0,31490.093,1.0,,0.0
2025-07-09,48.0,48.53,49.3,47.86,13535.0,65695.204,1.0,,0.0
2025-07-10,48.53,48.45,48.95,48.23,8985.0,43552.108,1.0,,0.0
2025-07-11,48.34,48.21,48.59,47.85,7635.0,36777.561,1.0,,0.0
2025-07-14,48.29,48.8,48.88,47.85,5573.0,27046.189,1.0,,0.0
2025-07-15,48.55,48.39,48.93,47.77,5805.0,28042.98,1.0,,0.0
2025-07-16,48.39,48.83,49.14,48.39,6802.0,33244.253,1.0,,0.0
2025-07-17,48.83,49.61,49.96,48.83,8150.03,40304.879,1.0,,0.0
2025-07-18,50.0,49.56,50.02,49.03,5678.0,28109.8,1.0,,0.0
2025-07-21,49.79,50.3,50.42,49.57,6168.34,30871.198,1.0,,0.0
2025-07-22,50.28,49.5,50.41,49.38,8502.49,42307.261,1.0,,0.0
2025-07-23,49.4,49.03,49.52,49.01,7373.0,36303.936,1.0,,0.0
2025-07-24,49.03,50.01,50.73,49.03,8502.0,42425.5,1.0,,0.0
2025-07-25,50.11,50.41,50.49,49.75,8701.0,43606.216,1.0,,0.0
2025-07-28,50.77,51.2,51.48,50.22,11181.57,56966.288,1.0,,0.0
2025-07-29,50.9,51.43,53.02,50.9,17435.23,90361.26,1.0,,0.0
2025-07-30,51.5,51.29,52.13,50.9,10682.0,54922.56,1.0,,0.0
2025-07-31,51.4,50.72,51.71,50.53,10509.45,53808.493,1.0,,0.0
2025-08-01,50.75,51.25,51.49,50.72,7501.23,38343.829,1.0,,0.0
2025-08-04,50.99,52.28,52.6,50.66,9880.39,51265.524,1.0,,0.0
2025-08-05,52.19,52.39,52.74,52.1,6864.0,35931.439,1.0,,0.0
2025-08-06,52.39,53.42,53.48,52.1,10576.39,56165.351,1.0,,0.0
2025-08-07,53.5,53.54,55.61,53.16,18353.0,98903.396,1.0,,0.0
2025-08-08,53.54,53.51,53.99,53.0,13533.0,72219.69,1.0,,0.0
2025-08-11,53.52,54.3,54.72,53.31,10077.61,54592.051,1.0,,0.0
2025-08-12,54.3,53.95,54.61,53.4,9767.0,52627.003,1.0,,0.0
2025-08-13,54.02,53.6,54.39,53.35,10815.69,58055.609,1.0,,0.0
2025-08-14,53.6,52.3,54.0,52.19,14174.41,74856.967,1.0,,0.0
2025-08-15,52.9,52.88,53.43,52.36,10568.6,56050.093,1.0,,0.0
2025-08-18,52.88,53.57,53.78,52.77,11363.06,60730.487,1.0,,0.0
2025-08-19,53.96,53.76,54.0,52.96,10862.0,58154.436,1.0,,0.0
2025-08-20,53.98,55.41,56.6,53.5,30334.12,166404.546,1.0,,0.0
2025-08-21,55.23,54.55,56.56,54.1,20753.69,113676.049,1.0,,0.0
2025-08-22,54.62,54.45,55.33,53.85,18042.36,98386.371,1.0,,0.0
2025-08-25,54.13,54.25,56.56,53.77,25928.6,142002.345,1.0,,0.0
2025-08-26,53.86,54.1,55.09,53.01,18936.0,102460.628,1.0,,0.0
2025-08-27,53.7,52.27,54.81,52.23,21827.3,117192.502,1.0,,0.0
2025-08-28,52.27,51.85,53.1,49.7,22692.88,116279.614,1.0,,0.0
2025-08-29,51.87,51.52,52.18,51.1,11871.0,61266.615,1.0,,0.0
2025-09-01,51.72,52.3,53.2,51.22,15935.52,83210.848,1.0,,0.0
2025-09-02,52.58,51.01,52.8,50.01,17021.3,86803.842,1.0,,0.0
2025-09-03,51.5,50.12,51.99,49.85,12643.01,64431.468,1.0,,0.0
2025-09-04,50.22,50.18,51.58,49.41,14068.0,71416.104,1.0,,0.0
2025-09-05,50.6,54.3,54.49,50.3,32874.73,174489.117,1.0,,0.0
2025-09-08,54.7,56.84,58.3,54.6,45672.04,258870.344,1.0,,0.0
2025-09-09,56.81,56.05,56.81,55.03,23924.58,133148.837,1.0,,0.0
2025-09-10,55.41,59.63,59.93,55.07,47256.43,273788.695,1.0,,0.0
2025-09-11,59.0,58.85,59.74,57.61,27999.23,164621.854,1.0,,0.0
2025-09-12,59.25,64.46,66.23,57.7,62872.75,393067.918,1.0,,0.0
2025-09-15,63.46,65.71,71.9,62.52,71289.63,474929.099,1.0,,0.0
2025-09-16,64.95,65.76,66.38,63.98,35661.0,232145.853,1.0,,0.0
2025-09-17,65.09,65.18,66.6,64.25,30500.0,198857.738,1.0,,0.0
2025-09-18,65.2,62.7,65.49,61.68,45986.25,291382.021,1.0,,0.0
2025-09-19,62.68,61.04,63.35,60.49,22710.0,139943.959,1.0,,0.0
2025-09-22,62.06,63.08,65.28,61.18,27646.2,174815.304,1.0,,0.0
2025-09-23,63.99,63.26,65.45,60.82,30980.19,195563.173,1.0,,0.0
2025-09-24,63.21,69.93,70.58,62.0,53105.07,359006.699,1.0,,0.0
2025-09-25,69.0,68.01,69.95,67.4,26441.0,180885.663,1.0,,0.0
2025-09-26,69.08,71.59,72.24,67.69,40763.3,286873.924,1.0,,0.0
2025-09-29,70.11,71.62,74.7,70.01,34894.11,252196.627,1.0,,0.0
2025-09-30,71.8,70.47,72.77,70.08,20780.79,148048.454,1.0,,0.0
2025-10-09,74.0,82.23,84.56,72.36,68340.94,549180.59,1.0,,0.0
2025-10-10,80.0,76.5,81.36,75.87,45482.01,354642.556,1.0,,0.0
2025-10-13,70.67,78.1,78.78,70.4,36411.83,278535.596,1.0,,0.0
2025-10-14,80.44,75.3,84.54,74.0,45851.29,366100.685,1.0,,0.0
2025-10-15,77.5,84.0,86.29,76.1,54409.07,443629.281,1.0,,0.0
2025-10-16,82.0,84.44,86.5,81.11,42649.86,357493.306,1.0,,0.0
2025-10-17,84.51,82.5,88.81,76.77,64598.2,526236.405,1.0,,0.0
2025-10-20,85.0,91.97,95.13,83.34,76053.62,693647.244,1.0,,0.0
2025-10-21,92.31,90.49,93.34,89.23,54629.21,496153.895,1.0,,0.0
2025-10-22,90.5,92.91,96.69,88.02,57908.94,537951.653,1.0,,0.0
2025-10-23,91.0,87.0,94.92,86.0,55377.9,497907.826,1.0,,0.0
2025-10-24,87.19,82.22,90.33,81.02,58541.44,495996.069,1.0,,0.0
2025-10-27,85.11,85.01,86.98,83.0,45914.61,391275.261,1.0,,0.0
2025-10-28,84.2,85.98,90.19,82.01,47581.5,416196.271,1.0,,0.0
2025-10-29,85.1,87.99,88.88,80.6,56174.48,470580.236,1.0,,0.0
2025-10-30,86.7,77.71,90.59,77.6,63622.27,531797.809,1.0,,0.0
2025-10-31,78.99,79.89,81.5,77.71,34291.67,273471.174,1.0,,0.0
2025-11-03,79.9,84.38,86.0,79.0,53475.64,447797.917,1.0,,0.0
2025-11-04,84.0,83.5,84.99,82.8,22981.55,192424.932,1.0,,0.0
2025-11-05,82.0,79.47,83.5,78.01,31279.55,251495.973,1.0,,0.0
2025-11-06,80.1,80.99,81.28,77.3,25379.61,201775.101,1.0,,0.0
2025-11-07,80.58,79.81,82.88,78.3,19967.0,160620.899,1.0,,0.0
2025-11-10,80.0,76.29,81.5,75.0,30079.06,232695.75,1.0,,0.0
2025-11-11,76.94,75.45,77.9,74.91,21862.53,166866.479,1.0,,0.0
2025-11-12,75.44,75.77,77.98,72.5,23580.93,178328.563,1.0,,0.0
2025-11-13,75.57,76.93,77.5,75.01,17360.6,132881.471,1.0,,0.0
2025-11-14,76.73,88.83,91.2,75.1,73453.87,630878.198,1.0,,0.0
2025-11-17,93.0,91.51,95.0,89.01,44980.0,411193.204,1.0,,0.0
2025-11-18,90.05,85.2,92.03,83.4,52543.0,452629.275,1.0,,0.0
2025-11-19,84.36,81.12,86.0,80.63,29191.22,241738.876,1.0,,0.0
2025-11-20,81.14,77.22,81.7,76.54,21809.49,170786.402,1.0,,0.0
2025-11-21,76.47,72.73,79.0,71.5,30534.0,226660.13,1.0,,0.0
2025-11-24,73.75,75.58,76.79,72.76,30668.14,229893.621,1.0,,0.0
2025-11-25,75.84,75.36,77.59,75.17,15080.93,115264.48,1.0,,0.0
2025-11-26,75.54,75.57,78.78,74.53,17519.0,134548.252,1.0,,0.0
2025-11-27,76.57,75.97,78.88,75.04,15250.0,117352.065,1.0,,0.0
2025-11-28,76.37,75.65,76.67,74.85,12077.0,91399.772,1.0,,0.0
2025-12-01,75.88,73.6,76.19,72.94,13418.0,99946.469,1.0,,0.0
2025-12-02,74.6,70.99,75.0,70.65,16888.43,121138.228,1.0,,0.0
2025-12-03,71.99,69.52,71.99,68.89,14394.0,100224.822,1.0,,0.0
2025-12-04,70.38,69.48,70.38,68.0,10186.84,70556.17,1.0,,0.0
2025-12-05,70.4,72.58,73.3,69.26,18458.5,132825.557,1.0,,0.0
2025-12-08,72.58,74.18,75.78,72.58,18333.0,136879.399,1.0,,0.0
2025-12-09,73.88,73.66,74.62,72.91,12087.45,88987.924,1.0,,0.0
2025-12-10,73.44,71.5,73.65,71.37,10307.34,74173.889,1.0,,0.0
2025-12-11,71.5,71.51,72.5,70.0,14686.0,104985.798,1.0,,0.0
2025-12-12,70.85,70.69,71.8,69.81,10258.0,72566.456,1.0,,0.0
2025-12-15,70.69,69.38,70.69,69.21,9003.0,62917.502,1.0,,0.0
2025-12-16,69.91,67.35,69.91,67.11,9937.93,67529.625,1.0,,0.0
2025-12-17,67.21,69.45,69.8,66.34,12982.0,88723.519,1.0,,0.0
2025-12-18,69.2,69.01,70.77,68.02,13453.64,93264.317,1.0,,0.0
2025-12-19,70.01,70.54,71.85,69.71,12185.12,86139.568,1.0,,0.0
2025-12-22,71.43,70.5,72.2,70.0,10533.55,75142.46,1.0,,0.0
2025-12-23,70.6,70.32,71.66,69.57,13240.0,93439.188,1.0,,0.0
2025-12-24,70.32,70.9,71.8,69.6,13948.55,98779.296,1.0,,0.0
2025-12-25,71.08,72.15,72.9,69.92,17328.01,124494.24,1.0,,0.0
2025-12-26,72.0,72.5,73.54,71.03,15597.0,113000.396,1.0,,0.0
2025-12-29,72.4,71.54,72.87,70.38,12200.0,86972.879,1.0,,0.0
2025-12-30,71.0,72.3,72.39,70.25,10294.0,73439.416,1.0,,0.0
2025-12-31,73.2,70.9,73.35,70.61,10110.32,72159.613,1.0,,0.0
2026-01-05,70.95,74.65,75.35,70.64,19801.0,146724.676,1.0,,0.0
2026-01-06,74.24,75.7,78.61,74.24,24318.0,184706.568,1.0,,0.0
2026-01-07,75.66,76.88,77.92,73.81,23571.0,180416.52,1.0,,0.0
2026-01-08,76.95,79.97,80.3,76.5,34709.34,273933.912,1.0,,0.0
2026-01-09,79.84,79.19,80.55,77.44,30132.0,237095.099,1.0,,0.0
2026-01-12,79.97,83.02,84.92,77.12,39313.13,322363.882,1.0,,0.0
2026-01-13,82.58,81.57,84.2,80.3,28466.0,234246.495,1.0,,0.0
2026-01-14,82.57,81.92,85.0,78.85,28632.0,234813.322,1.0,,0.0
2026-01-15,81.36,84.35,84.7,80.01,34935.58,288598.858,1.0,,0.0
2026-01-16,86.57,83.15,87.59,82.11,27679.58,232588.028,1.0,,0.0
2026-01-19,83.42,83.41,85.03,82.5,19421.16,162480.278,1.0,,0.0
2026-01-20,83.01,80.0,85.3,78.2,29394.6,237232.478,1.0,,0.0
2026-01-21,79.59,82.76,83.06,79.29,19512.21,159883.11,1.0,,0.0
2026-01-22,82.73,82.08,83.79,81.34,11005.45,90425.083,1.0,,0.0
2026-01-23,82.08,85.88,86.0,80.58,30498.58,254016.098,1.0,,0.0
2026-01-26,90.64,86.23,91.92,84.65,38020.98,335521.496,1.0,,0.0
2026-01-27,85.87,85.59,87.35,82.0,21083.69,177662.868,1.0,,0.0
2026-01-28,84.89,81.73,84.9,80.75,20275.68,165923.513,1.0,,0.0
2026-01-29,81.01,79.99,83.07,77.5,23721.0,189684.887,1.0,,0.0
2026-01-30,78.9,79.47,79.75,77.13,16552.0,130232.457,1.0,,0.0
2026-02-02,79.52,79.48,81.67,78.8,17148.7,137708.204,1.0,,0.0
2026-02-03,79.97,84.24,84.98,79.7,24441.98,204187.478,1.0,,0.0
2026-02-04,84.25,83.5,84.25,82.19,13087.75,108784.973,1.0,,0.0
2026-02-05,83.18,81.69,83.92,81.4,15433.0,126681.551,1.0,,0.0
2026-02-06,81.64,82.89,84.01,80.13,12601.69,103631.674,1.0,,0.0
2026-02-09,82.9,84.38,85.88,82.19,17700.67,149371.644,1.0,,0.0
2026-02-10,84.25,84.74,84.8,82.72,13369.12,112430.145,1.0,,0.0
2026-02-11,84.18,82.79,84.7,81.9,15637.17,129402.191,1.0,,0.0
2026-02-12,82.3,79.9,84.0,79.38,22730.47,184626.402,1.0,,0.0
2026-02-13,80.01,82.74,83.3,79.69,19916.0,163944.883,1.0,,0.0
2026-02-24,83.66,84.82,87.9,83.1,29596.9,251367.894,1.0,,0.0
2026-02-25,85.45,86.02,86.5,83.52,16552.03,141164.425,1.0,,0.0
2026-02-26,86.24,86.76,88.22,85.02,20959.11,181958.136,1.0,,0.0
2026-02-27,86.88,87.54,88.74,86.0,17154.79,150415.951,1.0,,0.0
2026-03-02,86.78,85.87,87.68,84.65,17529.0,151124.466,1.0,,0.0
2026-03-03,86.39,81.72,87.0,81.52,19962.2,167279.003,1.0,,0.0
2026-03-04,82.5,80.3,82.5,79.01,15118.52,122037.68,1.0,,0.0
2026-03-05,80.54,78.3,81.31,77.67,18775.0,149833.205,1.0,,0.0
2026-03-06,78.36,77.11,78.99,77.01,13169.0,102500.555,1.0,,0.0
2026-03-09,76.0,75.34,76.12,72.57,18234.0,135189.501,1.0,,0.0
2026-03-10,76.0,78.07,79.26,75.49,15362.62,119737.375,1.0,,0.0
2026-03-11,78.85,77.31,81.0,77.21,16981.24,133993.703,1.0,,0.0
2026-03-12,77.3,72.41,77.3,71.7,21368.0,157468.283,1.0,,0.0
2026-03-13,72.55,72.22,73.59,71.85,13678.12,99525.991,1.0,,0.0
2026-03-16,72.83,72.7,73.3,71.06,10879.0,78582.625,1.0,,0.0
2026-03-17,73.08,70.18,73.45,70.04,9260.0,65979.298,1.0,,0.0
2026-03-18,70.32,71.25,71.27,70.01,7729.0,54670.933,1.0,,0.0
2026-03-19,70.71,69.25,71.25,68.61,11499.0,80629.85,1.0,,0.0
2026-03-20,69.25,67.2,70.42,66.28,24341.0,165212.823,1.0,,0.0
2026-03-23,66.3,61.19,66.3,60.68,18302.2,116153.347,1.0,,0.0
2026-03-24,63.41,63.45,63.61,61.17,18590.07,115666.276,1.0,,0.0
2026-03-25,63.72,65.56,66.45,63.72,11909.0,77890.786,1.0,,0.0
2026-03-26,65.5,65.1,67.77,64.58,11066.49,73311.396,1.0,,0.0
2026-03-27,65.24,67.16,67.99,64.4,14399.0,96107.61,1.0,,0.0
2026-03-30,67.0,66.84,67.99,65.35,10668.27,71008.476,1.0,,0.0
2026-03-31,66.75,66.62,68.56,66.5,9725.31,65493.87,1.0,,0.0
2026-04-01,67.6,67.58,68.09,67.05,7904.0,53453.208,1.0,,0.0
2026-04-02,67.18,66.34,68.5,65.82,7848.0,52487.677,1.0,,0.0
2026-04-03,66.34,65.98,66.8,65.68,6791.87,44950.526,1.0,,0.0
2026-04-07,67.01,67.4,68.9,66.01,9629.31,65379.666,1.0,,0.0
2026-04-08,68.68,70.37,70.49,68.68,9526.2,66593.587,1.0,,0.0
2026-04-09,70.1,69.95,70.81,69.19,8525.0,59752.433,1.0,,0.0
2026-04-10,70.5,70.75,71.5,70.03,7993.03,56692.72,1.0,,0.0
2026-04-13,70.85,72.7,73.49,69.4,14547.91,104504.465,1.0,,0.0
2026-04-14,73.55,74.8,75.54,72.4,14847.72,109674.742,1.0,,0.0
2026-04-15,75.51,75.0,77.5,74.68,13556.0,102628.959,1.0,,0.0
2026-04-16,75.9,81.0,81.0,75.63,32589.07,258651.319,1.0,,0.0
2026-04-17,86.79,82.13,87.59,80.29,30065.78,246398.069,1.0,,0.0
2026-04-20,82.46,83.23,84.19,79.02,27431.47,223099.849,1.0,,0.0
2026-04-21,82.79,82.26,85.2,81.81,16047.19,132991.765,1.0,,0.0
2026-04-22,81.5,81.1,83.0,80.66,15612.74,127411.759,1.0,,0.0
2026-04-23,82.11,79.68,82.2,78.8,19383.0,155402.809,1.0,,0.0
2026-04-24,79.95,80.11,80.98,78.62,14613.0,116702.742,1.0,,0.0
2026-04-27,80.85,82.6,83.0,79.56,16624.9,135855.497,1.0,,0.0
2026-04-28,82.06,83.69,85.19,82.05,17935.0,150270.579,1.0,,0.0
2026-04-29,83.5,84.76,87.98,82.89,16467.0,140993.04,1.0,,0.0
2026-04-30,84.71,85.36,85.7,83.9,13120.0,111509.25,1.0,,0.0
2026-05-06,85.63,86.72,88.35,85.63,14724.6,128537.878,1.0,,0.0
2026-05-07,86.7,86.0,87.7,85.3,18077.0,156139.069,1.0,,0.0
2026-05-08,85.09,86.32,88.0,84.88,17563.16,151318.069,1.0,,0.0
2026-05-11,86.34,85.83,86.59,84.4,153904800.0,1318116740.0,1.0,,0.0
2026-05-12,85.81,86.87,87.66,84.0,18545.81,158839.116,1.0,,0.0
2026-05-13,86.56,91.8,92.98,85.66,23374.7,211051.383,1.0,,0.0
2026-05-14,92.35,91.29,92.79,90.53,16580.26,151929.132,1.0,,0.0
2026-05-15,91.82,90.01,92.34,89.18,13442.0,121899.61,1.0,,0.0
2026-05-18,90.01,89.59,90.8,88.81,10951.0,98337.772,1.0,,0.0
2026-05-19,89.59,93.18,94.26,87.5,16637.74,151743.606,1.0,,0.0
2026-05-20,92.06,92.92,94.1,91.3,12638.0,116700.399,1.0,,0.0
2026-05-21,92.92,88.13,95.0,87.55,15093.0,138453.054,1.0,,0.0
2026-05-22,88.92,92.1,93.2,88.17,12999.16,118735.01,1.0,,0.0
2026-05-25,71.68,71.0,72.21,69.5,19121.38,135637.078,1.0,,0.0
2026-05-26,71.2,65.67,71.2,64.56,22373.9,148465.026,1.0,,0.0
2026-05-27,66.8,64.05,67.01,63.81,17095.79,111660.525,1.0,,0.0
2026-05-28,63.98,73.08,73.98,63.51,40769.89,279225.876,1.0,,0.0
2026-05-29,83.14,87.7,87.7,80.2,38433.85,331693.53307,1.0,,0.0
2026-06-01,86.83,74.27,86.83,73.62,121711.53,954679.40569,1.0,,0.0
2026-06-02,73.5,82.0,83.68,72.9,98479.92,774539.69408,1.0,,0.0
2026-06-03,81.99,82.25,85.53,80.52,76246.59,633989.87441,1.0,,0.0
2026-06-04,81.84,80.3,83.99,77.99,62164.49,498557.476,1.0,,0.0
2026-06-05,80.0,80.09,84.45,78.08,46953.11,381082.459,1.0,,0.0
2026-06-08,77.53,75.75,80.17,74.61,38205.0,293507.58055,1.0,,0.0
2026-06-09,76.72,77.2,79.48,74.91,33240.4,256836.92678,1.0,,0.0
2026-06-10,77.85,72.46,78.5,70.01,45027.73,327091.37098,1.0,,0.0
2026-06-11,71.98,70.92,74.45,70.08,28043.93,200820.1127,1.0,,0.0
2026-06-12,73.0,69.46,74.2,68.91,25244.55,180137.93715,1.0,,0.0
2026-06-15,70.22,72.85,72.99,69.44,28786.66,206664.61381,1.0,,0.0
2026-06-16,72.87,77.89,80.6,72.87,37672.77,292812.54903,1.0,,0.0
2026-06-17,76.42,77.06,78.66,76.31,26846.12,207852.30996,1.0,,0.0
2026-06-18,77.15,78.29,79.28,76.2,23790.31,185803.96399,1.0,,0.0
2026-06-22,78.51,75.65,80.6,73.02,30159.62,228049.6446,1.0,,0.0
2026-06-24,74.51,73.8,75.6,72.36,18506.4,136736.8174,1.0,,0.0
2026-06-25,73.1,73.51,74.67,71.53,21570.21,157538.28976,1.0,,0.0
2026-06-26,72.4,69.32,73.58,68.38,20933.4,147462.97625,1.0,,0.0
2026-06-29,69.87,67.0,71.49,64.52,22996.26,154593.19169,1.0,,0.0
2026-06-30,67.16,68.49,69.07,66.36,21107.78,143804.97761,1.0,,0.0
2026-07-01,68.65,66.88,69.8,66.56,19919.21,135121.66094,1.0,,0.0
2026-07-03,67.6,72.77,76.49,67.6,45941.84,338297.3868,1.0,,0.0
2026-07-06,72.8,71.09,74.99,68.6,31781.69,226695.41297,1.0,,0.0
2026-07-07,70.72,68.81,72.82,68.26,24994.83,174377.37109,1.0,,0.0
2026-07-08,70.7,67.14,73.89,66.9,35901.1,248125.4031,1.0,,0.0
2026-07-09,66.33,66.56,67.95,62.55,30254.79,197348.20425,1.0,,0.0
2026-07-10,66.55,63.98,67.35,63.98,21503.9,141946.312,1.0,,0.0
2026-07-14,56.52,57.31,57.73,54.1,23272.7,130357.43678,1.0,,0.0
2026-07-15,57.28,55.31,57.56,54.98,17177.2,96156.8243,1.0,,0.0
2026-07-16,55.33,52.6,55.91,52.08,17200.14,92549.0067,1.0,,0.0
2026-07-17,53.97,47.64,53.97,47.0,21876.65,108515.043,1.0,,0.0
2026-07-20,48.27,44.17,50.77,43.2,33684.54,159095.53952,1.0,,0.0
2026-07-21,45.5,47.0,47.74,40.48,39164.11,174658.27649,1.0,,0.0
2026-07-22,46.13,45.2,47.8,44.79,26606.26,123061.08212,1.0,,0.0
2026-07-23,46.09,46.3,47.7,45.06,22385.94,103422.66832,1.0,,0.0
2026-07-24,45.38,45.63,46.56,44.8,18301.5,83631.3042,1.0,,0.0
2026-07-27,45.65,48.61,48.84,45.17,24623.31,116131.20985,1.0,,0.0
2026-07-28,47.97,46.16,48.69,45.9,20220.7,95230.8687,1.0,,0.0
2026-07-29,47.18,45.65,47.18,43.84,25342.4,114183.2907,1.0,,0.0
2026-07-30,45.95,43.49,46.97,42.88,30541.46,136141.0367,1.0,,0.0
2026-07-31,45.45,45.73,47.94,45.45,30194.7,141018.71198,1.0,,0.0
2026-08-03,46.16,45.86,46.99,45.13,23496.98,108071.44832,1.0,,0.0
2026-08-04,46.13,48.08,48.2,45.73,33394.65,158549.73123,1.0,,0.0
2026-08-05,47.87,50.2,51.0,47.66,28942.96,143863.34772,1.0,,0.0
2026-08-06,49.33,50.35,51.23,49.03,25321.1,127336.8886,1.0,,0.0
2026-08-07,50.98,51.57,52.2,50.28,27705.1,142449.2238,1.0,,0.0
2026-08-10,51.57,50.89,52.6,49.72,24661.81,124392.09675,1.0,,0.0
2026-08-11,50.88,52.04,53.08,50.42,26956.64,139994.00185,1.0,,0.0
2026-08-12,52.21,53.5,54.95,51.55,26663.2,142990.5936,1.0,7.8296,0.0
2026-08-13,54.06,52.5,54.25,52.5,21443.55,114638.93666,1.0,6.3,0.0
2026-08-14,52.69,53.55,54.47,52.3,15627.89,83357.74756,1.0,4.59,0.0
2026-08-17,53.28,55.48,55.6,53.05,19563.2,106614.3699,1.0,0.0,0.0
2026-08-18,55.45,55.43,56.54,54.68,13933.96,77284.12544,1.0,0.0,0.0
2026-08-19,54.37,50.61,54.65,50.53,18902.06,98756.73928,1.0,0.0,0.0
2026-08-20,51.9,55.79,60.73,50.98,67533.89,384306.70007,1.0,9.6773,19.8311
2026-08-21,57.49,57.14,58.47,55.18,71184.16,404758.02551,1.0,10.2004,20.903
2026-08-24,56.68,55.1,57.8,53.37,48659.19,268480.16428,1.0,6.9727,14.2886
2026-08-25,54.16,54.5,55.74,52.88,34040.61,185478.84424,1.0,4.8779,9.9959
2026-08-26,54.15,54.18,56.55,52.74,29910.76,161236.2207,1.0,4.2861,8.7832
2026-08-27,54.23,55.48,55.63,53.2,25687.53,140156.48833,1.0,3.6809,7.5431
2026-08-28,54.72,56.27,57.6,53.51,34184.39,192132.86455,1.0,4.8985,10.0381
2026-08-31,55.69,58.6,58.88,55.49,29420.5,169506.25859,1.0,4.2158,8.6392
2026-09-01,57.86,56.01,58.86,55.22,25105.17,141227.23103,1.0,3.5975,7.3721
2026-09-02,56.0,55.3,56.25,54.37,15000.84,83214.46508,1.0,2.1496,4.4049
2026-09-03,55.33,55.86,56.58,53.71,27259.9,150223.9406,1.0,3.9062,8.0048
2026-09-04,55.86,53.59,56.6,53.16,20436.3,111826.6675,1.0,2.9284,6.0011
2026-09-07,53.63,55.45,55.85,53.56,16755.89,92393.09605,1.0,2.4011,4.9203
2026-09-08,55.47,54.1,55.56,53.8,14458.61,78805.03761,1.0,2.0719,4.2457
2026-09-09,53.98,54.65,55.46,53.62,14541.38,79347.08074,1.0,2.0837,4.27
2026-09-10,57.58,54.15,58.38,53.21,25641.6,139427.6122,1.0,3.6743,7.5296
2026-09-11,53.02,52.48,53.95,50.21,22339.7,116094.1183,1.0,3.2012,6.56
2026-09-14,51.83,55.49,56.15,51.49,24795.6,135608.0165,1.0,3.5531,7.2812
2026-09-15,55.21,55.24,56.36,54.02,18413.3,101921.7899,1.0,2.6386,5.407
2026-09-16,55.19,59.19,59.58,54.64,32527.47,186678.41037,1.0,4.6611,9.5516
2026-09-17,58.98,60.25,61.23,58.38,31615.8,189625.7938,1.0,4.5304,9.2839
2026-09-18,60.86,63.65,64.8,60.31,34900.53,219809.16424,1.0,5.0011,10.2484
2026-09-21,63.84,64.5,64.99,63.51,23904.0,153723.28089,1.0,3.4254,7.0193
2026-09-22,65.8,70.5,72.34,65.8,44951.07,316019.75968,1.0,6.4413,13.1997
2026-09-23,69.5,67.98,70.8,66.9,37973.32,258276.8398,1.0,5.4414,11.1507
2026-09-24,67.6,65.65,67.69,65.41,23121.5,153055.38506,1.0,3.3132,6.7896
2026-09-28,66.06,62.56,66.36,61.44,22810.7,143810.88409,1.0,3.2687,6.6983
2026-09-29,62.0,61.42,63.39,61.02,15137.24,94192.41785,1.0,2.1691,4.445
2026-09-30,61.7,59.62,62.8,59.55,15578.45,94325.9684,1.0,2.2323,4.5746
2026-10-08,59.62,58.74,62.33,58.15,24028.52,144281.5993,1.0,3.4432,7.0559
2026-10-09,58.2,55.7,58.3,52.8,26871.18,148554.05184,1.0,3.8505,7.8906
