date,open,close,high,low,volume,money,factor,turnover,turnover_free
2023-06-19,35.1,39.87,45.63,34.85,151155.68,577525.82,1.0,,0.0
2023-06-20,37.1,38.26,42.03,37.0,129652.46,508670.764,1.0,,0.0
2023-06-21,36.85,33.02,37.97,32.88,106954.32,374472.911,1.0,,0.0
2023-06-26,31.58,30.51,32.51,30.5,68109.79,213030.929,1.0,,0.0
2023-06-27,29.94,29.34,30.62,29.12,53738.8,159463.453,1.0,,0.0
2023-06-28,29.3,28.84,29.48,27.75,50347.18,143619.935,1.0,,0.0
2023-06-29,28.7,29.03,29.49,28.41,32556.75,94875.162,1.0,,0.0
2023-06-30,28.9,29.86,30.2,28.89,34363.17,102270.365,1.0,,0.0
2023-07-03,29.77,29.18,30.11,29.03,29920.97,88062.376,1.0,,0.0
2023-07-04,29.49,30.58,31.72,29.47,54602.12,167271.154,1.0,,0.0
2023-07-05,29.98,29.91,30.78,29.8,33273.31,100167.597,1.0,,0.0
2023-07-06,29.92,30.5,30.5,28.96,30292.1,90510.891,1.0,,0.0
2023-07-07,30.29,29.32,30.29,29.3,27228.06,80737.117,1.0,,0.0
2023-07-10,29.32,29.47,29.54,29.07,13806.17,40510.026,1.0,,0.0
2023-07-11,29.54,29.33,29.75,29.24,15324.0,45106.904,1.0,,0.0
2023-07-12,29.38,29.15,29.7,29.0,19835.0,58074.983,1.0,,0.0
2023-07-13,29.44,30.43,31.21,29.07,46481.95,140587.125,1.0,,0.0
2023-07-14,30.05,31.13,31.56,29.56,55227.33,168939.78,1.0,,0.0
2023-07-17,30.85,30.94,31.85,30.41,28617.1,88527.226,1.0,,0.0
2023-07-18,30.8,30.0,30.87,29.86,23998.23,72611.617,1.0,,0.0
2023-07-19,30.1,30.88,30.88,29.91,25115.54,76665.551,1.0,,0.0
2023-07-20,31.5,33.6,36.9,31.0,93218.14,312111.364,1.0,,0.0
2023-07-21,33.43,31.37,34.21,31.2,69644.65,224908.381,1.0,,0.0
2023-07-24,30.21,30.08,30.5,29.0,44669.89,132710.088,1.0,,0.0
2023-07-25,29.9,30.46,30.48,29.8,30258.84,91338.725,1.0,,0.0
2023-07-26,30.44,29.78,30.44,29.57,23887.13,71349.21,1.0,,0.0
2023-07-27,29.8,29.33,30.13,29.28,20875.0,61853.071,1.0,,0.0
2023-07-28,29.12,29.42,29.65,28.88,15064.15,44174.861,1.0,,0.0
2023-07-31,29.4,29.82,30.12,29.32,18645.85,55303.414,1.0,,0.0
2023-08-01,29.79,29.27,29.79,29.06,16226.0,47518.433,1.0,,0.0
2023-08-02,29.48,29.94,30.3,29.41,25367.54,75885.755,1.0,,0.0
2023-08-03,29.61,29.46,29.94,29.22,17742.43,52161.13,1.0,,0.0
2023-08-04,29.51,29.2,29.6,29.16,15720.0,46031.485,1.0,,0.0
2023-08-07,29.25,28.95,29.25,28.52,15907.0,45801.756,1.0,,0.0
2023-08-08,28.97,30.02,30.09,28.95,32472.05,96417.457,1.0,,0.0
2023-08-09,29.69,30.46,30.5,29.62,30037.38,90214.752,1.0,,0.0
2023-08-10,36.55,36.55,36.55,36.55,54294.98,198448.152,1.0,,0.0
2023-08-11,37.55,39.31,41.25,36.88,153396.04,593558.465,1.0,,0.0
2023-08-14,35.76,35.14,37.14,34.39,105641.69,375462.644,1.0,,0.0
2023-08-15,33.99,32.7,34.89,32.59,94606.33,317150.832,1.0,,0.0
2023-08-16,33.15,33.47,34.5,33.15,79942.8,269093.53,1.0,,0.0
2023-08-17,34.5,34.42,36.86,33.79,90937.43,319434.739,1.0,,0.0
2023-08-18,33.02,41.3,41.3,33.02,116112.01,429180.157,1.0,,0.0
2023-08-21,39.0,36.44,39.1,36.35,119421.69,447264.593,1.0,,0.0
2023-08-22,36.08,37.79,37.85,35.7,95782.9,353157.429,1.0,,0.0
2023-08-23,36.68,34.77,36.78,34.35,70392.01,248579.779,1.0,,0.0
2023-08-24,33.9,33.71,34.56,32.29,56697.92,189433.135,1.0,,0.0
2023-08-25,33.11,30.13,33.3,29.6,61940.96,192071.977,1.0,,0.0
2023-08-28,32.3,29.47,32.3,29.1,50513.57,153710.512,1.0,,0.0
2023-08-29,29.34,31.57,31.77,29.18,52961.38,163831.157,1.0,,0.0
2023-08-30,31.18,31.85,32.59,31.02,38709.46,123058.65,1.0,,0.0
2023-08-31,31.73,32.34,32.5,31.52,31762.45,101703.1,1.0,,0.0
2023-09-01,32.49,32.15,32.49,31.69,24390.57,78046.575,1.0,,0.0
2023-09-04,32.82,32.33,32.9,31.41,32052.13,102771.469,1.0,,0.0
2023-09-05,31.88,31.75,32.19,31.5,23523.86,74689.105,1.0,,0.0
2023-09-06,31.55,31.93,31.98,31.29,17522.49,55539.064,1.0,,0.0
2023-09-07,31.64,30.83,31.88,30.8,21001.61,65481.569,1.0,,0.0
2023-09-08,30.93,31.88,31.88,30.8,21624.11,68162.307,1.0,,0.0
2023-09-11,32.2,31.45,32.26,31.01,19829.92,62165.968,1.0,,0.0
2023-09-12,31.4,31.13,31.47,31.0,12511.46,38963.666,1.0,,0.0
2023-09-13,31.0,30.78,31.15,30.35,13072.0,40016.792,1.0,,0.0
2023-09-14,30.7,30.35,30.74,30.0,11191.57,33878.301,1.0,,0.0
2023-09-15,30.39,30.66,30.95,29.96,9982.97,30546.604,1.0,,0.0
2023-09-18,30.41,31.51,31.66,30.16,19606.32,61327.523,1.0,,0.0
2023-09-19,31.52,30.63,31.61,30.58,10818.0,33465.912,1.0,,0.0
2023-09-20,30.81,30.65,31.2,30.54,8275.0,25461.74,1.0,,0.0
2023-09-21,30.66,30.07,30.89,30.01,9985.0,30272.201,1.0,,0.0
2023-09-22,29.98,31.25,31.39,29.7,16591.0,51211.576,1.0,,0.0
2023-09-25,31.55,31.25,31.83,30.94,12926.0,40488.159,1.0,,0.0
2023-09-26,31.01,31.2,31.31,30.76,10496.01,32624.196,1.0,,0.0
2023-09-27,30.91,31.21,31.96,30.58,18820.43,58989.828,1.0,,0.0
2023-09-28,31.19,31.64,31.75,30.81,19458.57,61016.272,1.0,,0.0
2023-10-09,31.46,31.25,31.5,30.89,12636.57,39349.031,1.0,,0.0
2023-10-10,31.12,30.57,31.34,30.5,12939.0,39800.929,1.0,,0.0
2023-10-11,30.66,30.74,31.0,29.9,10902.19,33295.531,1.0,,0.0
2023-10-12,30.7,30.25,30.95,30.06,12269.0,37132.012,1.0,,0.0
2023-10-13,30.11,29.75,30.25,29.52,10348.57,30757.034,1.0,,0.0
2023-10-16,29.65,29.47,30.14,29.31,9629.0,28554.172,1.0,,0.0
2023-10-17,29.5,29.43,29.59,29.11,6780.57,19893.822,1.0,,0.0
2023-10-18,29.4,28.52,29.41,28.46,8458.0,24265.673,1.0,,0.0
2023-10-19,28.4,28.73,29.2,28.1,9082.0,26161.286,1.0,,0.0
2023-10-20,28.6,28.45,29.45,28.32,8532.0,24567.393,1.0,,0.0
2023-10-23,28.28,27.71,28.46,27.5,8459.57,23551.508,1.0,,0.0
2023-10-24,27.83,28.95,28.97,27.7,10745.51,30748.608,1.0,,0.0
2023-10-25,28.8,29.15,29.24,28.45,10684.37,30828.214,1.0,,0.0
2023-10-26,28.84,30.42,30.44,28.5,22639.37,67123.944,1.0,,0.0
2023-10-27,31.44,31.74,34.2,29.5,59247.25,188755.803,1.0,,0.0
2023-10-30,30.76,30.68,31.19,30.06,38846.52,118401.648,1.0,,0.0
2023-10-31,30.4,31.67,31.78,29.4,43957.34,134341.62,1.0,,0.0
2023-11-01,30.9,31.3,31.78,30.49,37485.61,116587.39,1.0,,0.0
2023-11-02,30.78,31.12,31.49,30.66,25238.0,78434.108,1.0,,0.0
2023-11-03,31.2,30.83,31.38,30.72,16492.0,51185.054,1.0,,0.0
2023-11-06,30.82,31.4,31.7,30.8,26735.22,83822.985,1.0,,0.0
2023-11-07,31.41,31.48,31.65,31.13,19710.0,61902.237,1.0,,0.0
2023-11-08,31.48,32.03,32.6,31.14,34989.15,111562.158,1.0,,0.0
2023-11-09,32.13,30.84,32.3,30.78,34509.23,107883.269,1.0,,0.0
2023-11-10,30.6,31.36,32.3,30.6,26553.75,83378.491,1.0,,0.0
2023-11-13,32.29,37.63,37.63,32.29,129996.03,478929.667,1.0,,0.0
2023-11-14,40.0,45.16,45.16,38.5,132858.83,543256.926,1.0,,0.0
2023-11-15,43.5,54.19,54.19,41.94,140016.27,672699.921,1.0,,0.0
2023-11-16,51.0,46.11,51.59,43.55,162912.26,753836.231,1.0,,0.0
2023-11-17,43.02,42.03,44.15,42.02,104950.54,449870.477,1.0,,0.0
2023-11-20,41.94,42.97,43.19,41.0,90201.62,380660.955,1.0,,0.0
2023-11-21,42.62,41.43,43.23,41.16,73981.49,312069.813,1.0,,0.0
2023-11-22,41.51,42.5,43.0,40.19,76721.25,322882.102,1.0,,0.0
2023-11-23,41.3,39.4,41.9,39.18,69516.38,275962.048,1.0,,0.0
2023-11-24,39.4,39.6,39.97,38.84,41559.85,163646.149,1.0,,0.0
2023-11-27,39.3,39.46,39.88,38.4,34657.34,135309.548,1.0,,0.0
2023-11-28,39.16,39.78,39.8,38.84,30552.71,120873.439,1.0,,0.0
2023-11-29,39.66,38.8,39.85,38.59,33958.85,133029.387,1.0,,0.0
2023-11-30,38.26,38.4,38.78,37.97,29389.81,112498.952,1.0,,0.0
2023-12-01,38.64,38.77,38.94,37.6,25587.61,98573.409,1.0,,0.0
2023-12-04,38.77,39.01,39.28,38.52,25815.95,100527.301,1.0,,0.0
2023-12-05,38.72,37.79,39.55,37.66,32741.38,125984.786,1.0,,0.0
2023-12-06,37.16,37.8,38.49,37.15,23506.98,89202.694,1.0,,0.0
2023-12-07,37.71,36.95,38.2,36.81,25598.19,95612.235,1.0,,0.0
2023-12-08,37.25,36.18,37.31,36.11,26450.16,96530.497,1.0,,0.0
2023-12-11,36.0,36.67,36.87,36.0,19426.48,70942.856,1.0,,0.0
2023-12-12,36.73,37.04,37.49,36.65,22337.19,82728.083,1.0,,0.0
2023-12-13,37.05,36.75,37.25,36.56,17886.0,65889.101,1.0,,0.0
2023-12-14,36.75,36.3,37.0,36.2,16067.0,58656.168,1.0,,0.0
2023-12-15,36.35,36.2,36.76,35.83,15901.85,57476.43,1.0,,0.0
2023-12-18,36.2,35.59,36.49,35.49,13785.0,49400.168,1.0,,0.0
2023-12-19,35.85,35.74,36.12,35.3,9778.61,34787.31,1.0,,0.0
2023-12-20,35.95,35.79,36.84,35.76,24299.0,88194.532,1.0,,0.0
2023-12-21,35.8,36.53,36.8,35.01,23230.58,83664.973,1.0,,0.0
2023-12-22,36.51,35.85,37.18,35.69,25599.52,93144.059,1.0,,0.0
2023-12-25,35.84,35.27,36.39,35.0,18500.0,65407.998,1.0,,0.0
2023-12-26,35.5,34.73,35.5,34.52,12314.37,42959.074,1.0,,0.0
2023-12-27,34.73,35.74,35.76,34.73,16412.0,58017.852,1.0,,0.0
2023-12-28,35.46,36.14,36.32,35.07,15693.91,56365.638,1.0,,0.0
2023-12-29,35.94,36.92,37.19,35.94,26262.5,96795.57,1.0,,0.0
2024-01-02,37.11,36.35,37.12,36.23,14305.0,52368.05,1.0,,0.0
2024-01-03,36.12,35.96,36.59,35.64,11634.0,41877.375,1.0,,0.0
2024-01-04,36.1,37.2,37.2,35.47,28658.87,105267.135,1.0,,0.0
2024-01-05,37.48,38.69,39.49,36.81,79940.98,307501.057,1.0,,0.0
2024-01-08,37.64,36.6,37.77,35.51,42038.92,153380.638,1.0,,0.0
2024-01-09,36.1,33.89,37.25,33.5,44892.0,158681.167,1.0,,0.0
2024-01-10,33.87,34.59,35.09,32.5,30530.94,104651.613,1.0,,0.0
2024-01-11,34.46,35.47,35.5,33.9,28169.96,97817.396,1.0,,0.0
2024-01-12,35.47,33.63,35.48,33.59,24559.57,84161.401,1.0,,0.0
2024-01-15,33.5,33.27,33.84,32.89,15563.4,51637.492,1.0,,0.0
2024-01-16,33.27,32.95,33.34,32.34,14245.24,46683.333,1.0,,0.0
2024-01-17,33.0,32.14,33.09,32.0,11353.36,36857.453,1.0,,0.0
2024-01-18,31.8,31.77,32.38,30.88,15062.89,47361.933,1.0,,0.0
2024-01-19,31.65,31.55,32.75,31.29,18641.0,59494.949,1.0,,0.0
2024-01-22,31.38,29.67,31.38,29.34,16441.84,50141.595,1.0,,0.0
2024-01-23,29.67,29.43,29.9,29.01,12077.0,35536.85,1.0,,0.0
2024-01-24,29.4,29.81,30.29,28.88,13554.0,40240.762,1.0,,0.0
2024-01-25,30.1,30.64,30.79,29.62,15151.96,45948.812,1.0,,0.0
2024-01-26,30.55,30.7,31.49,30.4,17692.0,54838.327,1.0,,0.0
2024-01-29,31.17,29.78,31.71,29.7,12040.0,36623.714,1.0,,0.0
2024-01-30,29.82,28.24,29.82,28.24,15284.43,44206.889,1.0,,0.0
2024-01-31,28.62,26.35,28.63,26.2,15535.46,42244.489,1.0,,0.0
2024-02-01,26.35,26.1,26.63,25.51,14082.0,36814.107,1.0,,0.0
2024-02-02,26.0,24.4,26.79,23.64,18127.0,45255.307,1.0,,0.0
2024-02-05,24.15,20.6,24.5,20.3,24195.17,51829.219,1.0,,0.0
2024-02-06,19.42,20.89,21.68,18.54,24663.71,49197.743,1.0,,0.0
2024-02-07,21.17,18.55,21.17,18.48,27530.26,54128.698,1.0,,0.0
2024-02-08,18.65,20.38,20.48,17.9,28921.89,55476.044,1.0,,0.0
2024-02-19,20.38,21.81,21.81,20.38,24746.26,52693.531,1.0,,0.0
2024-02-20,21.58,22.42,22.44,21.3,16928.07,37341.007,1.0,,0.0
2024-02-21,22.05,23.2,24.42,22.05,28080.71,65822.427,1.0,,0.0
2024-02-22,23.0,24.63,24.63,22.93,25002.38,59945.926,1.0,,0.0
2024-02-23,24.97,25.4,25.4,23.99,33536.26,82666.736,1.0,,0.0
2024-02-26,25.24,25.81,26.77,25.24,35652.57,92459.295,1.0,,0.0
2024-02-27,25.5,27.34,27.56,25.37,35196.93,94146.091,1.0,,0.0
2024-02-28,27.31,23.97,27.65,23.76,48449.14,126142.466,1.0,,0.0
2024-02-29,23.58,25.38,25.38,23.5,27586.63,68618.612,1.0,,0.0
2024-03-01,25.5,27.66,29.48,25.5,49126.16,131633.156,1.0,,0.0
2024-03-04,28.0,26.79,28.18,25.88,35478.95,94903.301,1.0,,0.0
2024-03-05,26.96,25.92,26.98,25.7,22696.26,59290.554,1.0,,0.0
2024-03-06,25.6,27.0,27.5,25.59,29679.92,79562.398,1.0,,0.0
2024-03-07,27.35,26.32,27.66,25.94,27034.87,72609.66,1.0,,0.0
2024-03-08,26.07,26.71,26.97,26.07,20572.62,54665.93,1.0,,0.0
2024-03-11,26.65,27.07,27.5,26.41,18629.95,49904.384,1.0,,0.0
2024-03-12,27.26,27.19,27.39,26.7,23698.74,64105.762,1.0,,0.0
2024-03-13,27.19,28.0,28.88,27.15,42322.24,118732.505,1.0,,0.0
2024-03-14,27.7,27.45,28.38,26.76,25594.52,70643.686,1.0,,0.0
2024-03-15,27.15,27.88,28.07,26.8,22433.63,61591.021,1.0,,0.0
2024-03-18,27.98,28.67,28.75,27.86,25274.69,71702.091,1.0,,0.0
2024-03-19,28.5,28.68,28.85,28.33,23379.16,66895.252,1.0,,0.0
2024-03-20,28.68,29.23,29.4,28.4,22121.59,63920.508,1.0,,0.0
2024-03-21,29.05,29.18,29.3,28.5,19258.37,55712.961,1.0,,0.0
2024-03-22,29.05,30.08,30.99,28.53,32052.44,94709.449,1.0,,0.0
2024-03-25,29.75,31.55,31.79,29.69,42444.74,129745.132,1.0,,0.0
2024-03-26,33.0,29.9,34.5,29.83,69802.33,223894.964,1.0,,0.0
2024-03-27,27.81,25.7,28.85,25.66,46730.45,125843.951,1.0,,0.0
2024-03-28,25.42,26.52,27.68,25.02,34917.62,91988.958,1.0,,0.0
2024-03-29,26.51,27.08,27.78,26.28,27639.45,74881.476,1.0,,0.0
2024-04-01,27.35,27.88,28.47,27.22,26785.0,74755.245,1.0,,0.0
2024-04-02,27.65,27.4,28.29,27.11,20171.5,55641.931,1.0,,0.0
2024-04-03,27.48,27.61,28.5,27.25,23658.47,65727.842,1.0,,0.0
2024-04-08,27.15,25.57,27.19,25.57,22393.07,58561.816,1.0,,0.0
2024-04-09,25.97,26.02,26.35,25.55,11359.0,29526.754,1.0,,0.0
2024-04-10,26.25,25.0,26.25,24.6,16265.97,41034.407,1.0,,0.0
2024-04-11,25.0,24.95,25.8,24.59,13187.04,33275.179,1.0,,0.0
2024-04-12,24.98,24.95,25.58,24.91,9696.51,24392.833,1.0,,0.0
2024-04-15,24.83,23.51,25.28,22.5,17458.52,41512.839,1.0,,0.0
2024-04-16,23.51,20.91,23.6,20.83,20570.66,44251.648,1.0,,0.0
2024-04-17,21.33,23.2,23.2,21.33,18225.14,41284.855,1.0,,0.0
2024-04-18,22.95,23.68,24.24,22.6,18202.0,42754.897,1.0,,0.0
2024-04-19,23.44,22.98,23.98,22.8,15333.28,35569.993,1.0,,0.0
2024-04-22,22.63,22.87,23.1,22.08,11066.0,25139.215,1.0,,0.0
2024-04-23,22.78,23.29,23.38,22.78,10058.02,23300.449,1.0,,0.0
2024-04-24,23.29,24.1,24.11,23.29,11537.36,27492.923,1.0,,0.0
2024-04-25,24.1,24.18,24.47,23.95,10149.38,24606.609,1.0,,0.0
2024-04-26,24.19,24.36,24.79,23.96,12984.0,31717.882,1.0,,0.0
2024-04-29,25.0,25.82,25.85,24.78,20818.33,53073.034,1.0,,0.0
2024-04-30,25.85,25.36,26.18,25.15,14846.0,37921.059,1.0,,0.0
2024-05-06,26.11,26.73,26.78,25.64,17788.04,46841.184,1.0,,0.0
2024-05-07,26.63,26.65,26.83,26.36,15778.0,41948.673,1.0,,0.0
2024-05-08,26.65,26.32,26.98,26.21,11356.0,30194.225,1.0,,0.0
2024-05-09,26.65,26.59,26.74,26.34,10321.17,27404.451,1.0,,0.0
2024-05-10,26.73,26.2,26.73,26.08,9943.68,26117.967,1.0,,0.0
2024-05-13,25.97,27.96,28.38,25.2,32637.17,88230.529,1.0,,0.0
2024-05-14,27.55,28.78,29.84,27.2,44783.26,127864.394,1.0,,0.0
2024-05-15,28.18,27.85,28.54,27.55,23015.0,64419.725,1.0,,0.0
2024-05-16,28.17,27.87,28.54,27.59,17978.22,50298.994,1.0,,0.0
2024-05-17,28.0,27.99,28.0,27.28,16272.62,44920.053,1.0,,0.0
2024-05-20,27.97,27.28,27.97,27.25,17437.06,47809.96,1.0,,0.0
2024-05-21,20.69,20.99,21.05,20.35,17147.88,35742.1,1.0,,0.0
2024-05-22,20.95,21.38,21.4,20.85,19818.43,41943.557,1.0,,0.0
2024-05-23,21.35,21.02,21.98,21.0,25929.95,55561.384,1.0,,0.0
2024-05-24,21.0,20.8,21.3,20.8,17179.6,36186.981,1.0,,0.0
2024-05-27,21.53,22.17,23.39,21.26,62996.45,140004.303,1.0,,0.0
2024-05-28,20.7,20.22,21.1,20.22,46008.67,95099.94,1.0,,0.0
2024-05-29,20.22,20.62,21.66,20.04,25168.53,52048.128,1.0,,0.0
2024-05-30,20.42,20.01,20.62,19.88,23267.31,46914.733,1.0,,0.0
2024-05-31,19.9,20.51,20.76,19.9,22876.6,46894.301,1.0,,0.0
2024-06-03,20.74,20.23,20.84,19.94,20053.6,40649.957,1.0,,0.0
2024-06-04,20.25,19.39,20.34,19.06,21879.75,42316.133,1.0,,0.0
2024-06-05,19.26,18.98,19.39,18.91,13021.1,24815.436,1.0,,0.0
2024-06-06,18.98,18.01,19.25,17.95,16639.38,30464.93,1.0,,0.0
2024-06-07,18.54,19.04,19.08,18.22,17385.7,32464.208,1.0,,0.0
2024-06-11,18.8,18.98,19.0,18.24,13289.6,24705.484,1.0,,0.0
2024-06-12,18.87,19.27,19.48,18.78,13530.5,26108.834,1.0,,0.0
2024-06-13,19.29,20.71,21.19,19.28,46567.66,95321.367,1.0,,0.0
2024-06-14,20.22,20.3,20.72,20.22,28672.77,58469.932,1.0,,0.0
2024-06-17,20.11,20.0,20.45,19.68,20299.39,40300.916,1.0,,0.0
2024-06-18,20.05,20.4,20.46,19.92,18142.62,36669.61,1.0,,0.0
2024-06-19,20.4,20.52,20.75,20.21,19682.07,40353.013,1.0,,0.0
2024-06-20,20.38,19.79,20.47,19.79,13599.8,27269.518,1.0,,0.0
2024-06-21,19.7,19.41,19.84,19.27,10353.6,20253.242,1.0,,0.0
2024-06-24,19.2,18.31,19.2,18.28,12327.7,22950.274,1.0,,0.0
2024-06-25,18.39,18.61,18.8,18.13,9349.72,17351.996,1.0,,0.0
2024-06-26,18.7,19.5,19.5,18.38,11917.0,22820.553,1.0,,0.0
2024-06-27,19.5,20.13,21.4,19.28,31962.36,65332.248,1.0,,0.0
2024-06-28,19.6,20.72,21.5,19.53,36990.29,75981.519,1.0,,0.0
2024-07-01,20.45,20.25,20.79,19.9,21022.5,42531.366,1.0,,0.0
2024-07-02,20.25,20.32,20.6,20.03,17113.63,34768.988,1.0,,0.0
2024-07-03,20.2,19.93,20.3,19.66,14192.5,28171.346,1.0,,0.0
2024-07-04,19.98,19.07,20.05,18.96,14249.5,27561.321,1.0,,0.0
2024-07-05,19.0,20.53,21.09,18.54,30065.3,60416.735,1.0,,0.0
2024-07-08,21.56,20.2,21.95,20.06,28004.6,57973.791,1.0,,0.0
2024-07-09,20.17,20.8,20.8,19.35,27220.64,54763.046,1.0,,0.0
2024-07-10,20.56,20.89,21.39,20.55,26435.87,55376.631,1.0,,0.0
2024-07-11,21.1,21.12,21.4,20.82,29382.07,62157.567,1.0,,0.0
2024-07-12,21.12,20.81,21.12,20.58,18948.27,39377.153,1.0,,0.0
2024-07-15,20.77,20.44,20.77,20.3,9894.4,20268.216,1.0,,0.0
2024-07-16,20.69,20.65,20.69,20.0,10998.4,22468.497,1.0,,0.0
2024-07-17,20.56,20.79,21.29,20.2,20732.9,43050.042,1.0,,0.0
2024-07-18,20.33,20.24,20.33,19.45,19064.53,38022.406,1.0,,0.0
2024-07-19,19.99,20.27,20.61,19.95,10968.8,22372.645,1.0,,0.0
2024-07-22,20.3,20.74,20.8,20.23,14853.0,30604.181,1.0,,0.0
2024-07-23,20.86,19.97,20.87,19.9,13454.4,27311.349,1.0,,0.0
2024-07-24,19.71,19.99,20.29,19.58,13525.28,26975.197,1.0,,0.0
2024-07-25,19.95,20.05,20.37,19.7,11426.18,22897.293,1.0,,0.0
2024-07-26,19.9,21.09,21.09,19.8,28733.1,59643.857,1.0,,0.0
2024-07-29,21.62,20.72,21.8,20.68,22470.9,47014.553,1.0,,0.0
2024-07-30,20.62,21.21,21.29,20.6,30254.99,63687.345,1.0,,0.0
2024-07-31,21.2,21.48,21.52,20.81,31781.2,67529.723,1.0,,0.0
2024-08-01,21.34,21.09,21.63,21.05,27997.17,59717.103,1.0,,0.0
2024-08-02,20.82,20.43,21.04,20.39,18323.5,37938.499,1.0,,0.0
2024-08-05,20.05,19.49,20.49,19.47,19585.3,39057.611,1.0,,0.0
2024-08-06,19.88,19.96,20.19,19.6,14797.46,29428.922,1.0,,0.0
2024-08-07,20.0,19.87,20.21,19.8,11017.3,22068.516,1.0,,0.0
2024-08-08,19.8,19.42,19.87,18.99,14057.6,27207.197,1.0,,0.0
2024-08-09,19.45,19.37,19.69,19.35,5884.7,11472.836,1.0,,0.0
2024-08-12,19.22,19.16,19.46,18.98,6708.0,12884.232,1.0,,0.0
2024-08-13,19.16,19.45,19.45,19.06,6356.3,12247.008,1.0,,0.0
2024-08-14,19.36,19.66,19.7,19.36,6485.0,12708.019,1.0,,0.0
2024-08-15,19.58,19.48,19.8,19.33,9050.8,17721.397,1.0,,0.0
2024-08-16,19.5,19.84,20.04,19.4,11328.43,22285.669,1.0,,0.0
2024-08-19,19.75,19.36,19.91,19.33,8118.3,15938.888,1.0,,0.0
2024-08-20,19.38,19.1,19.56,19.02,7287.5,13999.699,1.0,,0.0
2024-08-21,19.2,19.01,19.29,18.91,6288.6,12001.545,1.0,,0.0
2024-08-22,19.2,18.5,19.2,18.5,8115.6,15241.739,1.0,,0.0
2024-08-23,18.5,18.2,18.57,18.17,8724.7,15998.904,1.0,,0.0
2024-08-26,18.2,18.4,18.45,17.99,6318.5,11548.323,1.0,,0.0
2024-08-27,18.31,17.87,18.37,17.81,7053.3,12692.943,1.0,,0.0
2024-08-28,17.81,17.96,18.29,17.81,5880.3,10637.993,1.0,,0.0
2024-08-29,17.93,18.1,18.28,17.8,7568.6,13745.156,1.0,,0.0
2024-08-30,18.26,18.39,18.67,18.11,10653.7,19660.406,1.0,,0.0
2024-09-02,18.27,17.91,18.57,17.9,8737.3,15887.22,1.0,,0.0
2024-09-03,17.91,18.25,18.25,17.88,7360.4,13342.685,1.0,,0.0
2024-09-04,18.23,18.12,18.38,18.01,6913.0,12550.479,1.0,,0.0
2024-09-05,18.22,18.31,18.5,18.12,6481.5,11878.609,1.0,,0.0
2024-09-06,18.31,17.83,18.36,17.82,6369.4,11513.486,1.0,,0.0
2024-09-09,17.95,17.81,18.0,17.55,4891.3,8714.137,1.0,,0.0
2024-09-10,17.88,18.12,18.14,17.64,6183.0,11061.984,1.0,,0.0
2024-09-11,18.27,18.12,18.31,17.94,4999.3,9038.467,1.0,,0.0
2024-09-12,18.11,17.73,18.31,17.72,7696.3,13851.387,1.0,,0.0
2024-09-13,17.73,17.45,17.9,17.45,5271.6,9296.115,1.0,,0.0
2024-09-18,17.48,17.23,17.53,16.75,8044.73,13734.866,1.0,,0.0
2024-09-19,17.36,17.54,17.72,17.13,5347.9,9379.666,1.0,,0.0
2024-09-20,17.66,17.38,17.66,17.3,4332.9,7547.69,1.0,,0.0
2024-09-23,17.18,17.15,17.5,17.11,4921.29,8503.656,1.0,,0.0
2024-09-24,17.16,17.54,17.57,17.06,8988.8,15619.266,1.0,,0.0
2024-09-25,17.67,17.74,18.14,17.67,12243.1,21899.256,1.0,,0.0
2024-09-26,17.85,18.13,18.13,17.66,10626.2,19057.487,1.0,,0.0
2024-09-27,18.47,19.2,19.32,18.26,21918.7,41349.308,1.0,,0.0
2024-09-30,19.98,21.55,21.98,19.31,46145.4,95764.89,1.0,,0.0
2024-10-08,25.02,23.99,25.4,22.22,59610.58,140554.677,1.0,,0.0
2024-10-09,22.91,20.83,23.24,20.8,37407.99,82269.631,1.0,,0.0
2024-10-10,21.65,21.12,21.65,20.93,21679.1,46243.803,1.0,,0.0
2024-10-11,20.95,20.22,21.29,19.93,16791.5,34387.371,1.0,,0.0
2024-10-14,20.38,20.79,21.0,19.93,13973.6,28708.311,1.0,,0.0
2024-10-15,20.8,20.49,21.25,20.47,13602.6,28420.87,1.0,,0.0
2024-10-16,20.2,20.39,20.95,20.07,11385.32,23393.053,1.0,,0.0
2024-10-17,20.5,21.17,22.88,20.5,35940.1,77729.684,1.0,,0.0
2024-10-18,21.26,21.66,22.1,21.08,38790.48,83487.259,1.0,,0.0
2024-10-21,21.51,21.66,21.97,21.21,37894.25,81858.402,1.0,,0.0
2024-10-22,21.67,21.88,22.0,21.4,24067.75,52318.363,1.0,,0.0
2024-10-23,22.09,21.8,22.19,21.61,26283.99,57431.047,1.0,,0.0
2024-10-24,21.77,21.39,21.94,21.36,16977.8,36558.487,1.0,,0.0
2024-10-25,21.37,21.68,21.94,21.32,16240.4,35227.064,1.0,,0.0
2024-10-28,21.95,22.56,22.6,21.79,31605.33,70882.625,1.0,,0.0
2024-10-29,22.63,21.93,22.65,21.91,22565.63,49923.272,1.0,,0.0
2024-10-30,21.8,21.53,22.07,21.31,15902.6,34453.902,1.0,,0.0
2024-10-31,21.69,21.74,21.97,21.42,15547.0,33836.995,1.0,,0.0
2024-11-01,21.83,20.65,21.83,20.6,18872.5,39651.569,1.0,,0.0
2024-11-04,20.65,21.38,21.38,20.65,14566.39,30890.547,1.0,,0.0
2024-11-05,21.38,21.85,22.0,21.23,18891.4,40963.197,1.0,,0.0
2024-11-06,22.07,21.71,22.28,21.57,19258.39,42059.095,1.0,,0.0
2024-11-07,21.72,22.02,22.1,21.51,16445.05,35966.173,1.0,,0.0
2024-11-08,22.1,22.09,22.69,22.01,24789.91,55178.135,1.0,,0.0
2024-11-11,22.02,22.6,22.73,21.99,22381.35,50077.569,1.0,,0.0
2024-11-12,22.79,22.84,23.02,22.3,26963.09,61246.619,1.0,,0.0
2024-11-13,22.63,23.08,23.18,22.1,28827.15,65518.512,1.0,,0.0
2024-11-14,22.85,22.12,22.97,22.02,20928.4,46939.936,1.0,,0.0
2024-11-15,22.0,21.64,22.54,21.64,14525.3,32054.017,1.0,,0.0
2024-11-18,21.79,20.91,21.95,20.69,14865.09,31441.991,1.0,,0.0
2024-11-19,20.65,21.73,21.74,20.65,15871.5,33804.931,1.0,,0.0
2024-11-20,21.76,21.94,22.08,21.67,14188.2,31065.669,1.0,,0.0
2024-11-21,22.03,22.35,22.41,21.94,18552.24,41194.925,1.0,,0.0
2024-11-22,22.24,21.36,22.88,21.35,22313.05,49472.349,1.0,,0.0
2024-11-25,21.45,22.1,22.12,21.2,17278.0,37519.819,1.0,,0.0
2024-11-26,22.15,22.4,22.88,21.74,28491.4,63604.708,1.0,,0.0
2024-11-27,22.5,23.12,23.13,21.6,47919.9,108596.256,1.0,,0.0
2024-11-28,23.12,22.46,23.13,22.45,30656.75,69768.565,1.0,,0.0
2024-11-29,22.65,23.48,23.79,22.46,47955.91,111312.063,1.0,,0.0
2024-12-02,23.32,24.88,25.7,23.24,74494.49,181861.152,1.0,,0.0
2024-12-03,24.7,24.18,24.86,23.96,42281.75,102408.74,1.0,,0.0
2024-12-04,24.0,23.8,25.11,23.58,32013.16,77411.222,1.0,,0.0
2024-12-05,23.67,23.79,23.94,23.41,25273.6,59866.226,1.0,,0.0
2024-12-06,23.8,23.46,23.89,23.23,20892.83,49055.122,1.0,,0.0
2024-12-09,23.49,23.65,23.78,23.25,17792.95,41900.118,1.0,,0.0
2024-12-10,24.18,23.48,24.39,23.43,24541.8,58602.824,1.0,,0.0
2024-12-11,23.49,23.58,23.75,23.35,12921.7,30388.751,1.0,,0.0
2024-12-12,23.7,23.61,23.8,23.36,14603.9,34378.3,1.0,,0.0
2024-12-13,23.5,23.35,23.77,23.35,16845.2,39764.604,1.0,,0.0
2024-12-16,23.43,22.91,23.8,22.7,22038.3,51169.485,1.0,,0.0
2024-12-17,22.98,22.2,23.28,21.8,21845.3,48904.5,1.0,,0.0
2024-12-18,22.2,22.05,22.48,21.63,13802.6,30493.24,1.0,,0.0
2024-12-19,21.9,22.18,22.36,21.76,13049.4,28737.375,1.0,,0.0
2024-12-20,22.08,22.64,22.89,22.04,14337.89,32431.397,1.0,,0.0
2024-12-23,22.79,21.34,22.89,21.24,19736.7,43529.758,1.0,,0.0
2024-12-24,21.61,21.56,22.03,21.26,11208.2,24206.933,1.0,,0.0
2024-12-25,21.41,21.0,21.56,20.76,11951.71,25134.642,1.0,,0.0
2024-12-26,21.0,21.36,21.57,20.94,10062.0,21541.834,1.0,,0.0
2024-12-27,21.21,21.49,21.73,21.21,8772.3,18895.262,1.0,,0.0
2024-12-30,21.19,21.06,21.49,20.8,11678.54,24645.064,1.0,,0.0
2024-12-31,21.06,20.56,21.2,20.45,9756.1,20277.1,1.0,,0.0
2025-01-02,20.56,20.24,21.1,20.06,15739.05,32516.162,1.0,,0.0
2025-01-03,20.3,19.2,20.48,19.09,15460.7,30549.625,1.0,,0.0
2025-01-06,19.2,19.5,19.81,18.4,14531.6,28228.885,1.0,,0.0
2025-01-07,19.48,20.19,20.28,19.48,13768.2,27444.458,1.0,,0.0
2025-01-08,19.89,19.94,20.28,19.41,10562.1,21014.361,1.0,,0.0
2025-01-09,19.96,19.93,20.18,19.83,6705.72,13416.49,1.0,,0.0
2025-01-10,19.87,19.09,20.17,19.02,8169.9,16002.782,1.0,,0.0
2025-01-13,19.0,19.09,19.2,18.46,10126.0,19132.101,1.0,,0.0
2025-01-14,19.28,20.15,20.15,19.12,11829.8,23368.913,1.0,,0.0
2025-01-15,20.35,20.74,21.47,20.04,23663.2,49204.201,1.0,,0.0
2025-01-16,20.74,20.5,21.06,20.15,15106.9,31213.618,1.0,,0.0
2025-01-17,20.43,20.69,20.78,20.22,10614.1,21769.304,1.0,,0.0
2025-01-20,20.9,21.02,21.18,20.77,11234.27,23572.376,1.0,,0.0
2025-01-21,21.2,21.02,21.28,20.65,8878.5,18550.285,1.0,,0.0
2025-01-22,21.0,20.75,21.0,20.65,6620.5,13782.637,1.0,,0.0
2025-01-23,21.09,20.65,21.2,20.59,10438.3,21848.022,1.0,,0.0
2025-01-24,20.6,21.46,21.75,20.56,19052.9,40350.602,1.0,,0.0
2025-01-27,21.72,20.85,21.72,20.84,10576.64,22409.213,1.0,,0.0
2025-02-05,21.05,20.85,21.14,20.65,12243.74,25517.816,1.0,,0.0
2025-02-06,20.87,21.24,21.28,20.73,11273.9,23727.069,1.0,,0.0
2025-02-07,21.24,21.35,21.69,21.05,14011.94,29962.468,1.0,,0.0
2025-02-10,21.55,21.4,21.55,21.1,12847.7,27341.039,1.0,,0.0
2025-02-11,21.4,21.29,21.44,21.1,8867.8,18836.548,1.0,,0.0
2025-02-12,21.44,21.26,21.44,21.08,10798.65,22904.297,1.0,,0.0
2025-02-13,21.26,20.55,21.26,20.55,13475.91,28071.373,1.0,,0.0
2025-02-14,20.55,20.85,20.95,20.51,9598.1,19938.674,1.0,,0.0
2025-02-17,20.98,21.49,21.66,20.67,19046.3,40606.281,1.0,,0.0
2025-02-18,21.49,21.06,21.59,20.82,15506.02,33025.69,1.0,,0.0
2025-02-19,21.06,21.43,21.54,20.86,13779.25,29503.456,1.0,,0.0
2025-02-20,21.44,21.69,21.77,21.33,14019.5,30276.575,1.0,,0.0
2025-02-21,21.8,21.74,21.88,21.5,13271.3,28759.932,1.0,,0.0
2025-02-24,21.74,24.3,25.5,21.61,101653.63,242358.365,1.0,,0.0
2025-02-25,23.9,25.49,26.58,23.9,100637.0,255687.103,1.0,,0.0
2025-02-26,25.88,25.11,25.99,24.81,58342.92,147511.698,1.0,,0.0
2025-02-27,25.09,24.72,25.2,24.22,39693.02,97990.176,1.0,,0.0
2025-02-28,24.64,23.41,24.77,23.23,32638.31,77313.845,1.0,,0.0
2025-03-03,23.42,22.94,23.76,22.83,26665.7,61993.738,1.0,,0.0
2025-03-04,22.82,23.43,23.44,22.62,23940.3,55660.63,1.0,,0.0
2025-03-05,23.43,23.48,23.59,22.86,17713.3,41138.546,1.0,,0.0
2025-03-06,23.44,23.52,23.87,23.4,25117.2,59270.044,1.0,,0.0
2025-03-07,23.39,23.61,24.16,23.3,31169.0,73743.969,1.0,,0.0
2025-03-10,23.45,23.76,24.06,23.25,34001.3,80441.218,1.0,,0.0
2025-03-11,23.38,23.95,24.23,23.38,23757.03,56625.955,1.0,,0.0
2025-03-12,24.0,23.78,24.16,23.64,21789.2,51894.252,1.0,,0.0
2025-03-13,23.58,23.39,23.76,23.0,18640.3,43409.023,1.0,,0.0
2025-03-14,23.5,24.0,24.0,23.05,21125.6,49919.02,1.0,,0.0
2025-03-17,24.05,24.02,24.36,23.73,23114.5,55546.11,1.0,,0.0
2025-03-18,24.02,24.35,24.65,24.0,20239.9,49194.854,1.0,,0.0
2025-03-19,24.39,24.43,24.67,24.28,22087.4,54021.561,1.0,,0.0
2025-03-20,24.5,24.67,25.01,24.18,26589.27,65661.789,1.0,,0.0
2025-03-21,24.5,24.04,24.76,23.95,20494.9,49743.409,1.0,,0.0
2025-03-24,24.25,23.03,24.26,22.24,25626.2,59279.67,1.0,,0.0
2025-03-25,22.99,22.76,23.28,22.35,16259.1,37150.56,1.0,,0.0
2025-03-26,22.82,23.12,23.43,22.57,12259.9,28409.267,1.0,,0.0
2025-03-27,23.0,22.72,23.15,22.44,11460.4,26066.888,1.0,,0.0
2025-03-28,22.82,22.28,22.92,22.2,16717.9,37637.432,1.0,,0.0
2025-03-31,22.47,22.39,22.49,21.74,13088.8,28861.503,1.0,,0.0
2025-04-01,22.68,22.59,23.06,22.51,11583.5,26347.965,1.0,,0.0
2025-04-02,22.59,22.9,23.27,22.53,11928.3,27378.512,1.0,,0.0
2025-04-03,22.58,22.38,22.98,22.09,14043.9,31568.355,1.0,,0.0
2025-04-07,21.0,17.91,21.0,17.9,37462.7,69515.105,1.0,,0.0
2025-04-08,18.15,18.06,18.91,17.55,29799.4,54102.886,1.0,,0.0
2025-04-09,17.55,18.33,18.52,16.19,34026.79,59464.665,1.0,,0.0
2025-04-10,18.73,18.82,19.34,18.62,21842.7,41652.043,1.0,,0.0
2025-04-11,18.76,18.9,19.23,18.76,13796.3,26200.36,1.0,,0.0
2025-04-14,19.21,19.83,20.04,19.19,22511.5,44285.105,1.0,,0.0
2025-04-15,19.78,19.99,20.66,19.63,18422.9,36742.322,1.0,,0.0
2025-04-16,19.8,19.35,19.98,18.98,16181.8,31450.248,1.0,,0.0
2025-04-17,19.3,19.43,19.65,19.19,10542.4,20565.111,1.0,,0.0
2025-04-18,19.43,19.33,19.64,19.08,10644.7,20582.182,1.0,,0.0
2025-04-21,19.33,19.68,19.83,19.11,10708.8,20980.911,1.0,,0.0
2025-04-22,19.72,19.73,19.99,19.55,11709.1,23134.529,1.0,,0.0
2025-04-23,19.8,20.35,20.5,19.8,15933.9,32184.716,1.0,,0.0
2025-04-24,20.32,20.04,20.48,19.82,18840.1,37952.664,1.0,,0.0
2025-04-25,20.1,20.41,20.7,19.89,13033.4,26468.822,1.0,,0.0
2025-04-28,20.6,20.18,20.85,19.92,13093.0,26498.644,1.0,,0.0
2025-04-29,19.97,20.12,20.28,19.27,17613.24,35136.05,1.0,,0.0
2025-04-30,19.98,19.86,20.34,19.86,17732.0,35559.562,1.0,,0.0
2025-05-06,20.16,20.78,20.78,20.1,24719.14,50677.45,1.0,,0.0
2025-05-07,20.97,21.01,21.16,20.56,20334.31,42501.292,1.0,,0.0
2025-05-08,20.92,22.2,22.8,20.92,42164.97,93401.001,1.0,,0.0
2025-05-09,22.34,22.08,22.62,21.9,27190.87,60429.019,1.0,,0.0
2025-05-12,22.47,23.45,23.68,22.4,38857.5,89796.81,1.0,,0.0
2025-05-13,23.78,22.79,23.89,22.75,28301.0,65697.917,1.0,,0.0
2025-05-14,22.73,22.7,22.95,22.24,17912.5,40392.688,1.0,,0.0
2025-05-15,22.65,23.95,24.24,22.55,41390.27,97913.985,1.0,,0.0
2025-05-16,23.66,24.2,25.26,23.65,44271.9,109064.068,1.0,,0.0
2025-05-19,24.0,24.65,24.85,23.55,29673.1,71906.259,1.0,,0.0
2025-05-20,24.7,25.24,25.88,24.3,38221.7,96461.501,1.0,,0.0
2025-05-21,25.6,25.07,25.6,24.68,23582.7,58859.463,1.0,,0.0
2025-05-22,24.71,26.26,26.31,24.71,45503.4,117421.986,1.0,,0.0
2025-05-23,25.97,25.84,26.35,25.44,29520.71,76629.297,1.0,,0.0
2025-05-26,25.85,25.43,26.1,25.29,20992.15,53796.037,1.0,,0.0
2025-05-27,25.43,25.49,25.77,25.16,17290.2,43965.319,1.0,,0.0
2025-05-28,25.25,25.31,25.7,25.12,13467.9,34049.283,1.0,,0.0
2025-05-29,25.11,25.36,25.5,25.1,11857.41,29988.807,1.0,,0.0
2025-05-30,25.22,24.95,25.52,24.87,15783.2,39786.022,1.0,,0.0
2025-06-03,24.97,24.69,24.97,24.22,18148.9,44734.066,1.0,,0.0
2025-06-04,24.9,24.8,25.14,24.56,11305.6,27997.157,1.0,,0.0
2025-06-05,24.77,24.3,24.91,24.2,14952.8,36438.865,1.0,,0.0
2025-06-06,24.33,24.29,24.54,24.11,8115.61,19684.026,1.0,,0.0
2025-06-09,24.22,24.7,25.02,24.22,13633.5,33638.347,1.0,,0.0
2025-06-10,24.51,24.72,25.47,24.43,17245.5,42958.353,1.0,,0.0
2025-06-11,24.6,24.75,24.98,24.53,10297.2,25466.197,1.0,,0.0
2025-06-12,24.97,24.85,25.2,24.59,11893.5,29582.186,1.0,,0.0
2025-06-13,24.82,24.07,24.88,24.02,12557.4,30533.152,1.0,,0.0
2025-06-16,24.1,24.04,24.46,23.9,11927.8,28751.137,1.0,,0.0
2025-06-17,24.06,23.52,24.11,23.39,10979.91,26002.883,1.0,,0.0
2025-06-18,23.71,23.37,23.71,22.97,14621.0,33971.494,1.0,,0.0
2025-06-19,23.29,22.88,23.66,22.8,14235.3,32951.489,1.0,,0.0
2025-06-20,22.89,22.64,23.13,22.43,8182.1,18605.211,1.0,,0.0
2025-06-23,22.8,23.38,23.84,22.39,19799.8,46124.253,1.0,,0.0
2025-06-24,23.36,24.2,24.49,23.31,21099.8,50531.378,1.0,,0.0
2025-06-25,24.42,24.59,25.05,24.11,15256.8,37474.079,1.0,,0.0
2025-06-26,24.75,24.65,24.94,24.28,9550.2,23547.431,1.0,,0.0
2025-06-27,24.65,24.83,25.0,24.37,12456.0,30784.545,1.0,,0.0
2025-06-30,25.13,25.63,26.99,24.6,42058.95,108061.375,1.0,,0.0
2025-07-01,25.73,28.27,29.87,25.73,79033.9,219885.851,1.0,,0.0
2025-07-02,27.18,27.65,29.88,26.7,71687.05,199312.118,1.0,,0.0
2025-07-03,27.38,27.5,28.58,26.96,42828.29,117931.998,1.0,,0.0
2025-07-04,27.62,26.73,27.71,26.6,36045.9,97502.729,1.0,,0.0
2025-07-07,26.69,27.39,27.5,26.5,20738.8,56354.35,1.0,,0.0
2025-07-08,27.27,27.05,27.42,27.01,17352.0,47089.663,1.0,,0.0
2025-07-09,26.97,27.18,27.27,26.77,18427.8,49819.949,1.0,,0.0
2025-07-10,27.07,26.83,27.41,26.7,12339.5,33229.112,1.0,,0.0
2025-07-11,26.72,26.56,26.96,26.17,15703.6,41577.401,1.0,,0.0
2025-07-14,26.65,27.0,27.12,26.43,12037.94,32310.48,1.0,,0.0
2025-07-15,26.99,27.23,27.45,26.8,18035.94,48810.297,1.0,,0.0
2025-07-16,27.28,27.15,27.42,27.03,11466.7,31181.281,1.0,,0.0
2025-07-17,27.15,28.11,28.52,27.04,26779.8,74691.786,1.0,,0.0
2025-07-18,28.01,29.09,29.5,27.97,38049.7,110200.106,1.0,,0.0
2025-07-21,29.47,28.8,29.47,28.19,25681.2,74047.376,1.0,,0.0
2025-07-22,28.9,29.04,30.11,28.74,28152.2,82748.344,1.0,,0.0
2025-07-23,29.29,28.62,29.3,28.3,15670.9,45000.009,1.0,,0.0
2025-07-24,28.76,28.67,29.4,28.4,14616.85,42130.109,1.0,,0.0
2025-07-25,28.68,28.86,28.96,28.49,10343.4,29770.871,1.0,,0.0
2025-07-28,28.8,29.42,29.59,28.8,16217.39,47418.168,1.0,,0.0
2025-07-29,29.42,28.81,29.8,28.31,23379.1,67621.354,1.0,,0.0
2025-07-30,28.57,28.32,28.86,27.91,20076.7,56723.072,1.0,,0.0
2025-07-31,28.3,28.36,28.7,28.1,12534.5,35600.586,1.0,,0.0
2025-08-01,28.53,28.33,28.53,27.69,20475.9,57556.608,1.0,,0.0
2025-08-04,28.41,29.4,29.44,28.13,21698.1,62759.403,1.0,,0.0
2025-08-05,29.46,29.38,29.75,29.1,14948.9,43975.023,1.0,,0.0
2025-08-06,29.96,30.75,31.02,29.05,36995.01,111963.827,1.0,,0.0
2025-08-07,30.65,30.73,31.19,30.47,22452.5,69167.854,1.0,,0.0
2025-08-08,30.58,30.15,30.98,30.12,16300.5,49646.859,1.0,,0.0
2025-08-11,30.15,30.21,30.44,29.94,12671.92,38284.908,1.0,,0.0
2025-08-12,30.21,30.18,30.4,29.9,10704.78,32241.667,1.0,,0.0
2025-08-13,30.36,31.03,31.34,29.94,20118.09,61481.28,1.0,,0.0
2025-08-14,31.03,31.19,33.0,30.87,35392.81,112039.462,1.0,,0.0
2025-08-15,31.22,31.92,31.99,30.8,22244.13,69819.761,1.0,,0.0
2025-08-18,31.9,34.68,34.69,31.85,41012.62,137316.481,1.0,,0.0
2025-08-19,34.69,34.22,34.81,33.65,22896.89,78531.343,1.0,,0.0
2025-08-20,33.99,35.35,35.43,33.69,21537.94,74993.313,1.0,,0.0
2025-08-21,35.33,37.39,38.7,35.16,47295.26,176696.146,1.0,,0.0
2025-08-22,37.5,38.27,38.47,36.5,38114.97,143712.833,1.0,,0.0
2025-08-25,38.94,40.32,40.85,38.28,36224.31,143822.894,1.0,,0.0
2025-08-26,40.32,40.75,44.07,39.88,54697.17,226733.281,1.0,,0.0
2025-08-27,40.15,38.31,41.36,38.05,46945.58,186919.609,1.0,,0.0
2025-08-28,37.06,39.81,39.85,36.0,42763.92,162857.503,1.0,,0.0
2025-08-29,40.01,42.42,42.85,40.0,44981.23,187036.127,1.0,,0.0
2025-09-01,42.46,45.35,45.64,42.46,43004.65,191495.065,1.0,,0.0
2025-09-02,45.4,44.0,45.51,42.67,35574.54,156796.796,1.0,,0.0
2025-09-03,45.1,44.55,46.57,43.4,24509.86,108803.698,1.0,,0.0
2025-09-04,44.88,44.03,46.5,43.66,24724.44,109618.862,1.0,,0.0
2025-09-05,44.2,47.42,47.49,43.6,28803.26,133008.842,1.0,,0.0
2025-09-08,47.45,55.13,55.8,46.58,46499.01,243956.133,1.0,,0.0
2025-09-09,56.08,57.59,59.48,55.0,53714.94,306681.65,1.0,,0.0
2025-09-10,56.1,65.25,66.0,56.1,66431.77,420950.983,1.0,,0.0
2025-09-11,64.27,60.83,67.0,60.01,96848.41,618870.565,1.0,,0.0
2025-09-12,61.39,60.41,62.97,59.65,60068.57,366265.582,1.0,,0.0
2025-09-15,60.51,64.87,67.5,60.43,64672.75,415515.471,1.0,,0.0
2025-09-16,64.62,61.63,65.7,60.2,47290.92,293962.406,1.0,,0.0
2025-09-17,61.64,62.53,63.42,60.6,25891.43,160339.942,1.0,,0.0
2025-09-18,61.52,60.92,62.85,60.23,21917.94,135215.728,1.0,,0.0
2025-09-19,61.19,59.11,61.65,57.87,25114.96,149343.01,1.0,,0.0
2025-09-22,59.11,59.63,61.3,58.5,21731.08,129785.891,1.0,,0.0
2025-09-23,59.87,58.71,60.45,57.08,21216.3,124253.45,1.0,,0.0
2025-09-24,58.65,59.3,60.38,58.0,14230.61,84438.934,1.0,,0.0
2025-09-25,59.31,57.0,59.36,56.48,18308.9,105653.489,1.0,,0.0
2025-09-26,56.65,53.89,57.0,53.56,22825.6,125501.703,1.0,,0.0
2025-09-29,53.83,55.52,56.75,53.2,19220.8,105813.147,1.0,,0.0
2025-09-30,56.4,57.12,57.8,55.14,16987.6,96314.732,1.0,,0.0
2025-10-09,57.3,56.11,58.69,55.8,16287.7,92386.499,1.0,,0.0
2025-10-10,56.1,54.6,57.97,54.49,17638.28,99186.957,1.0,,0.0
2025-10-13,53.0,53.48,54.59,44.02,22683.39,120459.824,1.0,,0.0
2025-10-14,55.59,52.09,56.0,51.8,17381.8,92522.377,1.0,,0.0
2025-10-15,52.0,56.0,56.72,52.0,22948.55,125594.406,1.0,,0.0
2025-10-16,56.73,61.5,62.76,55.39,41412.25,252339.855,1.0,,0.0
2025-10-17,62.11,60.49,63.2,59.26,35195.15,214656.768,1.0,,0.0
2025-10-20,60.49,59.56,61.76,58.51,24650.52,147971.864,1.0,,0.0
2025-10-21,59.56,59.5,59.93,58.03,13463.22,79556.271,1.0,,0.0
2025-10-22,59.6,59.55,60.31,58.71,10193.7,60435.641,1.0,,0.0
2025-10-23,58.96,60.31,60.98,58.8,14985.1,90089.123,1.0,,0.0
2025-10-24,60.31,60.5,61.27,58.79,14281.15,85991.205,1.0,,0.0
2025-10-27,61.58,61.96,64.08,60.5,20768.72,129160.136,1.0,,0.0
2025-10-28,61.96,61.23,63.32,61.0,13869.6,85719.304,1.0,,0.0
2025-10-29,61.84,60.53,61.84,59.59,11280.0,67979.873,1.0,,0.0
2025-10-30,61.01,58.92,61.01,58.71,13035.3,77505.971,1.0,,0.0
2025-10-31,58.92,59.1,61.36,58.92,12344.22,74130.817,1.0,,0.0
2025-11-03,59.0,61.15,61.2,58.58,12618.3,75966.152,1.0,,0.0
2025-11-04,61.02,62.14,62.39,60.12,14536.6,89386.376,1.0,,0.0
2025-11-05,61.68,63.88,66.66,61.68,22226.03,142417.057,1.0,,0.0
2025-11-06,64.2,68.55,69.99,64.2,35483.88,240663.375,1.0,,0.0
2025-11-07,68.0,65.98,69.23,65.7,24103.77,161036.574,1.0,,0.0
2025-11-10,66.0,64.59,66.6,63.93,12306.26,79534.563,1.0,,0.0
2025-11-11,64.66,63.91,66.95,63.88,10889.7,70611.078,1.0,,0.0
2025-11-12,64.25,63.71,65.7,62.5,11081.14,70563.394,1.0,,0.0
2025-11-13,63.39,64.94,65.08,63.02,11736.92,75099.265,1.0,,0.0
2025-11-14,65.68,62.9,65.68,62.0,11763.39,74549.544,1.0,,0.0
2025-11-17,62.0,59.33,62.89,58.0,16870.0,101345.824,1.0,,0.0
2025-11-18,59.33,56.38,59.4,56.1,14078.2,80818.43,1.0,,0.0
2025-11-19,56.26,58.5,59.94,54.67,18300.56,105099.334,1.0,,0.0
2025-11-20,60.0,56.35,60.0,56.0,10318.81,59062.211,1.0,,0.0
2025-11-21,56.35,53.82,56.35,53.82,11040.6,60513.324,1.0,,0.0
2025-11-24,54.33,55.02,55.87,52.76,10131.1,54873.626,1.0,,0.0
2025-11-25,55.04,55.28,56.31,54.75,8231.9,45724.848,1.0,,0.0
2025-11-26,55.01,55.79,56.23,54.44,6773.8,37534.716,1.0,,0.0
2025-11-27,55.79,56.65,59.39,55.79,10592.68,60870.945,1.0,,0.0
2025-11-28,57.22,60.34,60.99,56.03,18772.76,111078.207,1.0,,0.0
2025-12-01,61.02,60.23,61.8,59.0,10147.19,60930.652,1.0,,0.0
2025-12-02,60.62,57.5,60.78,57.5,10507.7,61371.119,1.0,,0.0
2025-12-03,57.5,56.44,58.05,56.11,8542.9,48514.591,1.0,,0.0
2025-12-04,56.72,57.68,57.9,56.34,5713.2,32653.882,1.0,,0.0
2025-12-05,57.73,58.24,58.95,56.86,7720.7,45048.661,1.0,,0.0
2025-12-08,58.27,60.33,61.66,57.57,14728.0,88809.724,1.0,,0.0
2025-12-09,60.34,59.92,61.76,59.09,9699.7,58323.631,1.0,,0.0
2025-12-10,59.88,61.92,62.78,59.84,17821.0,109992.537,1.0,,0.0
2025-12-11,63.0,61.54,64.0,61.12,10911.6,67706.064,1.0,,0.0
2025-12-12,62.0,61.45,62.18,60.7,7989.48,49101.62,1.0,,0.0
2025-12-15,61.0,59.74,61.3,59.48,8465.6,50840.702,1.0,,0.0
2025-12-16,56.97,58.2,59.73,56.97,6655.68,39003.794,1.0,,0.0
2025-12-17,58.91,58.29,58.91,57.03,4816.0,28022.025,1.0,,0.0
2025-12-18,58.19,57.53,58.54,57.13,4219.5,24450.65,1.0,,0.0
2025-12-19,57.82,58.8,59.81,57.73,5094.95,29938.59,1.0,,0.0
2025-12-22,59.8,57.66,59.8,57.15,8244.97,47766.005,1.0,,0.0
2025-12-23,57.53,56.61,57.93,55.78,8764.2,49742.548,1.0,,0.0
2025-12-24,56.89,55.19,57.3,54.72,13241.88,73151.636,1.0,,0.0
2025-12-25,55.46,54.42,55.7,54.07,11026.37,60050.91,1.0,,0.0
2025-12-26,54.5,53.79,55.5,53.6,9850.9,53529.779,1.0,,0.0
2025-12-29,53.87,53.11,53.87,51.6,16492.6,87065.707,1.0,,0.0
2025-12-30,53.05,51.97,53.05,51.61,15476.97,80889.002,1.0,,0.0
2025-12-31,51.9,49.84,52.24,49.8,16736.98,84656.079,1.0,,0.0
2026-01-05,49.79,51.16,51.64,49.7,12859.75,65410.075,1.0,,0.0
2026-01-06,51.63,50.06,53.5,50.01,15822.28,80785.008,1.0,,0.0
2026-01-07,50.5,49.58,51.5,49.18,13292.7,66458.282,1.0,,0.0
2026-01-08,49.58,48.48,49.82,48.26,16118.7,78717.166,1.0,,0.0
2026-01-09,48.6,47.59,48.71,47.05,22630.26,107631.76,1.0,,0.0
2026-01-12,47.4,46.66,47.69,45.28,31067.35,142767.621,1.0,,0.0
2026-01-13,46.66,46.82,46.95,45.45,22480.16,103903.084,1.0,,0.0
2026-01-14,46.81,46.56,48.44,45.95,27515.2,129644.548,1.0,,0.0
2026-01-15,46.46,45.84,46.78,45.38,13109.03,60219.176,1.0,,0.0
2026-01-16,46.07,47.85,47.9,46.07,26039.99,122941.498,1.0,,0.0
2026-01-19,48.02,51.31,53.86,47.9,49782.8,254053.279,1.0,,0.0
2026-01-20,52.08,49.11,53.02,48.4,33341.65,166241.539,1.0,,0.0
2026-01-21,49.1,47.68,49.1,47.2,19494.39,93068.907,1.0,,0.0
2026-01-22,47.21,47.25,48.76,46.93,14756.62,70425.411,1.0,,0.0
2026-01-23,47.25,47.41,48.11,46.75,13234.5,62620.051,1.0,,0.0
2026-01-26,47.76,45.18,47.79,45.02,16578.9,75945.061,1.0,,0.0
2026-01-27,44.95,44.62,45.12,43.3,17044.87,75163.452,1.0,,0.0
2026-01-28,44.16,43.43,44.85,43.13,12808.49,56093.357,1.0,,0.0
2026-01-29,43.22,42.17,43.72,42.14,11691.4,50064.303,1.0,,0.0
2026-01-30,42.2,43.71,43.98,42.19,14981.05,64954.84,1.0,,0.0
2026-02-02,43.73,42.72,44.9,42.67,11075.36,48238.929,1.0,,0.0
2026-02-03,44.78,44.15,44.78,42.73,12551.95,54649.24,1.0,,0.0
2026-02-04,44.15,44.14,45.18,43.8,9647.2,42819.471,1.0,,0.0
2026-02-05,43.97,44.51,45.49,43.97,8738.9,39040.066,1.0,,0.0
2026-02-06,43.91,44.87,45.3,43.75,11088.0,49691.996,1.0,,0.0
2026-02-09,45.0,44.6,45.3,44.45,7228.4,32409.434,1.0,,0.0
2026-02-10,44.59,44.78,45.25,44.4,6698.0,29965.864,1.0,,0.0
2026-02-11,44.65,44.32,45.27,44.25,5645.0,25224.125,1.0,,0.0
2026-02-12,44.38,43.59,44.48,43.58,6362.29,27925.862,1.0,,0.0
2026-02-13,43.45,43.79,44.22,43.26,6704.8,29419.4,1.0,,0.0
2026-02-24,44.48,45.2,45.77,43.78,11417.3,51354.053,1.0,,0.0
2026-02-25,45.45,45.56,45.67,44.86,7845.0,35492.194,1.0,,0.0
2026-02-26,45.56,46.29,46.29,45.32,10053.0,46132.853,1.0,,0.0
2026-02-27,46.52,46.23,46.58,45.51,7784.5,35747.739,1.0,,0.0
2026-03-02,46.0,43.54,46.0,43.35,14026.0,61948.086,1.0,,0.0
2026-03-03,43.54,42.07,44.12,42.0,8627.99,37067.639,1.0,,0.0
2026-03-04,45.06,42.44,45.1,41.87,8399.4,35627.745,1.0,,0.0
2026-03-05,43.22,43.63,44.39,42.75,12052.2,52555.038,1.0,,0.0
2026-03-06,43.71,43.08,43.92,43.03,9106.1,39428.225,1.0,,0.0
2026-03-09,43.0,41.44,43.0,41.01,9347.3,39004.736,1.0,,0.0
2026-03-10,41.94,43.04,43.27,41.94,10113.43,43318.133,1.0,,0.0
2026-03-11,43.25,42.88,43.79,42.54,8866.5,38237.424,1.0,,0.0
2026-03-12,43.41,41.93,43.41,41.71,6116.9,25752.338,1.0,,0.0
2026-03-13,41.69,41.82,42.85,41.6,6196.5,26144.836,1.0,,0.0
2026-03-16,41.82,41.8,42.1,41.41,4669.71,19516.586,1.0,,0.0
2026-03-17,42.0,40.54,42.0,40.42,7184.5,29513.529,1.0,,0.0
2026-03-18,40.89,41.17,41.49,40.23,7563.6,31040.342,1.0,,0.0
2026-03-19,40.85,39.49,41.26,39.2,7266.5,28955.194,1.0,,0.0
2026-03-20,39.7,38.14,40.15,38.02,6242.49,24295.032,1.0,,0.0
2026-03-23,38.33,35.97,38.33,35.44,12388.1,45104.744,1.0,,0.0
2026-03-24,37.5,37.98,38.2,36.27,12359.47,46272.673,1.0,,0.0
2026-03-25,38.0,39.54,40.39,38.0,13048.79,51783.185,1.0,,0.0
2026-03-26,39.71,37.43,40.5,37.14,10296.9,39158.382,1.0,,0.0
2026-03-27,37.18,38.52,39.26,36.88,13014.3,50247.696,1.0,,0.0
2026-03-30,38.49,38.61,39.0,38.02,8133.0,31314.232,1.0,,0.0
2026-03-31,39.3,38.31,39.3,37.37,7383.0,28604.813,1.0,,0.0
2026-04-01,39.28,38.91,39.35,38.38,5215.0,20231.263,1.0,,0.0
2026-04-02,39.05,37.62,39.09,37.43,5972.0,22667.601,1.0,,0.0
2026-04-03,37.8,36.48,37.93,36.2,6140.0,22550.161,1.0,,0.0
2026-04-07,36.66,37.28,37.56,36.46,8286.54,30811.336,1.0,,0.0
2026-04-08,38.16,38.46,38.74,37.83,7767.6,29824.775,1.0,,0.0
2026-04-09,39.22,37.28,39.22,37.13,8573.09,32122.206,1.0,,0.0
2026-04-10,37.58,38.18,38.82,37.47,11656.9,44581.393,1.0,,0.0
2026-04-13,38.02,40.21,41.98,38.01,24602.88,99486.264,1.0,,0.0
2026-04-14,40.2,38.88,41.0,38.3,23222.22,90275.053,1.0,,0.0
2026-04-15,38.87,38.25,39.18,38.09,11433.83,43929.848,1.0,,0.0
2026-04-16,38.24,39.22,39.25,38.08,13044.39,50516.661,1.0,,0.0
2026-04-17,39.1,38.67,39.29,38.3,10510.29,40570.329,1.0,,0.0
2026-04-20,38.61,39.57,40.0,38.36,10364.95,40893.325,1.0,,0.0
2026-04-21,39.42,39.8,40.07,39.12,7760.3,30696.326,1.0,,0.0
2026-04-22,39.8,39.43,39.8,39.15,6740.6,26548.204,1.0,,0.0
2026-04-23,39.24,38.75,39.77,38.3,7385.36,28613.611,1.0,,0.0
2026-04-24,39.8,38.92,39.8,38.31,5739.41,22230.125,1.0,,0.0
2026-04-27,38.84,39.29,39.59,38.48,7134.36,27871.164,1.0,,0.0
2026-04-28,38.87,37.79,39.3,37.53,11349.72,43005.712,1.0,,0.0
2026-04-29,37.7,38.68,39.19,37.45,13648.09,52910.981,1.0,,0.0
2026-04-30,38.76,39.35,39.54,38.44,7475.7,29209.481,1.0,,0.0
2026-05-06,39.76,38.8,39.76,38.53,8532.0,33347.189,1.0,,0.0
2026-05-07,39.57,39.73,39.8,38.75,9026.0,35719.587,1.0,,0.0
2026-05-08,39.71,39.99,40.14,38.8,7732.28,30660.834,1.0,,0.0
2026-05-11,40.19,39.91,40.19,39.62,88135100.0,351340290.0,1.0,,0.0
2026-05-12,39.73,38.99,39.95,38.7,9239.73,36170.366,1.0,,0.0
2026-05-13,39.37,38.86,39.37,38.5,6807.82,26453.172,1.0,,0.0
2026-05-14,38.88,37.69,39.13,37.5,8718.71,33133.064,1.0,,0.0
2026-05-15,38.38,37.55,38.59,37.25,9652.22,36465.948,1.0,,0.0
2026-05-18,37.56,38.75,39.4,36.82,12903.52,49761.667,1.0,,0.0
2026-05-19,38.76,38.99,39.43,38.21,6762.02,26284.485,1.0,,0.0
2026-05-20,39.0,38.28,39.0,38.1,7730.5,29717.054,1.0,,0.0
2026-05-21,38.05,36.53,38.7,36.11,10138.0,37958.757,1.0,,0.0
2026-05-22,36.54,36.86,37.35,35.88,7922.0,28936.095,1.0,,0.0
2026-05-25,37.17,36.48,37.24,36.08,8384.6,30622.108,1.0,,0.0
2026-05-26,36.48,35.83,36.65,35.45,7836.9,28185.262,1.0,,0.0
2026-05-27,35.71,35.61,37.2,34.8,13643.91,48706.048,1.0,,0.0
2026-05-28,35.79,36.2,37.37,35.01,10295.91,37392.34,1.0,,0.0
2026-05-29,36.2,34.35,36.39,34.28,8981.5,31711.432,1.0,,0.0
2026-06-01,34.67,34.43,35.59,34.31,9781.35,33977.03045,1.0,,0.0
2026-06-02,34.21,33.51,34.89,32.9,9515.9,31936.6278,1.0,,0.0
2026-06-03,34.33,33.27,34.33,32.93,9113.4,30459.2581,1.0,,0.0
2026-06-04,33.28,33.31,34.72,33.1,8467.91,28577.467,1.0,,0.0
2026-06-05,33.59,33.15,33.79,32.32,9181.4,30352.531,1.0,,0.0
2026-06-08,33.0,33.79,36.36,32.54,21797.0,75374.7567,1.0,,0.0
2026-06-09,34.39,35.37,35.42,33.33,21066.03,72695.8719,1.0,,0.0
2026-06-10,34.79,36.07,36.88,34.77,19473.82,70184.87814,1.0,,0.0
2026-06-11,35.76,37.3,37.48,35.35,19386.03,71027.11315,1.0,,0.0
2026-06-12,37.68,38.63,39.35,37.15,21130.53,80847.91474,1.0,,0.0
2026-06-15,38.6,40.24,40.54,38.14,25695.91,101176.30298,1.0,,0.0
2026-06-16,40.12,41.02,41.44,39.5,20081.67,81457.2853,1.0,,0.0
2026-06-17,41.61,39.78,42.0,39.06,22545.49,90375.96766,1.0,,0.0
2026-06-18,39.13,42.83,43.3,39.13,28294.05,118140.99995,1.0,,0.0
2026-06-22,42.33,43.03,44.99,41.98,28065.37,121708.71788,1.0,,0.0
2026-06-24,45.58,50.3,50.8,45.13,35932.05,173649.21379,1.0,,0.0
2026-06-25,50.96,52.45,52.96,49.08,39482.85,202164.89305,1.0,,0.0
2026-06-26,51.98,45.64,52.8,45.3,38640.23,187722.25331,1.0,,0.0
2026-06-29,47.49,46.0,48.48,44.08,34697.64,159101.49272,1.0,,0.0
2026-06-30,45.54,45.38,45.65,42.59,25896.74,114943.2455,1.0,,0.0
2026-07-01,45.0,44.02,45.3,42.34,19274.36,84030.93734,1.0,,0.0
2026-07-03,43.98,44.5,44.99,43.05,11261.09,49636.40299,1.0,,0.0
2026-07-06,44.89,43.62,45.99,42.61,12899.6,56425.6299,1.0,,0.0
2026-07-07,44.5,42.86,44.5,42.76,23691.67,103214.63459,1.0,,0.0
2026-07-08,42.43,39.51,43.23,39.51,18079.57,73096.28779,1.0,,0.0
2026-07-09,39.62,39.06,41.3,37.75,15256.0,59462.444,1.0,,0.0
2026-07-10,38.94,38.85,40.15,38.38,11994.0,46855.392,1.0,,0.0
2026-07-14,36.2,39.88,39.88,35.17,19417.07,72959.04199,1.0,,0.0
2026-07-15,39.88,39.99,40.83,38.5,21333.5,83787.2175,1.0,,0.0
2026-07-16,40.58,42.9,45.13,39.79,41841.0,178929.9256,1.0,,0.0
2026-07-17,43.36,43.52,46.34,42.55,36482.9,162131.04001,1.0,,0.0
2026-07-20,43.67,38.59,45.9,36.6,39657.77,160682.50475,1.0,,0.0
2026-07-21,38.39,39.7,39.79,35.57,23576.17,89544.5176,1.0,,0.0
2026-07-22,39.62,38.41,39.62,37.52,12875.8,49474.3528,1.0,,0.0
2026-07-23,37.83,38.01,39.26,37.57,8363.52,31982.66812,1.0,,0.0
2026-07-24,38.0,38.07,39.3,36.74,11094.9,42330.9804,1.0,,0.0
2026-07-27,37.5,41.53,42.12,37.3,18368.55,72638.49537,1.0,,0.0
2026-07-28,41.11,40.0,44.48,39.2,25901.19,109663.25884,1.0,,0.0
2026-07-29,40.39,39.8,41.68,38.77,22895.3,92077.655,1.0,,0.0
2026-07-30,39.59,37.83,40.5,37.5,17270.8,66796.921,1.0,,0.0
2026-07-31,39.07,39.55,40.5,38.01,15817.0,63033.583,1.0,,0.0
2026-08-03,39.55,40.0,41.17,38.78,15454.0,61847.86021,1.0,,0.0
2026-08-04,40.49,42.65,43.66,40.0,25683.04,107167.96304,1.0,,0.0
2026-08-05,42.82,43.49,44.1,41.5,23335.43,100116.61223,1.0,,0.0
2026-08-06,43.0,42.28,44.07,41.44,19075.77,80960.67906,1.0,,0.0
2026-08-07,42.16,41.76,42.62,40.78,11600.29,48225.70084,1.0,,0.0
2026-08-10,42.19,43.74,43.89,41.37,20543.62,87777.078,1.0,,0.0
2026-08-11,43.0,44.04,44.75,42.5,16746.0,73755.195,1.0,,0.0
2026-08-12,44.04,44.43,46.84,43.64,19084.52,86167.84728,1.0,2.6924,0.0
2026-08-13,45.01,45.85,47.22,44.01,26823.3,123900.6273,1.0,3.78,0.0
2026-08-14,46.31,48.8,48.98,46.31,32868.3,157139.0351,1.0,4.64,0.0
2026-08-17,48.32,45.23,48.8,44.73,33043.88,152611.87293,1.0,0.0,0.0
2026-08-18,45.38,43.54,45.44,42.96,19074.63,83214.73429,1.0,0.0,0.0
2026-08-19,42.69,40.38,43.39,39.78,17728.37,73670.35788,1.0,0.0,0.0
2026-08-20,40.31,41.79,42.44,40.31,13849.3,57579.934,1.0,1.324,1.9538
2026-08-21,41.8,41.52,41.98,40.28,10934.1,45014.9338,1.0,1.0453,1.5426
2026-08-24,41.99,41.25,42.02,40.53,8534.0,35037.611,1.0,0.8159,1.204
2026-08-25,42.34,45.06,45.5,41.61,32762.66,141964.05684,1.0,3.1322,4.6221
2026-08-26,44.71,44.64,45.99,42.85,24937.0,110565.625,1.0,2.384,3.5181
2026-08-27,45.84,44.66,46.15,44.24,16141.0,72775.011,1.0,1.5431,2.2771
2026-08-28,44.2,44.86,45.6,44.2,13849.0,62449.65,1.0,1.324,1.9538
2026-08-31,44.82,45.4,45.77,44.13,14067.66,63216.49004,1.0,1.3449,1.9846
2026-09-01,45.41,44.28,45.85,44.0,14201.0,63438.612,1.0,1.3576,2.0034
2026-09-02,43.69,43.77,44.53,42.11,13459.9,58108.8459,1.0,1.2868,1.8989
2026-09-03,44.59,44.47,44.9,42.81,15987.33,70251.09751,1.0,1.5284,2.2555
2026-09-04,44.61,44.62,45.48,44.2,14036.3,62948.0038,1.0,1.3419,1.9802
2026-09-07,44.81,45.32,46.0,44.3,15892.32,71493.27482,1.0,1.5193,2.242
2026-09-08,45.32,46.88,47.5,45.08,18132.5,84120.814,1.0,1.7335,2.5581
2026-09-09,46.83,46.83,48.37,46.4,16235.39,77024.196,1.0,1.5521,2.2904
2026-09-10,46.63,45.43,46.7,44.88,8546.93,38993.75252,1.0,0.8171,1.2058
2026-09-11,45.0,44.91,45.45,43.5,8182.13,36382.6569,1.0,0.7822,1.1543
2026-09-14,44.9,43.8,44.91,43.63,8827.0,38896.347,1.0,0.8439,1.2453
2026-09-15,42.96,43.04,43.99,42.75,6449.33,27874.12491,1.0,0.6166,0.9099
2026-09-16,43.99,44.66,44.75,42.5,8902.0,38868.316,1.0,0.8511,1.2559
2026-09-17,44.65,46.65,46.89,44.0,16980.0,78206.25937,1.0,1.6233,2.3955
2026-09-18,47.26,48.3,50.8,47.23,19238.6,93402.3284,1.0,1.8393,2.7141
2026-09-21,48.9,50.24,51.79,48.32,24710.0,124318.527,1.0,2.3623,3.486
2026-09-22,51.01,51.01,52.25,50.03,31380.6,161060.3421,1.0,3.0001,4.4271
2026-09-23,51.98,54.3,54.9,50.75,41506.5,222115.67561,1.0,3.9681,5.8556
2026-09-24,53.99,51.56,53.99,51.31,22931.0,119864.299,1.0,2.1923,3.235
2026-09-28,52.57,53.29,53.75,51.14,24741.9,129451.9043,1.0,2.3654,3.4905
2026-09-29,54.36,53.1,54.71,52.18,21899.8,117079.63571,1.0,2.0937,3.0896
2026-09-30,53.69,50.91,53.69,50.64,20307.44,105461.59392,1.0,1.9414,2.8649
2026-10-08,50.39,47.98,50.41,47.61,26596.0,129236.138,1.0,2.5426,3.7521
2026-10-09,48.35,48.81,49.46,47.09,16636.0,80086.526,1.0,1.5904,2.347
