date,open,close,high,low,volume,money,factor,turnover,turnover_free
2021-05-10,5.5,5.51,5.61,5.44,71947.66,39665.027,1.0,,0.0
2021-05-11,5.52,5.68,5.87,5.52,97771.79,55701.669,1.0,,0.0
2021-05-12,5.63,5.62,5.75,5.56,84664.03,47652.465,1.0,,0.0
2021-05-13,5.58,5.97,6.09,5.53,169166.76,99183.501,1.0,,0.0
2021-05-14,5.8,5.84,5.92,5.73,119623.0,69546.774,1.0,,0.0
2021-05-17,5.77,5.64,5.82,5.62,79221.37,45043.086,1.0,,0.0
2021-05-18,5.65,5.67,5.71,5.55,55196.11,31061.765,1.0,,0.0
2021-05-19,5.7,5.43,5.7,5.41,87584.9,48378.661,1.0,,0.0
2021-05-20,5.38,5.45,5.48,5.35,56341.91,30604.643,1.0,,0.0
2021-05-21,5.48,5.48,5.6,5.41,56675.01,31243.06,1.0,,0.0
2021-05-24,5.46,5.56,5.74,5.4,79551.01,44581.944,1.0,,0.0
2021-05-25,5.56,5.52,5.57,5.43,57252.01,31427.023,1.0,,0.0
2021-05-26,5.5,5.51,5.59,5.46,39335.5,21737.219,1.0,,0.0
2021-05-27,5.48,5.47,5.55,5.44,42302.17,23222.958,1.0,,0.0
2021-05-28,5.46,5.46,5.57,5.43,40034.5,21928.888,1.0,,0.0
2021-05-31,5.44,5.46,5.51,5.35,59817.66,32417.56,1.0,,0.0
2021-06-01,5.46,5.59,5.75,5.42,92177.13,51801.938,1.0,,0.0
2021-06-02,5.58,5.68,5.85,5.58,98127.0,56365.486,1.0,,0.0
2021-06-03,5.67,5.71,5.79,5.64,64306.01,36661.786,1.0,,0.0
2021-06-04,5.67,5.87,6.04,5.62,125362.79,73620.591,1.0,,0.0
2021-06-07,5.95,5.82,6.05,5.79,99207.01,58667.587,1.0,,0.0
2021-06-08,5.82,5.75,5.9,5.72,75110.11,43504.392,1.0,,0.0
2021-06-09,5.79,5.7,5.81,5.69,48483.23,27808.192,1.0,,0.0
2021-06-10,5.74,5.68,5.75,5.65,55000.0,31279.919,1.0,,0.0
2021-06-11,5.7,5.57,5.79,5.55,56496.29,31993.928,1.0,,0.0
2021-06-15,5.68,5.37,5.68,5.34,75397.0,41092.92,1.0,,0.0
2021-06-16,5.39,5.19,5.39,5.17,59302.02,31144.395,1.0,,0.0
2021-06-17,5.21,5.23,5.26,5.17,32970.29,17214.695,1.0,,0.0
2021-06-18,5.25,5.28,5.31,5.2,31502.0,16561.661,1.0,,0.0
2021-06-21,5.26,5.3,5.42,5.26,51061.0,27300.665,1.0,,0.0
2021-06-22,5.28,5.35,5.41,5.28,45807.01,24567.408,1.0,,0.0
2021-06-23,5.34,5.26,5.35,5.23,39882.0,21067.081,1.0,,0.0
2021-06-24,5.28,5.23,5.3,5.2,27187.0,14230.218,1.0,,0.0
2021-06-25,5.21,5.25,5.32,5.21,31419.01,16530.848,1.0,,0.0
2021-06-28,5.28,5.11,5.28,5.1,52391.01,26926.973,1.0,,0.0
2021-06-29,5.09,5.13,5.22,5.06,38936.01,19989.407,1.0,,0.0
2021-06-30,5.13,5.07,5.14,5.03,31993.0,16250.337,1.0,,0.0
2021-07-01,5.07,5.05,5.15,5.03,42713.01,21776.549,1.0,,0.0
2021-07-02,5.02,4.97,5.04,4.95,36185.02,18050.128,1.0,,0.0
2021-07-05,5.03,5.03,5.07,4.98,30341.0,15246.859,1.0,,0.0
2021-07-06,5.05,5.23,5.35,5.03,83211.01,43348.512,1.0,,0.0
2021-07-07,5.23,5.21,5.31,5.18,43154.01,22603.803,1.0,,0.0
2021-07-08,5.19,5.21,5.37,5.19,47122.11,24845.05,1.0,,0.0
2021-07-09,5.2,5.16,5.24,5.12,34923.0,18026.939,1.0,,0.0
2021-07-12,5.17,5.14,5.22,5.12,35340.37,18214.77,1.0,,0.0
2021-07-13,5.16,5.13,5.16,5.07,29656.0,15173.89,1.0,,0.0
2021-07-14,5.14,5.05,5.17,5.02,40815.0,20755.165,1.0,,0.0
2021-07-15,5.02,5.0,5.08,5.0,29364.0,14765.03,1.0,,0.0
2021-07-16,4.98,4.94,5.03,4.93,37012.11,18423.144,1.0,,0.0
2021-07-19,4.93,4.94,4.95,4.8,43882.93,21368.605,1.0,,0.0
2021-07-20,4.94,4.92,4.94,4.86,19076.11,9351.856,1.0,,0.0
2021-07-21,4.92,4.91,4.97,4.9,24834.33,12234.118,1.0,,0.0
2021-07-22,4.92,4.84,4.92,4.8,43888.93,21258.329,1.0,,0.0
2021-07-23,4.86,4.72,4.87,4.71,46779.35,22329.354,1.0,,0.0
2021-07-26,4.72,4.72,4.79,4.69,30660.0,14485.928,1.0,,0.0
2021-07-27,4.73,4.67,4.79,4.66,27068.7,12761.182,1.0,,0.0
2021-07-28,4.65,4.46,4.66,4.45,41940.56,18962.792,1.0,,0.0
2021-07-29,4.49,4.57,4.61,4.49,31647.12,14451.411,1.0,,0.0
2021-07-30,4.59,4.81,4.99,4.48,67650.37,32305.513,1.0,,0.0
2021-08-02,4.68,4.76,4.81,4.68,39755.02,18892.89,1.0,,0.0
2021-08-03,4.68,4.74,4.8,4.68,25310.01,12036.943,1.0,,0.0
2021-08-04,4.71,4.73,4.8,4.7,20001.01,9470.988,1.0,,0.0
2021-08-05,4.71,4.64,4.71,4.63,24156.84,11283.304,1.0,,0.0
2021-08-06,4.64,4.6,4.67,4.57,23714.0,10944.806,1.0,,0.0
2021-08-09,4.55,4.66,4.67,4.55,21031.18,9731.541,1.0,,0.0
2021-08-10,4.65,4.74,4.76,4.63,30117.02,14218.344,1.0,,0.0
2021-08-11,4.75,4.91,5.16,4.75,64004.01,31803.125,1.0,,0.0
2021-08-12,4.9,4.8,4.9,4.79,34612.66,16680.715,1.0,,0.0
2021-08-13,4.8,4.76,4.82,4.73,20117.21,9574.891,1.0,,0.0
2021-08-16,4.75,4.87,4.94,4.74,28865.01,14058.697,1.0,,0.0
2021-08-17,4.86,4.76,4.91,4.75,21231.0,10211.129,1.0,,0.0
2021-08-18,4.73,4.75,4.79,4.71,21111.0,10020.23,1.0,,0.0
2021-08-19,4.75,4.68,4.76,4.67,18632.0,8764.596,1.0,,0.0
2021-08-20,4.73,4.65,4.73,4.59,19864.01,9215.142,1.0,,0.0
2021-08-23,4.6,4.76,4.85,4.6,27629.11,13113.27,1.0,,0.0
2021-08-24,4.76,4.78,4.83,4.76,21124.02,10137.255,1.0,,0.0
2021-08-25,4.75,4.9,4.92,4.75,31573.0,15330.261,1.0,,0.0
2021-08-26,4.9,4.89,4.92,4.82,22781.0,11096.492,1.0,,0.0
2021-08-27,4.89,4.84,4.92,4.81,19036.0,9227.901,1.0,,0.0
2021-08-30,4.84,4.93,4.95,4.72,44218.0,21459.501,1.0,,0.0
2021-08-31,4.9,5.12,5.26,4.88,99492.56,50642.589,1.0,,0.0
2021-09-01,5.06,5.14,5.18,5.01,45740.0,23284.436,1.0,,0.0
2021-09-02,5.13,5.05,5.13,5.01,36071.01,18194.85,1.0,,0.0
2021-09-03,5.09,5.03,5.17,5.0,39653.01,20140.61,1.0,,0.0
2021-09-06,5.02,5.04,5.07,4.98,25561.01,12833.999,1.0,,0.0
2021-09-07,5.06,5.02,5.06,4.99,34293.11,17200.38,1.0,,0.0
2021-09-08,5.02,5.18,5.22,5.0,67306.12,34509.203,1.0,,0.0
2021-09-09,5.15,5.07,5.18,5.04,44996.13,22973.767,1.0,,0.0
2021-09-10,5.09,5.0,5.1,4.99,36097.9,18172.806,1.0,,0.0
2021-09-13,4.99,5.02,5.05,4.95,28699.85,14348.734,1.0,,0.0
2021-09-14,5.01,5.08,5.21,5.0,58745.81,30091.092,1.0,,0.0
2021-09-15,5.07,5.11,5.17,5.04,38556.05,19668.144,1.0,,0.0
2021-09-16,5.11,5.1,5.2,5.08,40730.01,20947.452,1.0,,0.0
2021-09-17,5.06,5.06,5.18,5.01,38574.04,19608.479,1.0,,0.0
2021-09-22,4.98,5.22,5.24,4.98,70218.78,36156.274,1.0,,0.0
2021-09-23,5.2,5.1,5.25,5.1,49034.18,25282.786,1.0,,0.0
2021-09-24,5.13,5.04,5.16,5.04,38092.81,19443.687,1.0,,0.0
2021-09-27,5.05,4.68,5.08,4.66,75937.72,36504.061,1.0,,0.0
2021-09-28,4.64,4.84,4.91,4.62,44164.01,21148.024,1.0,,0.0
2021-09-29,4.92,4.7,4.92,4.68,29521.01,14056.353,1.0,,0.0
2021-09-30,4.77,4.97,5.0,4.7,52888.15,25896.136,1.0,,0.0
2021-10-08,5.03,5.18,5.19,4.98,58633.02,29931.467,1.0,,0.0
2021-10-11,5.16,5.1,5.21,5.06,31023.01,15850.566,1.0,,0.0
2021-10-12,5.1,5.04,5.13,5.01,31862.01,16083.129,1.0,,0.0
2021-10-13,5.03,4.99,5.12,4.91,28889.0,14430.924,1.0,,0.0
2021-10-14,4.94,4.96,5.02,4.94,18359.0,9136.987,1.0,,0.0
2021-10-15,4.97,4.96,4.99,4.81,20969.0,10346.015,1.0,,0.0
2021-10-18,4.96,5.01,5.02,4.9,35119.01,17441.293,1.0,,0.0
2021-10-19,5.0,4.94,5.03,4.94,16115.0,8010.324,1.0,,0.0
2021-10-20,4.92,4.83,4.93,4.82,28225.01,13751.961,1.0,,0.0
2021-10-21,4.83,4.76,4.85,4.76,23221.0,11139.49,1.0,,0.0
2021-10-22,4.76,4.66,4.79,4.65,27086.0,12737.665,1.0,,0.0
2021-10-25,4.67,4.68,4.74,4.63,15306.83,7169.959,1.0,,0.0
2021-10-26,4.69,4.56,4.7,4.55,26387.74,12139.128,1.0,,0.0
2021-10-27,4.57,4.47,4.57,4.45,24813.0,11124.182,1.0,,0.0
2021-10-28,4.47,4.41,4.49,4.3,22806.65,10070.038,1.0,,0.0
2021-10-29,4.45,4.49,4.54,4.39,20067.32,8973.049,1.0,,0.0
2021-11-01,4.48,4.54,4.54,4.42,18902.0,8468.438,1.0,,0.0
2021-11-02,4.53,4.39,4.59,4.37,26214.0,11690.682,1.0,,0.0
2021-11-03,4.4,4.48,4.48,4.38,13262.19,5906.566,1.0,,0.0
2021-11-04,4.5,4.52,4.52,4.47,11392.01,5121.883,1.0,,0.0
2021-11-05,4.5,4.46,4.5,4.42,20563.0,9171.131,1.0,,0.0
2021-11-08,4.5,4.49,4.52,4.44,10784.0,4834.666,1.0,,0.0
2021-11-09,4.49,4.5,4.53,4.47,9928.82,4464.907,1.0,,0.0
2021-11-10,4.47,4.53,4.54,4.4,23590.85,10547.907,1.0,,0.0
2021-11-11,4.51,4.57,4.65,4.5,26208.9,12035.529,1.0,,0.0
2021-11-12,4.58,4.61,4.62,4.51,28187.9,12889.774,1.0,,0.0
2021-11-15,4.57,4.59,4.64,4.56,23325.03,10712.65,1.0,,0.0
2021-11-16,4.58,4.55,4.61,4.53,18871.4,8613.682,1.0,,0.0
2021-11-17,4.53,4.73,4.81,4.51,48587.91,22667.571,1.0,,0.0
2021-11-18,4.72,4.73,4.76,4.65,40512.01,19011.403,1.0,,0.0
2021-11-19,4.72,4.75,4.81,4.67,40708.44,19311.659,1.0,,0.0
2021-11-22,4.72,4.7,4.76,4.67,29604.01,13924.494,1.0,,0.0
2021-11-23,4.7,4.69,4.71,4.65,21325.4,9973.623,1.0,,0.0
2021-11-24,4.67,4.68,4.73,4.65,23152.0,10833.737,1.0,,0.0
2021-11-25,4.69,4.66,4.74,4.63,43958.64,20613.629,1.0,,0.0
2021-11-26,4.67,4.65,4.73,4.6,30586.03,14307.429,1.0,,0.0
2021-11-29,4.6,4.56,4.62,4.55,24158.0,11084.448,1.0,,0.0
2021-11-30,4.55,4.59,4.65,4.55,32901.37,15155.785,1.0,,0.0
2021-12-01,4.57,4.63,4.64,4.56,23609.01,10895.757,1.0,,0.0
2021-12-02,4.59,4.58,4.64,4.57,20458.0,9404.527,1.0,,0.0
2021-12-03,4.61,4.56,4.61,4.54,25573.0,11675.668,1.0,,0.0
2021-12-06,4.56,4.46,4.58,4.45,36405.0,16396.27,1.0,,0.0
2021-12-07,4.47,4.51,4.51,4.46,22707.0,10195.633,1.0,,0.0
2021-12-08,4.52,4.47,4.52,4.47,17486.0,7851.858,1.0,,0.0
2021-12-09,4.46,4.92,4.92,4.45,103434.24,49343.907,1.0,,0.0
2021-12-10,5.0,5.11,5.41,4.93,260820.21,134636.052,1.0,,0.0
2021-12-13,4.99,5.08,5.1,4.95,138558.76,69511.275,1.0,,0.0
2021-12-14,4.98,5.0,5.04,4.94,80984.0,40495.009,1.0,,0.0
2021-12-15,5.02,5.28,5.41,4.97,167203.27,86754.963,1.0,,0.0
2021-12-16,5.3,5.19,5.36,5.11,130483.35,68240.939,1.0,,0.0
2021-12-17,5.13,5.55,5.71,5.12,282545.9,157723.395,1.0,,0.0
2021-12-20,5.54,5.44,5.8,5.33,236004.81,131076.642,1.0,,0.0
2021-12-21,5.41,5.5,5.6,5.38,125358.01,68614.997,1.0,,0.0
2021-12-22,5.46,5.32,5.6,5.3,123964.02,66646.779,1.0,,0.0
2021-12-23,5.31,5.2,5.36,5.14,95808.67,50107.324,1.0,,0.0
2021-12-24,5.24,5.04,5.25,5.04,67260.0,34483.876,1.0,,0.0
2021-12-27,5.08,5.02,5.12,4.99,64414.0,32511.781,1.0,,0.0
2021-12-28,5.18,5.05,5.37,5.02,121504.01,62288.206,1.0,,0.0
2021-12-29,5.06,5.0,5.09,4.95,68719.02,34328.669,1.0,,0.0
2021-12-30,5.03,5.04,5.2,5.0,74350.49,37835.021,1.0,,0.0
2021-12-31,5.02,5.13,5.33,5.0,83314.37,43051.304,1.0,,0.0
2022-01-04,5.06,5.22,5.3,5.06,82114.0,42682.201,1.0,,0.0
2022-01-05,5.25,5.34,5.54,5.16,130267.0,69989.336,1.0,,0.0
2022-01-06,5.26,5.28,5.42,5.24,93410.01,49598.041,1.0,,0.0
2022-01-07,5.29,5.15,5.42,5.15,86048.0,45458.426,1.0,,0.0
2022-01-10,5.14,5.47,5.6,5.08,141532.5,76002.554,1.0,,0.0
2022-01-11,5.46,6.02,6.02,5.45,210389.63,123867.731,1.0,,0.0
2022-01-12,6.2,6.62,6.62,5.88,472490.01,299072.915,1.0,,0.0
2022-01-13,6.49,7.28,7.28,6.38,574223.39,405889.956,1.0,,0.0
2022-01-14,7.1,6.8,7.57,6.55,681499.53,472659.87,1.0,,0.0
2022-01-17,6.5,6.3,6.59,6.12,458906.69,289313.61,1.0,,0.0
2022-01-18,6.21,6.2,6.44,6.09,334198.44,207331.306,1.0,,0.0
2022-01-19,6.11,6.2,6.27,6.05,200374.81,123128.839,1.0,,0.0
2022-01-20,6.13,5.78,6.13,5.67,275144.2,162170.353,1.0,,0.0
2022-01-21,5.8,5.89,6.0,5.7,212574.54,124919.26,1.0,,0.0
2022-01-24,5.8,5.74,5.89,5.7,129817.66,74942.575,1.0,,0.0
2022-01-25,5.76,5.33,5.77,5.25,176607.01,96344.959,1.0,,0.0
2022-01-26,5.38,5.31,5.44,5.27,90135.0,48181.567,1.0,,0.0
2022-01-27,5.39,5.09,5.39,5.08,91183.0,47251.452,1.0,,0.0
2022-01-28,5.17,5.23,5.33,5.13,84532.1,44240.903,1.0,,0.0
2022-02-07,5.3,5.31,5.39,5.2,86957.0,46186.876,1.0,,0.0
2022-02-08,5.34,5.49,5.65,5.33,141983.45,77871.733,1.0,,0.0
2022-02-09,5.53,5.49,5.55,5.35,103120.9,56274.125,1.0,,0.0
2022-02-10,5.5,5.5,5.66,5.41,125530.0,69113.527,1.0,,0.0
2022-02-11,5.55,5.35,5.71,5.32,184690.01,101554.98,1.0,,0.0
2022-02-14,5.37,5.38,5.5,5.3,121890.5,65814.076,1.0,,0.0
2022-02-15,5.43,5.35,5.46,5.28,96504.1,51680.027,1.0,,0.0
2022-02-16,5.35,5.43,5.48,5.35,74800.01,40562.559,1.0,,0.0
2022-02-17,5.38,5.3,5.47,5.28,85164.0,45632.548,1.0,,0.0
2022-02-18,5.27,5.35,5.37,5.2,65494.0,34784.205,1.0,,0.0
2022-02-21,5.4,5.38,5.41,5.31,63728.19,34144.545,1.0,,0.0
2022-02-22,5.35,5.22,5.37,5.19,72199.1,37923.701,1.0,,0.0
2022-02-23,5.23,5.24,5.28,5.16,70203.02,36688.074,1.0,,0.0
2022-02-24,5.21,5.02,5.26,4.92,117125.01,59629.514,1.0,,0.0
2022-02-25,5.02,5.12,5.15,5.01,80474.62,41035.603,1.0,,0.0
2022-02-28,5.14,5.04,5.14,5.0,54709.0,27551.397,1.0,,0.0
2022-03-01,5.01,5.13,5.17,5.01,52097.09,26650.186,1.0,,0.0
2022-03-02,5.13,5.19,5.23,5.1,50216.01,25988.299,1.0,,0.0
2022-03-03,5.2,5.17,5.25,5.14,41947.37,21788.343,1.0,,0.0
2022-03-04,5.16,5.05,5.16,5.04,46156.0,23519.358,1.0,,0.0
2022-03-07,5.01,5.07,5.18,5.01,61310.37,31322.032,1.0,,0.0
2022-03-08,5.03,4.89,5.08,4.88,70221.0,34763.043,1.0,,0.0
2022-03-09,4.89,4.82,4.95,4.64,75260.6,36127.099,1.0,,0.0
2022-03-10,4.9,4.9,5.0,4.86,57156.0,28167.76,1.0,,0.0
2022-03-11,5.0,4.99,5.0,4.81,71169.64,34882.845,1.0,,0.0
2022-03-14,4.94,4.88,4.99,4.87,55324.65,27284.318,1.0,,0.0
2022-03-15,4.87,4.65,4.9,4.65,70834.19,33913.717,1.0,,0.0
2022-03-16,4.7,4.8,4.83,4.6,64301.36,30382.453,1.0,,0.0
2022-03-17,4.89,4.87,4.98,4.85,71943.1,35276.951,1.0,,0.0
2022-03-18,4.81,5.36,5.36,4.8,133935.53,68842.913,1.0,,0.0
2022-03-21,5.9,5.9,5.9,5.58,223863.05,129831.015,1.0,,0.0
2022-03-22,6.09,6.38,6.49,5.96,703489.07,445661.218,1.0,,0.0
2022-03-23,6.2,5.79,6.29,5.75,540857.88,320363.742,1.0,,0.0
2022-03-24,5.74,5.76,6.12,5.68,395637.13,232793.045,1.0,,0.0
2022-03-25,5.68,6.11,6.3,5.68,487172.0,293786.371,1.0,,0.0
2022-03-28,5.9,5.97,6.12,5.85,276501.26,165716.399,1.0,,0.0
2022-03-29,5.88,5.85,6.04,5.8,211459.62,124414.408,1.0,,0.0
2022-03-30,5.76,6.09,6.28,5.76,306460.01,185572.348,1.0,,0.0
2022-03-31,5.98,6.15,6.35,5.98,300676.01,184635.707,1.0,,0.0
2022-04-01,6.1,6.03,6.34,5.91,256350.0,155451.757,1.0,,0.0
2022-04-06,5.96,6.63,6.63,5.93,273156.02,171555.54,1.0,,0.0
2022-04-07,6.63,6.09,6.7,6.07,454198.01,285805.884,1.0,,0.0
2022-04-08,6.0,5.83,6.13,5.75,290872.13,171331.272,1.0,,0.0
2022-04-11,5.74,5.63,5.87,5.62,187362.0,107346.214,1.0,,0.0
2022-04-12,5.56,5.62,5.72,5.49,127926.0,71934.227,1.0,,0.0
2022-04-13,5.49,5.44,5.62,5.44,126787.02,70140.24,1.0,,0.0
2022-04-14,5.45,5.6,5.76,5.45,119511.01,67262.912,1.0,,0.0
2022-04-15,5.53,5.41,5.68,5.37,120416.96,66588.252,1.0,,0.0
2022-04-18,5.41,5.43,5.46,5.23,84373.0,45306.374,1.0,,0.0
2022-04-19,5.43,5.4,5.51,5.31,61143.14,33029.153,1.0,,0.0
2022-04-20,5.42,5.48,5.59,5.39,127240.54,69987.346,1.0,,0.0
2022-04-21,5.42,5.17,5.63,5.17,129279.37,68852.908,1.0,,0.0
2022-04-22,5.05,5.15,5.23,5.01,70735.99,36426.434,1.0,,0.0
2022-04-25,5.11,4.77,5.27,4.75,122876.0,61551.743,1.0,,0.0
2022-04-26,4.81,4.54,4.86,4.51,103244.0,48387.212,1.0,,0.0
2022-04-27,4.49,4.63,4.64,4.36,114352.8,51191.799,1.0,,0.0
2022-04-28,4.65,4.55,4.79,4.48,99744.8,46099.677,1.0,,0.0
2022-04-29,4.66,4.8,4.88,4.59,113693.01,54004.702,1.0,,0.0
2022-05-05,4.82,4.72,4.91,4.69,115876.0,55238.182,1.0,,0.0
2022-05-06,4.62,4.54,4.67,4.5,86405.0,39554.219,1.0,,0.0
2022-05-09,4.52,4.79,4.81,4.52,111497.0,52785.858,1.0,,0.0
2022-05-10,4.75,4.77,4.79,4.61,100391.0,47199.41,1.0,,0.0
2022-05-11,4.79,4.68,4.88,4.65,108439.0,51539.255,1.0,,0.0
2022-05-12,4.63,4.72,4.81,4.61,79391.0,37370.729,1.0,,0.0
2022-05-13,4.72,5.19,5.19,4.7,102074.91,51130.292,1.0,,0.0
2022-05-16,5.41,5.32,5.71,5.22,395735.0,215559.858,1.0,,0.0
2022-05-17,5.15,5.11,5.25,5.04,239116.0,122034.26,1.0,,0.0
2022-05-18,5.13,5.13,5.26,5.0,169742.0,87562.833,1.0,,0.0
2022-05-19,5.13,5.64,5.64,5.05,129595.11,71659.986,1.0,,0.0
2022-05-20,5.73,5.45,5.86,5.41,306629.32,170059.05,1.0,,0.0
2022-05-23,5.42,5.71,6.0,5.41,415589.7,241368.295,1.0,,0.0
2022-05-24,5.65,5.58,5.9,5.45,326421.11,185388.051,1.0,,0.0
2022-05-25,5.49,5.58,5.6,5.41,206710.62,113745.705,1.0,,0.0
2022-05-26,5.59,5.41,5.6,5.36,172139.86,93414.198,1.0,,0.0
2022-05-27,5.36,5.45,5.55,5.32,155770.0,84181.892,1.0,,0.0
2022-05-30,5.44,5.44,5.49,5.3,106964.0,57734.16,1.0,,0.0
2022-05-31,5.45,5.5,5.8,5.39,182871.86,100731.488,1.0,,0.0
2022-06-01,5.43,5.5,5.54,5.39,125092.7,68386.067,1.0,,0.0
2022-06-02,5.49,5.49,5.62,5.34,127753.86,69837.362,1.0,,0.0
2022-06-06,5.45,5.69,5.98,5.41,209877.56,119553.485,1.0,,0.0
2022-06-07,5.75,5.75,5.86,5.55,166833.28,94699.965,1.0,,0.0
2022-06-08,5.73,5.6,5.79,5.5,131850.0,74058.879,1.0,,0.0
2022-06-09,5.63,5.81,6.09,5.53,275582.62,159939.651,1.0,,0.0
2022-06-10,5.81,5.74,5.91,5.72,170841.11,98854.956,1.0,,0.0
2022-06-13,5.65,5.5,5.65,5.41,153758.0,84944.733,1.0,,0.0
2022-06-14,5.43,5.44,5.5,5.25,129398.0,69568.057,1.0,,0.0
2022-06-15,5.4,5.35,5.57,5.35,106007.11,57821.964,1.0,,0.0
2022-06-16,5.36,5.37,5.43,5.31,76010.02,40768.44,1.0,,0.0
2022-06-17,5.33,5.3,5.33,5.21,78981.01,41698.833,1.0,,0.0
2022-06-20,5.3,5.35,5.35,5.25,56473.0,29974.383,1.0,,0.0
2022-06-21,5.35,5.89,5.89,5.35,125425.18,72437.189,1.0,,0.0
2022-06-22,6.1,5.96,6.48,5.95,536452.93,332157.794,1.0,,0.0
2022-06-23,5.83,6.07,6.13,5.8,304105.87,180919.052,1.0,,0.0
2022-06-24,5.96,5.95,6.07,5.86,188751.04,112821.348,1.0,,0.0
2022-06-27,6.05,5.96,6.21,5.92,200783.07,121386.697,1.0,,0.0
2022-06-28,6.02,6.05,6.42,6.0,211803.07,130154.917,1.0,,0.0
2022-06-29,6.05,6.17,6.45,5.9,327879.0,203526.817,1.0,,0.0
2022-06-30,6.26,6.0,6.33,6.0,216894.49,132532.225,1.0,,0.0
2022-07-01,6.02,6.6,6.6,5.96,334478.24,217301.98,1.0,,0.0
2022-07-04,6.62,6.65,7.11,6.4,498206.69,336537.449,1.0,,0.0
2022-07-05,6.58,6.29,6.62,6.18,329220.56,209357.503,1.0,,0.0
2022-07-06,6.27,6.13,6.29,6.04,193792.94,118986.936,1.0,,0.0
2022-07-07,6.22,6.74,6.74,6.2,166783.67,110172.126,1.0,,0.0
2022-07-08,6.83,6.65,7.08,6.6,420673.43,285329.817,1.0,,0.0
2022-07-11,6.7,6.74,7.01,6.52,315335.61,214014.295,1.0,,0.0
2022-07-12,6.8,6.41,6.82,6.41,213136.0,139884.576,1.0,,0.0
2022-07-13,6.45,6.47,6.7,6.41,160782.0,104724.128,1.0,,0.0
2022-07-14,6.36,6.2,6.45,6.09,214466.65,133864.374,1.0,,0.0
2022-07-15,6.18,6.04,6.27,6.01,123427.04,75572.388,1.0,,0.0
2022-07-18,6.08,6.36,6.39,6.08,149897.0,94205.987,1.0,,0.0
2022-07-19,6.31,6.21,6.44,6.16,107725.0,67426.732,1.0,,0.0
2022-07-20,6.25,6.21,6.29,6.12,86374.21,53361.809,1.0,,0.0
2022-07-21,6.21,6.14,6.28,6.12,79796.0,49383.507,1.0,,0.0
2022-07-22,6.14,6.2,6.31,6.09,85043.2,52696.664,1.0,,0.0
2022-07-25,6.2,6.0,6.24,5.95,97079.0,58756.894,1.0,,0.0
2022-07-26,5.97,6.18,6.2,5.95,105568.02,64730.039,1.0,,0.0
2022-07-27,6.18,6.3,6.75,6.16,151474.03,96565.79,1.0,,0.0
2022-07-28,6.29,6.39,6.53,6.22,140413.0,89194.337,1.0,,0.0
2022-07-29,6.38,6.23,6.55,6.22,117248.01,74643.197,1.0,,0.0
2022-08-01,6.08,6.12,6.16,5.92,147228.01,88620.39,1.0,,0.0
2022-08-02,6.0,5.58,6.04,5.53,152545.2,86947.578,1.0,,0.0
2022-08-03,5.75,5.5,5.78,5.5,99768.92,56478.403,1.0,,0.0
2022-08-04,5.53,5.7,5.73,5.53,80644.94,45574.645,1.0,,0.0
2022-08-05,5.7,5.7,5.8,5.61,67949.0,38535.458,1.0,,0.0
2022-08-08,5.71,5.75,5.8,5.66,44107.0,25289.568,1.0,,0.0
2022-08-09,5.74,5.94,6.14,5.65,145141.0,85702.68,1.0,,0.0
2022-08-10,5.86,5.8,5.93,5.74,90144.0,52387.801,1.0,,0.0
2022-08-11,5.81,5.85,5.91,5.81,59538.0,34835.802,1.0,,0.0
2022-08-12,5.85,5.89,6.0,5.82,69549.61,41032.334,1.0,,0.0
2022-08-15,5.87,5.9,5.95,5.78,67740.1,39695.293,1.0,,0.0
2022-08-16,5.9,6.04,6.07,5.89,99229.0,59416.447,1.0,,0.0
2022-08-17,6.08,6.0,6.19,5.96,88141.0,53253.434,1.0,,0.0
2022-08-18,6.07,5.86,6.07,5.84,58100.0,34301.43,1.0,,0.0
2022-08-19,5.85,5.87,5.93,5.8,58964.0,34644.731,1.0,,0.0
2022-08-22,5.85,5.82,5.86,5.76,46522.23,27023.019,1.0,,0.0
2022-08-23,5.82,5.83,5.88,5.8,47134.0,27478.255,1.0,,0.0
2022-08-24,5.86,5.61,5.87,5.6,67262.02,38355.424,1.0,,0.0
2022-08-25,5.64,5.71,5.78,5.62,70584.0,40231.215,1.0,,0.0
2022-08-26,5.74,5.55,5.75,5.54,54450.1,30643.429,1.0,,0.0
2022-08-29,5.48,5.68,5.72,5.43,53968.3,30307.496,1.0,,0.0
2022-08-30,5.77,5.76,5.87,5.66,90016.12,51855.033,1.0,,0.0
2022-08-31,5.75,5.56,5.78,5.55,63033.0,35447.183,1.0,,0.0
2022-09-01,5.51,5.67,5.9,5.51,115320.14,66329.804,1.0,,0.0
2022-09-02,5.6,5.68,5.71,5.56,61899.0,34871.394,1.0,,0.0
2022-09-05,5.68,5.81,5.82,5.63,76876.02,44373.105,1.0,,0.0
2022-09-06,5.88,5.87,5.92,5.8,75873.02,44541.474,1.0,,0.0
2022-09-07,5.85,5.88,5.91,5.8,48873.0,28554.838,1.0,,0.0
2022-09-08,5.88,5.74,5.89,5.72,53796.0,31183.38,1.0,,0.0
2022-09-09,5.8,5.77,5.88,5.73,40881.0,23678.503,1.0,,0.0
2022-09-13,5.77,5.67,5.8,5.65,43740.0,24992.924,1.0,,0.0
2022-09-14,5.59,5.71,5.75,5.56,47531.0,26938.968,1.0,,0.0
2022-09-15,5.72,5.62,5.76,5.51,58700.0,33143.414,1.0,,0.0
2022-09-16,5.75,5.6,5.83,5.6,91962.0,52574.286,1.0,,0.0
2022-09-19,5.56,5.36,5.56,5.28,87505.0,47222.404,1.0,,0.0
2022-09-20,5.39,5.9,5.9,5.37,92932.62,53974.766,1.0,,0.0
2022-09-21,5.85,5.98,6.05,5.75,235517.62,139456.53,1.0,,0.0
2022-09-22,5.95,5.87,5.99,5.86,116194.64,68667.595,1.0,,0.0
2022-09-23,5.9,5.91,6.05,5.84,105073.34,62208.041,1.0,,0.0
2022-09-26,5.85,5.75,5.91,5.69,89365.9,51748.578,1.0,,0.0
2022-09-27,5.74,5.82,5.85,5.54,94339.62,53548.856,1.0,,0.0
2022-09-28,5.8,5.87,6.15,5.78,171751.0,102627.535,1.0,,0.0
2022-09-29,5.92,6.05,6.22,5.8,238186.0,142835.35,1.0,,0.0
2022-09-30,5.98,5.76,6.0,5.64,161997.4,94013.853,1.0,,0.0
2022-10-10,5.65,5.99,6.32,5.64,194557.46,116681.534,1.0,,0.0
2022-10-11,5.97,6.15,6.25,5.89,275610.19,168498.089,1.0,,0.0
2022-10-12,6.09,6.17,6.17,5.95,210921.81,128102.776,1.0,,0.0
2022-10-13,6.12,6.11,6.19,6.03,150803.4,92149.468,1.0,,0.0
2022-10-14,6.16,6.09,6.37,6.06,264403.88,163724.845,1.0,,0.0
2022-10-17,6.0,6.7,6.7,5.95,216889.92,138910.261,1.0,,0.0
2022-10-18,6.8,6.57,7.11,6.51,451798.48,305640.244,1.0,,0.0
2022-10-19,6.6,6.61,6.65,6.46,251125.43,164771.602,1.0,,0.0
2022-10-20,6.52,6.4,6.56,6.35,194619.37,124871.922,1.0,,0.0
2022-10-21,6.45,6.45,6.75,6.38,239400.45,156768.808,1.0,,0.0
2022-10-24,6.4,6.19,6.46,6.11,206366.92,129119.945,1.0,,0.0
2022-10-25,6.17,5.69,6.2,5.61,243498.44,140885.703,1.0,,0.0
2022-10-26,5.72,5.73,5.78,5.63,111384.1,63519.482,1.0,,0.0
2022-10-27,5.71,5.64,5.75,5.62,85013.52,48295.021,1.0,,0.0
2022-10-28,5.69,5.45,5.7,5.44,103156.01,56913.58,1.0,,0.0
2022-10-31,5.44,5.46,5.52,5.41,51530.0,28210.078,1.0,,0.0
2022-11-01,5.44,5.58,5.65,5.43,64874.09,36024.623,1.0,,0.0
2022-11-02,5.57,5.64,5.66,5.54,75863.63,42536.514,1.0,,0.0
2022-11-03,5.62,5.58,5.63,5.55,51616.0,28826.711,1.0,,0.0
2022-11-04,5.58,5.71,5.71,5.56,86407.49,48752.051,1.0,,0.0
2022-11-07,5.67,5.74,5.74,5.63,77781.81,44282.445,1.0,,0.0
2022-11-08,5.76,5.71,5.77,5.66,53177.52,30252.768,1.0,,0.0
2022-11-09,5.7,5.71,5.85,5.68,74777.63,43124.09,1.0,,0.0
2022-11-10,5.71,5.73,5.74,5.62,60186.97,34216.73,1.0,,0.0
2022-11-11,5.8,5.89,5.98,5.75,178293.63,104755.002,1.0,,0.0
2022-11-14,5.97,6.31,6.48,5.89,382791.4,240718.421,1.0,,0.0
2022-11-15,6.3,6.36,6.42,6.18,281468.17,177691.133,1.0,,0.0
2022-11-16,6.36,6.45,6.67,6.31,259503.17,168760.472,1.0,,0.0
2022-11-17,6.47,6.78,6.94,6.41,264780.7,176540.969,1.0,,0.0
2022-11-18,6.77,6.55,6.9,6.5,206256.6,136713.94,1.0,,0.0
2022-11-21,6.62,6.42,6.62,6.38,121542.0,78467.597,1.0,,0.0
2022-11-22,6.48,6.53,6.74,6.45,145325.1,95665.663,1.0,,0.0
2022-11-23,6.53,6.47,6.53,6.36,91053.09,58802.354,1.0,,0.0
2022-11-24,6.59,6.49,6.67,6.47,99705.0,65445.457,1.0,,0.0
2022-11-25,6.75,6.68,6.79,6.42,187187.91,123086.457,1.0,,0.0
2022-11-28,6.5,6.55,6.62,6.44,124083.0,80830.973,1.0,,0.0
2022-11-29,7.2,6.88,7.2,6.57,330190.27,225515.877,1.0,,0.0
2022-11-30,6.9,6.71,7.07,6.68,249864.99,170847.472,1.0,,0.0
2022-12-01,6.71,6.56,6.78,6.55,158384.0,105092.958,1.0,,0.0
2022-12-02,6.62,7.22,7.22,6.49,293634.01,203476.138,1.0,,0.0
2022-12-05,7.22,7.14,7.94,7.08,651443.41,485052.104,1.0,,0.0
2022-12-06,7.02,6.89,7.32,6.83,385075.04,270924.8,1.0,,0.0
2022-12-07,6.81,6.74,6.93,6.71,204529.58,138311.73,1.0,,0.0
2022-12-08,6.8,7.41,7.41,6.75,278048.31,200846.499,1.0,,0.0
2022-12-09,7.5,7.06,7.5,6.95,462141.83,332024.362,1.0,,0.0
2022-12-12,7.15,7.25,7.77,7.08,381995.84,279761.809,1.0,,0.0
2022-12-13,7.22,7.13,7.3,7.0,231154.8,164756.077,1.0,,0.0
2022-12-14,7.08,6.7,7.08,6.67,242898.42,165786.444,1.0,,0.0
2022-12-15,6.76,6.59,6.81,6.52,160496.0,105751.076,1.0,,0.0
2022-12-16,6.55,6.45,6.66,6.43,149802.43,97761.172,1.0,,0.0
2022-12-19,6.42,6.38,6.54,6.32,117375.0,75366.414,1.0,,0.0
2022-12-20,6.35,6.36,6.41,6.27,82172.0,52224.551,1.0,,0.0
2022-12-21,6.36,6.27,6.39,6.24,71497.0,45111.477,1.0,,0.0
2022-12-22,6.48,6.31,6.49,6.29,104519.0,66577.108,1.0,,0.0
2022-12-23,6.2,6.21,6.43,6.16,91968.9,57564.786,1.0,,0.0
2022-12-26,6.21,6.29,6.33,6.2,64031.83,40216.221,1.0,,0.0
2022-12-27,6.36,6.34,6.4,6.24,65360.0,41181.575,1.0,,0.0
2022-12-28,6.29,6.31,6.41,6.21,75645.0,47686.853,1.0,,0.0
2022-12-29,6.26,6.15,6.3,6.12,82524.0,51108.37,1.0,,0.0
2022-12-30,6.16,6.2,6.25,6.12,57198.29,35446.526,1.0,,0.0
2023-01-03,6.2,6.37,6.41,6.18,73246.29,46403.585,1.0,,0.0
2023-01-04,6.37,6.45,6.48,6.29,84382.9,54211.876,1.0,,0.0
2023-01-05,6.45,6.34,6.47,6.29,85405.0,54167.08,1.0,,0.0
2023-01-06,6.31,6.28,6.39,6.23,71392.25,45022.775,1.0,,0.0
2023-01-09,6.27,6.24,6.31,6.2,50769.0,31680.405,1.0,,0.0
2023-01-10,6.24,6.12,6.25,6.09,55831.0,34285.94,1.0,,0.0
2023-01-11,6.12,6.09,6.22,6.07,46340.01,28495.487,1.0,,0.0
2023-01-12,6.06,6.08,6.13,6.04,32974.01,20058.046,1.0,,0.0
2023-01-13,6.08,6.14,6.14,6.06,31292.13,19087.644,1.0,,0.0
2023-01-16,6.17,6.19,6.2,6.12,38969.91,24034.029,1.0,,0.0
2023-01-17,6.21,6.09,6.21,6.06,37216.91,22800.814,1.0,,0.0
2023-01-18,6.12,6.18,6.2,6.06,36797.91,22630.816,1.0,,0.0
2023-01-19,6.13,6.17,6.2,6.1,37688.0,23250.847,1.0,,0.0
2023-01-20,6.21,6.24,6.28,6.2,41940.82,26149.486,1.0,,0.0
2023-01-30,6.28,6.46,6.59,6.28,132581.82,85442.631,1.0,,0.0
2023-01-31,6.4,6.51,6.51,6.39,84266.91,54471.358,1.0,,0.0
2023-02-01,6.59,6.67,6.75,6.52,124926.0,82769.106,1.0,,0.0
2023-02-02,6.66,6.57,6.68,6.55,85919.01,56728.188,1.0,,0.0
2023-02-03,6.53,6.53,6.59,6.45,52070.0,33895.952,1.0,,0.0
2023-02-06,6.47,6.58,6.62,6.47,54664.0,35740.174,1.0,,0.0
2023-02-07,6.6,6.76,6.88,6.59,145379.09,97572.745,1.0,,0.0
2023-02-08,6.71,6.62,6.75,6.6,77237.0,51481.974,1.0,,0.0
2023-02-09,6.65,6.66,6.72,6.57,53576.02,35592.935,1.0,,0.0
2023-02-10,6.68,6.74,6.79,6.66,74690.02,50257.814,1.0,,0.0
2023-02-13,6.76,6.7,6.76,6.64,60763.0,40585.244,1.0,,0.0
2023-02-14,6.67,6.63,6.72,6.6,69575.0,46264.983,1.0,,0.0
2023-02-15,6.63,6.56,6.63,6.54,56481.01,37109.635,1.0,,0.0
2023-02-16,6.57,6.36,6.63,6.3,88600.0,57346.554,1.0,,0.0
2023-02-17,6.39,6.36,6.5,6.36,61718.89,39610.897,1.0,,0.0
2023-02-20,6.38,6.46,6.48,6.32,52277.02,33589.861,1.0,,0.0
2023-02-21,6.44,6.54,6.59,6.44,54582.0,35680.043,1.0,,0.0
2023-02-22,6.53,6.5,6.55,6.45,31380.3,20395.116,1.0,,0.0
2023-02-23,6.54,6.47,6.54,6.45,35140.0,22803.218,1.0,,0.0
2023-02-24,6.49,6.45,6.49,6.37,38776.81,24942.302,1.0,,0.0
2023-02-27,6.44,6.31,6.46,6.28,54410.81,34576.478,1.0,,0.0
2023-02-28,6.35,6.41,6.41,6.32,34461.0,21923.961,1.0,,0.0
2023-03-01,6.38,6.46,6.47,6.37,36790.0,23643.109,1.0,,0.0
2023-03-02,6.48,6.47,6.54,6.44,38245.0,24809.9,1.0,,0.0
2023-03-03,6.5,6.45,6.5,6.4,29670.0,19113.404,1.0,,0.0
2023-03-06,6.46,6.64,6.64,6.44,90213.01,59365.141,1.0,,0.0
2023-03-07,6.61,6.44,6.65,6.43,57666.0,37715.509,1.0,,0.0
2023-03-08,6.45,6.41,6.48,6.37,34902.0,22373.515,1.0,,0.0
2023-03-09,6.45,6.35,6.46,6.3,33146.91,21035.36,1.0,,0.0
2023-03-10,6.31,6.18,6.33,6.17,52345.0,32671.38,1.0,,0.0
2023-03-13,6.16,6.17,6.22,6.06,37694.09,23146.187,1.0,,0.0
2023-03-14,6.16,6.02,6.17,5.9,53333.0,32188.227,1.0,,0.0
2023-03-15,6.03,6.09,6.11,6.01,30388.01,18472.697,1.0,,0.0
2023-03-16,6.08,5.99,6.09,5.98,42203.0,25431.557,1.0,,0.0
2023-03-17,6.01,6.01,6.05,5.98,29703.0,17870.908,1.0,,0.0
2023-03-20,6.02,6.1,6.39,5.97,119297.01,73528.813,1.0,,0.0
2023-03-21,6.11,6.24,6.28,6.05,72833.0,45084.402,1.0,,0.0
2023-03-22,6.23,6.23,6.28,6.17,45004.0,27974.774,1.0,,0.0
2023-03-23,6.23,6.22,6.3,6.18,43149.51,26864.916,1.0,,0.0
2023-03-24,6.22,6.22,6.25,6.16,45169.04,28067.417,1.0,,0.0
2023-03-27,6.23,6.11,6.24,6.05,38335.0,23531.602,1.0,,0.0
2023-03-28,6.12,6.08,6.15,6.07,27819.5,16984.614,1.0,,0.0
2023-03-29,6.07,5.94,6.1,5.93,46271.0,27705.335,1.0,,0.0
2023-03-30,5.9,5.69,5.94,5.68,86369.01,49675.286,1.0,,0.0
2023-03-31,5.73,5.77,5.8,5.71,33771.0,19442.61,1.0,,0.0
2023-04-03,5.78,5.83,5.86,5.7,34965.0,20287.292,1.0,,0.0
2023-04-04,5.83,5.63,5.83,5.6,65475.0,37137.672,1.0,,0.0
2023-04-06,5.64,5.54,5.64,5.49,43347.0,23946.318,1.0,,0.0
2023-04-07,5.59,5.68,5.69,5.53,40404.0,22773.552,1.0,,0.0
2023-04-10,5.69,5.48,5.69,5.45,71526.0,39416.855,1.0,,0.0
2023-04-11,5.48,5.48,5.49,5.42,45487.01,24796.956,1.0,,0.0
2023-04-12,5.5,5.53,5.57,5.49,35826.03,19779.821,1.0,,0.0
2023-04-13,5.52,5.57,5.59,5.5,34238.01,19012.96,1.0,,0.0
2023-04-14,5.58,5.57,5.62,5.53,21844.0,12175.483,1.0,,0.0
2023-04-17,5.58,5.54,5.59,5.52,29024.35,16074.987,1.0,,0.0
2023-04-18,5.55,5.5,5.58,5.47,26827.0,14758.873,1.0,,0.0
2023-04-19,5.48,5.47,5.5,5.42,33239.0,18124.187,1.0,,0.0
2023-04-20,5.49,5.39,5.51,5.35,31155.0,16810.424,1.0,,0.0
2023-04-21,5.36,5.28,5.45,5.28,34466.0,18420.753,1.0,,0.0
2023-04-24,5.28,5.31,5.37,5.2,35691.0,18896.726,1.0,,0.0
2023-04-25,5.31,5.23,5.32,5.11,44944.0,23312.123,1.0,,0.0
2023-04-26,5.23,5.28,5.3,5.19,29539.0,15521.624,1.0,,0.0
2023-04-27,5.26,5.31,5.36,5.25,30334.25,16143.044,1.0,,0.0
2023-04-28,5.31,5.46,5.48,5.29,38692.01,20923.329,1.0,,0.0
2023-05-04,5.44,5.53,5.54,5.41,33311.62,18361.203,1.0,,0.0
2023-05-05,5.5,5.62,5.67,5.44,70225.0,39091.66,1.0,,0.0
2023-05-08,5.6,5.54,5.65,5.5,57240.54,31700.443,1.0,,0.0
2023-05-09,5.51,5.57,5.63,5.47,53665.01,29826.163,1.0,,0.0
2023-05-10,5.5,5.6,5.68,5.5,56269.01,31557.391,1.0,,0.0
2023-05-11,5.79,5.68,5.8,5.66,92684.37,53116.741,1.0,,0.0
2023-05-12,5.61,5.66,5.7,5.6,61369.02,34688.984,1.0,,0.0
2023-05-15,5.66,5.7,5.78,5.65,53824.09,30698.73,1.0,,0.0
2023-05-16,5.7,5.72,5.78,5.61,54624.0,31132.716,1.0,,0.0
2023-05-17,5.68,5.74,5.76,5.66,41104.04,23558.364,1.0,,0.0
2023-05-18,5.74,5.71,5.76,5.7,31982.0,18308.717,1.0,,0.0
2023-05-19,5.69,5.65,5.72,5.62,28107.0,15910.41,1.0,,0.0
2023-05-22,5.65,5.73,5.77,5.64,33990.74,19460.078,1.0,,0.0
2023-05-23,5.71,5.64,5.77,5.63,24817.01,14117.535,1.0,,0.0
2023-05-24,5.58,5.64,5.7,5.56,28579.0,16132.625,1.0,,0.0
2023-05-25,5.65,5.85,5.99,5.6,127471.51,74663.562,1.0,,0.0
2023-05-26,5.85,5.65,5.86,5.58,97100.34,54946.95,1.0,,0.0
2023-05-29,5.65,5.55,5.73,5.52,53566.0,30044.839,1.0,,0.0
2023-05-30,5.51,5.56,5.59,5.47,55413.34,30595.683,1.0,,0.0
2023-05-31,5.49,5.38,5.51,5.38,52830.0,28639.183,1.0,,0.0
2023-06-01,5.36,5.26,5.4,5.23,47432.91,25062.781,1.0,,0.0
2023-06-02,5.28,5.34,5.34,5.24,63383.0,33485.827,1.0,,0.0
2023-06-05,5.31,5.3,5.33,5.24,44418.0,23467.971,1.0,,0.0
2023-06-06,5.28,5.21,5.31,5.16,53505.0,27958.924,1.0,,0.0
2023-06-07,5.2,5.32,5.36,5.16,62363.0,32936.395,1.0,,0.0
2023-06-08,5.28,5.41,5.49,5.28,72296.0,39060.4,1.0,,0.0
2023-06-09,5.38,5.31,5.42,5.29,46804.0,25018.423,1.0,,0.0
2023-06-12,5.31,5.35,5.46,5.18,85626.11,45604.009,1.0,,0.0
2023-06-13,5.34,5.31,5.42,5.3,57764.0,30860.203,1.0,,0.0
2023-06-14,5.31,5.25,5.32,5.2,40069.0,21007.02,1.0,,0.0
2023-06-15,5.25,5.25,5.3,5.18,47766.0,24968.747,1.0,,0.0
2023-06-16,5.25,5.28,5.35,5.23,43511.61,23038.664,1.0,,0.0
2023-06-19,5.3,5.17,5.3,5.16,42131.01,21889.19,1.0,,0.0
2023-06-20,5.17,5.05,5.19,5.05,42817.91,21778.776,1.0,,0.0
2023-06-21,5.05,4.98,5.08,4.98,34034.0,17097.064,1.0,,0.0
2023-06-26,4.97,4.99,5.05,4.92,39123.0,19575.676,1.0,,0.0
2023-06-27,4.98,5.49,5.49,4.97,146679.74,78433.92,1.0,,0.0
2023-06-28,5.51,5.54,5.63,5.36,241631.97,133356.381,1.0,,0.0
2023-06-29,5.49,5.52,5.66,5.46,138233.0,76647.053,1.0,,0.0
2023-06-30,5.51,5.61,5.72,5.51,115109.97,64923.755,1.0,,0.0
2023-07-03,5.72,5.79,5.85,5.62,122164.0,70522.837,1.0,,0.0
2023-07-04,5.76,5.67,5.76,5.61,86841.0,49181.53,1.0,,0.0
2023-07-05,5.68,5.79,5.96,5.63,147954.0,86288.001,1.0,,0.0
2023-07-06,5.78,5.85,5.91,5.74,91857.93,53535.011,1.0,,0.0
2023-07-07,5.85,5.87,5.92,5.76,66251.0,38860.614,1.0,,0.0
2023-07-10,5.95,5.9,6.0,5.87,71462.01,42270.703,1.0,,0.0
2023-07-11,5.93,5.79,5.97,5.77,74733.0,43637.637,1.0,,0.0
2023-07-12,5.77,5.72,5.85,5.71,82323.63,47355.648,1.0,,0.0
2023-07-13,5.72,5.73,5.88,5.71,51593.01,29733.834,1.0,,0.0
2023-07-14,5.69,5.67,5.73,5.64,36763.0,20883.283,1.0,,0.0
2023-07-17,5.66,5.63,5.67,5.56,32258.0,18113.69,1.0,,0.0
2023-07-18,5.66,5.62,5.66,5.55,30477.1,17057.367,1.0,,0.0
2023-07-19,5.57,5.62,5.66,5.56,29674.42,16645.692,1.0,,0.0
2023-07-20,5.63,5.58,5.7,5.57,35957.0,20235.434,1.0,,0.0
2023-07-21,5.58,5.7,5.77,5.53,63037.0,35878.529,1.0,,0.0
2023-07-24,5.73,5.58,5.75,5.56,47790.0,26821.798,1.0,,0.0
2023-07-25,5.63,6.14,6.14,5.62,160185.66,95751.221,1.0,,0.0
2023-07-26,6.58,6.32,6.58,6.15,443994.05,281399.153,1.0,,0.0
2023-07-27,6.27,6.13,6.32,6.09,278664.07,172272.032,1.0,,0.0
2023-07-28,6.02,6.06,6.11,6.0,158885.02,96264.503,1.0,,0.0
2023-07-31,6.1,6.11,6.2,6.06,126209.11,77325.064,1.0,,0.0
2023-08-01,6.08,6.14,6.24,6.05,117813.01,72263.074,1.0,,0.0
2023-08-02,6.13,6.15,6.29,6.1,87546.01,54205.992,1.0,,0.0
2023-08-03,6.13,6.11,6.2,6.07,69803.1,42774.038,1.0,,0.0
2023-08-04,6.14,6.1,6.24,6.08,90651.0,55791.681,1.0,,0.0
2023-08-07,6.05,5.95,6.05,5.92,79389.0,47372.674,1.0,,0.0
2023-08-08,5.97,5.91,6.0,5.9,48349.1,28708.839,1.0,,0.0
2023-08-09,5.88,5.88,6.0,5.88,50283.96,29767.922,1.0,,0.0
2023-08-10,5.91,5.9,5.94,5.85,28467.0,16787.388,1.0,,0.0
2023-08-11,5.88,5.75,5.92,5.73,63166.04,36665.663,1.0,,0.0
2023-08-14,5.73,5.75,5.76,5.64,37416.72,21337.099,1.0,,0.0
2023-08-15,5.76,5.73,5.8,5.7,29969.0,17203.372,1.0,,0.0
2023-08-16,5.67,5.76,5.81,5.67,37629.06,21645.965,1.0,,0.0
2023-08-17,5.7,5.78,5.78,5.68,30991.0,17746.807,1.0,,0.0
2023-08-18,5.76,5.7,5.85,5.7,41282.0,23888.149,1.0,,0.0
2023-08-21,5.7,5.72,5.85,5.69,36728.0,21148.906,1.0,,0.0
2023-08-22,5.7,5.67,5.75,5.56,41524.0,23434.556,1.0,,0.0
2023-08-23,5.64,5.68,5.74,5.63,50787.0,28869.427,1.0,,0.0
2023-08-24,5.7,5.54,5.7,5.5,60637.0,33700.619,1.0,,0.0
2023-08-25,5.52,5.46,5.62,5.44,43672.35,24120.857,1.0,,0.0
2023-08-28,5.73,5.65,5.86,5.62,90197.01,51762.241,1.0,,0.0
2023-08-29,5.65,5.77,5.79,5.65,50954.0,29272.232,1.0,,0.0
2023-08-30,5.78,5.63,5.8,5.61,56099.96,31804.09,1.0,,0.0
2023-08-31,5.62,5.49,5.64,5.47,47045.02,25929.903,1.0,,0.0
2023-09-01,5.45,5.38,5.52,5.37,49637.0,26872.905,1.0,,0.0
2023-09-04,5.46,5.55,5.57,5.41,47450.01,26157.631,1.0,,0.0
2023-09-05,5.54,5.48,5.58,5.43,43091.0,23677.049,1.0,,0.0
2023-09-06,5.47,5.56,5.6,5.46,37213.14,20574.282,1.0,,0.0
2023-09-07,5.56,5.48,5.58,5.47,39538.0,21770.868,1.0,,0.0
2023-09-08,5.43,5.44,5.49,5.41,30407.0,16581.594,1.0,,0.0
2023-09-11,5.47,5.46,5.5,5.38,30696.35,16698.126,1.0,,0.0
2023-09-12,5.46,5.47,5.51,5.4,31067.0,16936.172,1.0,,0.0
2023-09-13,5.47,5.44,5.55,5.39,29818.02,16296.615,1.0,,0.0
2023-09-14,5.43,5.39,5.44,5.36,23217.0,12528.916,1.0,,0.0
2023-09-15,5.39,5.44,5.46,5.39,26617.0,14469.274,1.0,,0.0
2023-09-18,5.37,5.46,5.47,5.35,34823.0,18882.759,1.0,,0.0
2023-09-19,5.46,5.38,5.46,5.37,26451.0,14308.225,1.0,,0.0
2023-09-20,5.38,5.43,5.46,5.35,31143.0,16934.424,1.0,,0.0
2023-09-21,5.4,5.34,5.46,5.32,33023.5,17767.63,1.0,,0.0
2023-09-22,5.41,5.42,5.44,5.32,24108.16,12985.307,1.0,,0.0
2023-09-25,5.42,5.35,5.44,5.29,34501.0,18440.899,1.0,,0.0
2023-09-26,5.37,5.27,5.39,5.27,22626.0,12008.553,1.0,,0.0
2023-09-27,5.27,5.29,5.5,5.26,44925.91,24071.592,1.0,,0.0
2023-09-28,5.32,5.32,5.4,5.3,45172.0,24150.271,1.0,,0.0
2023-10-09,5.45,5.24,5.51,5.22,61051.0,32399.167,1.0,,0.0
2023-10-10,5.23,5.21,5.35,5.2,42084.61,22169.631,1.0,,0.0
2023-10-11,5.22,5.16,5.23,5.15,36653.02,18995.567,1.0,,0.0
2023-10-12,5.19,5.23,5.26,5.16,31651.91,16500.396,1.0,,0.0
2023-10-13,5.21,5.15,5.21,5.13,34583.0,17819.85,1.0,,0.0
2023-10-16,5.13,5.19,5.24,5.11,42304.0,21900.499,1.0,,0.0
2023-10-17,5.22,5.17,5.23,5.14,23803.0,12312.248,1.0,,0.0
2023-10-18,5.17,5.1,5.18,5.08,32538.27,16630.668,1.0,,0.0
2023-10-19,5.1,5.07,5.16,5.03,30637.26,15629.116,1.0,,0.0
2023-10-20,5.05,5.11,5.16,5.04,32793.2,16808.169,1.0,,0.0
2023-10-23,5.15,5.0,5.15,4.99,41109.36,20731.673,1.0,,0.0
2023-10-24,4.99,5.2,5.2,4.99,49896.01,25639.116,1.0,,0.0
2023-10-25,5.21,5.28,5.3,5.21,40498.33,21344.573,1.0,,0.0
2023-10-26,5.26,5.24,5.3,5.18,42403.0,22180.329,1.0,,0.0
2023-10-27,5.23,5.28,5.3,5.21,29530.81,15567.541,1.0,,0.0
2023-10-30,5.25,5.28,5.34,5.24,45903.0,24257.089,1.0,,0.0
2023-10-31,5.28,5.32,5.36,5.26,32097.02,17037.929,1.0,,0.0
2023-11-01,5.34,5.36,5.39,5.3,49404.0,26413.569,1.0,,0.0
2023-11-02,5.37,5.42,5.45,5.35,55520.05,29996.276,1.0,,0.0
2023-11-03,5.42,5.32,5.44,5.31,52729.0,28268.801,1.0,,0.0
2023-11-06,5.34,5.42,5.42,5.34,50766.69,27369.243,1.0,,0.0
2023-11-07,5.44,5.43,5.47,5.37,39300.01,21313.804,1.0,,0.0
2023-11-08,5.44,5.41,5.48,5.39,35711.0,19401.285,1.0,,0.0
2023-11-09,5.42,5.36,5.45,5.35,33471.5,18013.298,1.0,,0.0
2023-11-10,5.4,5.4,5.42,5.3,36180.0,19400.357,1.0,,0.0
2023-11-13,5.39,5.49,5.51,5.39,46477.0,25421.554,1.0,,0.0
2023-11-14,5.51,5.51,5.55,5.45,34431.0,18946.64,1.0,,0.0
2023-11-15,5.51,5.45,5.53,5.43,32074.0,17513.647,1.0,,0.0
2023-11-16,5.46,5.43,5.46,5.39,29780.13,16165.836,1.0,,0.0
2023-11-17,5.41,5.44,5.48,5.41,27413.0,14938.765,1.0,,0.0
2023-11-20,5.49,5.48,5.5,5.41,33821.0,18437.494,1.0,,0.0
2023-11-21,5.47,5.47,5.55,5.45,32964.01,18142.862,1.0,,0.0
2023-11-22,5.47,5.48,5.59,5.46,45371.0,24989.97,1.0,,0.0
2023-11-23,5.47,5.53,5.54,5.42,38014.02,20891.485,1.0,,0.0
2023-11-24,5.54,5.49,5.56,5.47,37789.0,20862.897,1.0,,0.0
2023-11-27,5.49,5.46,5.54,5.43,36433.19,19909.576,1.0,,0.0
2023-11-28,5.45,5.51,5.53,5.42,39196.33,21544.586,1.0,,0.0
2023-11-29,5.49,5.5,5.53,5.47,31908.0,17547.798,1.0,,0.0
2023-11-30,5.51,5.45,5.53,5.4,33162.01,18077.154,1.0,,0.0
2023-12-01,5.48,5.54,5.55,5.44,42592.01,23483.824,1.0,,0.0
2023-12-04,5.54,5.62,5.69,5.51,79031.01,44272.721,1.0,,0.0
2023-12-05,5.59,5.48,5.62,5.46,54517.0,30139.036,1.0,,0.0
2023-12-06,5.49,5.53,5.58,5.47,45449.0,25181.785,1.0,,0.0
2023-12-07,5.56,5.53,5.6,5.47,52632.01,29103.235,1.0,,0.0
2023-12-08,5.52,5.32,5.56,5.31,61985.04,33421.433,1.0,,0.0
2023-12-11,5.3,5.42,5.44,5.27,60222.0,32403.392,1.0,,0.0
2023-12-12,5.44,5.55,5.58,5.39,56028.0,30785.955,1.0,,0.0
2023-12-13,5.55,5.64,5.75,5.54,84668.04,47985.304,1.0,,0.0
2023-12-14,5.64,6.2,6.2,5.64,339174.03,203640.557,1.0,,0.0
2023-12-15,6.82,6.82,6.82,6.82,92101.12,62812.964,1.0,,0.0
2023-12-18,7.25,6.18,7.29,6.14,770482.48,513565.302,1.0,,0.0
2023-12-19,5.96,5.87,6.08,5.75,541879.88,318833.77,1.0,,0.0
2023-12-20,5.82,5.66,5.9,5.63,392251.08,225014.138,1.0,,0.0
2023-12-21,5.56,5.6,5.66,5.5,255115.32,142199.207,1.0,,0.0
2023-12-22,5.62,5.48,5.7,5.46,213592.45,118902.308,1.0,,0.0
2023-12-25,5.44,5.53,5.59,5.44,151740.0,83937.155,1.0,,0.0
2023-12-26,5.55,5.49,5.64,5.48,91875.2,50891.529,1.0,,0.0
2023-12-27,5.47,5.44,5.54,5.4,103273.16,56413.766,1.0,,0.0
2023-12-28,5.44,5.57,5.59,5.39,105106.13,57950.944,1.0,,0.0
2023-12-29,5.56,5.63,5.64,5.55,73520.0,41214.441,1.0,,0.0
2024-01-02,5.61,5.78,5.8,5.61,94235.0,54157.946,1.0,,0.0
2024-01-03,5.79,5.77,5.8,5.67,85115.0,48673.709,1.0,,0.0
2024-01-04,5.76,5.78,5.81,5.73,69693.0,40214.795,1.0,,0.0
2024-01-05,5.77,5.68,5.82,5.64,69079.81,39558.154,1.0,,0.0
2024-01-08,5.71,5.57,5.71,5.56,74330.81,41732.085,1.0,,0.0
2024-01-09,5.62,5.65,5.69,5.58,53870.0,30373.385,1.0,,0.0
2024-01-10,5.7,5.57,5.7,5.54,50026.08,28036.834,1.0,,0.0
2024-01-11,5.57,5.68,5.69,5.56,54030.63,30422.776,1.0,,0.0
2024-01-12,5.69,5.7,5.78,5.66,72930.0,41674.707,1.0,,0.0
2024-01-15,5.64,5.65,5.72,5.61,52500.1,29681.915,1.0,,0.0
2024-01-16,5.67,5.61,5.67,5.53,61865.1,34547.248,1.0,,0.0
2024-01-17,5.57,5.47,5.66,5.47,36165.0,20055.839,1.0,,0.0
2024-01-18,5.45,5.31,5.48,5.15,102755.0,54322.017,1.0,,0.0
2024-01-19,5.32,5.23,5.33,5.2,61295.0,32180.867,1.0,,0.0
2024-01-22,5.18,4.87,5.23,4.83,89844.0,45144.678,1.0,,0.0
2024-01-23,4.82,4.75,4.86,4.64,84907.1,40062.156,1.0,,0.0
2024-01-24,4.79,4.96,4.97,4.74,91727.0,44643.969,1.0,,0.0
2024-01-25,4.97,5.25,5.27,4.97,86401.21,44443.196,1.0,,0.0
2024-01-26,5.25,5.39,5.49,5.23,77875.85,41943.135,1.0,,0.0
2024-01-29,5.38,5.18,5.38,5.17,70483.0,36960.005,1.0,,0.0
2024-01-30,5.11,5.1,5.27,5.08,74850.0,38539.274,1.0,,0.0
2024-01-31,5.1,4.8,5.2,4.78,86534.31,43041.39,1.0,,0.0
2024-02-01,4.75,4.48,4.75,4.46,125568.12,57166.162,1.0,,0.0
2024-02-02,4.51,4.34,4.69,4.12,95929.01,42354.23,1.0,,0.0
2024-02-05,4.14,3.91,4.26,3.91,56641.0,22364.503,1.0,,0.0
2024-02-06,3.57,3.52,3.65,3.52,179527.0,63498.128,1.0,,0.0
2024-02-07,3.49,3.17,3.51,3.17,136485.0,43665.252,1.0,,0.0
2024-02-08,2.91,3.17,3.23,2.85,296385.29,87418.025,1.0,,0.0
2024-02-19,3.15,3.3,3.33,3.05,186166.36,60025.07,1.0,,0.0
2024-02-20,3.28,3.35,3.37,3.21,133859.98,44253.294,1.0,,0.0
2024-02-21,3.32,3.69,3.69,3.31,129187.02,45587.929,1.0,,0.0
2024-02-22,3.83,3.74,3.83,3.58,195986.1,72183.668,1.0,,0.0
2024-02-23,3.74,3.88,3.92,3.7,157627.03,59989.151,1.0,,0.0
2024-02-26,3.87,3.98,4.1,3.81,170132.06,67380.055,1.0,,0.0
2024-02-27,3.98,4.07,4.07,3.93,136452.0,54981.498,1.0,,0.0
2024-02-28,4.15,3.68,4.25,3.67,213946.0,85155.099,1.0,,0.0
2024-02-29,3.65,3.79,3.79,3.49,158570.61,58894.08,1.0,,0.0
2024-03-01,3.8,3.82,3.87,3.74,112050.0,42706.042,1.0,,0.0
2024-03-04,3.82,3.76,3.88,3.63,95285.01,35707.088,1.0,,0.0
2024-03-05,3.76,3.62,3.77,3.6,89784.73,32765.538,1.0,,0.0
2024-03-06,3.62,3.98,3.98,3.6,74916.0,28982.498,1.0,,0.0
2024-03-07,3.99,4.19,4.38,3.82,405086.02,167053.834,1.0,,0.0
2024-03-08,4.0,4.03,4.12,3.93,269719.01,108028.423,1.0,,0.0
2024-03-11,4.03,4.11,4.26,3.96,222962.4,92039.121,1.0,,0.0
2024-03-12,4.14,4.1,4.22,4.01,180863.44,73988.8,1.0,,0.0
2024-03-13,4.07,4.02,4.09,4.0,108346.24,43676.555,1.0,,0.0
2024-03-14,4.0,4.04,4.09,3.98,96778.0,38989.522,1.0,,0.0
2024-03-15,4.03,4.18,4.35,4.0,172830.83,71864.903,1.0,,0.0
2024-03-18,4.22,4.21,4.33,4.15,136299.1,57409.58,1.0,,0.0
2024-03-19,4.19,4.19,4.25,4.17,110047.84,46264.532,1.0,,0.0
2024-03-20,4.19,4.29,4.35,4.15,136356.0,57847.758,1.0,,0.0
2024-03-21,4.3,4.31,4.35,4.2,119123.0,50991.413,1.0,,0.0
2024-03-22,4.31,4.28,4.38,4.24,121082.0,52180.735,1.0,,0.0
2024-03-25,4.26,4.19,4.35,4.13,116015.0,49084.284,1.0,,0.0
2024-03-26,4.16,4.23,4.25,4.13,102945.0,43220.877,1.0,,0.0
2024-03-27,4.18,4.07,4.23,4.06,96458.0,39799.727,1.0,,0.0
2024-03-28,4.1,4.23,4.39,4.06,140786.1,59263.919,1.0,,0.0
2024-03-29,4.23,4.19,4.26,4.13,85340.0,35646.4,1.0,,0.0
2024-04-01,4.17,4.27,4.28,4.16,100058.1,42331.848,1.0,,0.0
2024-04-02,4.29,4.35,4.38,4.25,122330.14,53021.979,1.0,,0.0
2024-04-03,4.35,4.29,4.37,4.23,78312.0,33502.647,1.0,,0.0
2024-04-08,4.29,4.39,4.65,4.12,194255.74,84036.868,1.0,,0.0
2024-04-09,4.33,4.42,4.59,4.25,188081.84,83100.72,1.0,,0.0
2024-04-10,4.37,4.86,4.86,4.37,436409.01,207314.421,1.0,,0.0
2024-04-11,4.7,4.61,4.82,4.6,438745.37,205703.106,1.0,,0.0
2024-04-12,4.61,4.48,4.68,4.4,265341.94,118736.82,1.0,,0.0
2024-04-15,4.25,4.03,4.25,4.03,193219.93,78244.44,1.0,,0.0
2024-04-16,3.63,3.63,3.75,3.63,61381.0,22299.972,1.0,,0.0
2024-04-17,3.27,3.61,3.8,3.27,221609.93,78978.898,1.0,,0.0
2024-04-18,3.59,3.5,3.62,3.47,138585.0,48943.447,1.0,,0.0
2024-04-19,3.51,3.42,3.57,3.38,104437.04,36061.453,1.0,,0.0
2024-04-22,3.42,3.31,3.46,3.28,94553.0,31430.608,1.0,,0.0
2024-04-23,3.34,3.4,3.48,3.3,94534.02,32236.362,1.0,,0.0
2024-04-24,3.39,3.46,3.46,3.38,60750.33,20845.404,1.0,,0.0
2024-04-25,3.44,3.5,3.53,3.43,58758.0,20530.762,1.0,,0.0
2024-04-26,3.51,3.56,3.6,3.46,65726.33,23232.289,1.0,,0.0
2024-04-29,3.66,3.82,3.85,3.63,137616.0,51703.135,1.0,,0.0
2024-04-30,3.9,3.77,3.91,3.71,84151.0,31810.18,1.0,,0.0
2024-05-06,3.84,3.88,3.91,3.8,108607.33,41963.842,1.0,,0.0
2024-05-07,3.88,3.89,3.93,3.82,62549.68,24162.737,1.0,,0.0
2024-05-08,3.91,4.09,4.28,3.88,218884.68,90273.38,1.0,,0.0
2024-05-09,4.02,4.03,4.12,3.95,157551.69,63257.753,1.0,,0.0
2024-05-10,4.02,4.13,4.25,4.0,175729.69,72583.585,1.0,,0.0
2024-05-13,4.09,4.15,4.26,4.01,171359.33,71282.78,1.0,,0.0
2024-05-14,4.09,4.03,4.11,3.99,129523.0,52364.534,1.0,,0.0
2024-05-15,4.0,3.95,4.02,3.94,94502.0,37526.485,1.0,,0.0
2024-05-16,3.99,4.07,4.14,3.99,108824.01,44236.75,1.0,,0.0
2024-05-17,4.04,4.16,4.16,4.04,108298.05,44502.488,1.0,,0.0
2024-05-20,4.14,4.12,4.19,4.08,104503.93,43199.98,1.0,,0.0
2024-05-21,4.08,4.04,4.12,4.02,71263.94,28874.786,1.0,,0.0
2024-05-22,4.05,4.08,4.14,4.02,69249.0,28449.716,1.0,,0.0
2024-05-23,4.05,3.94,4.07,3.93,80623.0,32089.449,1.0,,0.0
2024-05-24,3.93,4.33,4.33,3.93,321493.63,138312.501,1.0,,0.0
2024-05-27,4.3,4.4,4.7,4.19,474362.56,209462.253,1.0,,0.0
2024-05-28,4.35,4.43,4.49,4.2,309718.88,134362.362,1.0,,0.0
2024-05-29,4.35,4.25,4.35,4.11,216277.0,91481.964,1.0,,0.0
2024-05-30,4.26,3.99,4.28,3.96,200482.0,80987.914,1.0,,0.0
2024-05-31,3.96,3.85,3.97,3.76,170361.12,65348.096,1.0,,0.0
2024-06-03,3.83,3.68,3.84,3.63,131902.0,48649.339,1.0,,0.0
2024-06-04,3.71,3.62,3.72,3.55,115001.93,41378.71,1.0,,0.0
2024-06-05,3.63,3.47,3.66,3.47,91969.0,32381.073,1.0,,0.0
2024-06-06,3.5,3.31,3.5,3.25,121508.0,40598.399,1.0,,0.0
2024-06-07,3.31,3.47,3.49,3.3,90607.0,31063.903,1.0,,0.0
2024-06-11,3.5,3.44,3.5,3.36,65459.0,22336.6,1.0,,0.0
2024-06-12,3.41,3.56,3.59,3.41,71631.0,25215.575,1.0,,0.0
2024-06-13,3.57,3.51,3.58,3.46,54831.0,19233.255,1.0,,0.0
2024-06-14,3.5,3.46,3.54,3.42,47311.0,16488.716,1.0,,0.0
2024-06-17,3.46,3.36,3.47,3.35,63240.0,21419.876,1.0,,0.0
2024-06-18,3.37,3.42,3.42,3.35,48600.0,16484.756,1.0,,0.0
2024-06-19,3.41,3.39,3.45,3.37,35389.45,12050.945,1.0,,0.0
2024-06-20,3.4,3.31,3.4,3.29,49895.0,16623.436,1.0,,0.0
2024-06-21,3.32,3.27,3.33,3.25,49905.01,16418.872,1.0,,0.0
2024-06-24,3.25,3.13,3.25,3.1,68411.0,21587.608,1.0,,0.0
2024-06-25,3.12,3.16,3.2,3.11,37494.0,11820.466,1.0,,0.0
2024-06-26,3.16,3.24,3.26,3.1,52901.93,16775.41,1.0,,0.0
2024-06-27,3.25,3.19,3.28,3.18,43851.0,14142.963,1.0,,0.0
2024-06-28,3.16,3.22,3.29,3.16,42224.0,13658.991,1.0,,0.0
2024-07-01,3.25,3.31,3.31,3.19,50447.44,16430.672,1.0,,0.0
2024-07-02,3.31,3.42,3.42,3.27,67787.54,22921.712,1.0,,0.0
2024-07-03,3.42,3.38,3.42,3.36,36031.1,12203.094,1.0,,0.0
2024-07-04,3.36,3.23,3.4,3.22,49265.1,16208.768,1.0,,0.0
2024-07-05,3.21,3.26,3.3,3.16,35066.0,11351.63,1.0,,0.0
2024-07-08,3.27,3.15,3.29,3.12,39511.0,12579.87,1.0,,0.0
2024-07-09,3.16,3.18,3.19,3.05,55600.01,17389.71,1.0,,0.0
2024-07-10,3.16,3.08,3.19,3.06,42536.77,13209.831,1.0,,0.0
2024-07-11,3.14,3.26,3.26,3.14,53664.47,17236.207,1.0,,0.0
2024-07-12,3.24,3.29,3.36,3.24,63923.44,21157.913,1.0,,0.0
2024-07-15,3.32,3.21,3.32,3.18,38456.86,12363.196,1.0,,0.0
2024-07-16,3.21,3.2,3.24,3.18,20642.0,6608.033,1.0,,0.0
2024-07-17,3.2,3.2,3.24,3.17,38095.02,12201.786,1.0,,0.0
2024-07-18,3.19,3.17,3.19,3.1,31373.03,9860.422,1.0,,0.0
2024-07-19,3.16,3.16,3.18,3.1,38362.08,12090.917,1.0,,0.0
2024-07-22,3.17,3.2,3.23,3.16,35161.0,11219.295,1.0,,0.0
2024-07-23,3.19,3.16,3.25,3.15,42324.0,13557.2,1.0,,0.0
2024-07-24,3.16,3.11,3.2,3.09,38535.0,12051.322,1.0,,0.0
2024-07-25,3.12,3.14,3.17,3.06,40032.01,12484.347,1.0,,0.0
2024-07-26,3.15,3.18,3.2,3.15,37566.0,11931.349,1.0,,0.0
2024-07-29,3.21,3.16,3.21,3.11,56651.0,17865.647,1.0,,0.0
2024-07-30,3.18,3.25,3.28,3.15,75140.0,24322.882,1.0,,0.0
2024-07-31,3.25,3.35,3.36,3.22,65600.02,21756.165,1.0,,0.0
2024-08-01,3.35,3.33,3.39,3.31,45408.88,15199.151,1.0,,0.0
2024-08-02,3.3,3.29,3.37,3.29,44434.0,14760.54,1.0,,0.0
2024-08-05,3.26,3.22,3.33,3.22,47446.0,15543.603,1.0,,0.0
2024-08-06,3.25,3.31,3.31,3.23,44765.0,14665.786,1.0,,0.0
2024-08-07,3.32,3.32,3.35,3.28,38178.0,12659.467,1.0,,0.0
2024-08-08,3.31,3.37,3.39,3.29,52642.0,17579.281,1.0,,0.0
2024-08-09,3.38,3.32,3.41,3.32,48723.0,16369.016,1.0,,0.0
2024-08-12,3.3,3.24,3.35,3.2,49469.95,16203.499,1.0,,0.0
2024-08-13,3.24,3.25,3.26,3.18,31960.0,10322.421,1.0,,0.0
2024-08-14,3.25,3.24,3.28,3.24,29076.0,9465.466,1.0,,0.0
2024-08-15,3.24,3.28,3.28,3.18,39131.0,12683.79,1.0,,0.0
2024-08-16,3.29,3.23,3.31,3.21,37280.0,12087.174,1.0,,0.0
2024-08-19,3.21,3.22,3.25,3.18,30553.1,9843.419,1.0,,0.0
2024-08-20,3.24,3.17,3.24,3.14,38454.0,12214.31,1.0,,0.0
2024-08-21,3.16,3.17,3.19,3.14,20951.0,6633.068,1.0,,0.0
2024-08-22,3.17,3.09,3.2,3.09,35108.0,10994.428,1.0,,0.0
2024-08-23,3.07,3.07,3.1,3.03,35470.02,10869.028,1.0,,0.0
2024-08-26,3.07,3.14,3.17,3.04,32553.02,10182.531,1.0,,0.0
2024-08-27,3.13,3.08,3.16,3.07,34889.0,10812.341,1.0,,0.0
2024-08-28,3.07,3.11,3.16,3.06,34726.37,10806.669,1.0,,0.0
2024-08-29,3.1,3.17,3.18,3.06,38091.0,11927.166,1.0,,0.0
2024-08-30,3.17,3.24,3.29,3.16,44762.0,14461.794,1.0,,0.0
2024-09-02,3.26,3.21,3.31,3.2,51141.0,16690.404,1.0,,0.0
2024-09-03,3.2,3.21,3.24,3.18,30635.0,9824.544,1.0,,0.0
2024-09-04,3.2,3.17,3.23,3.17,28205.41,8990.337,1.0,,0.0
2024-09-05,3.17,3.22,3.24,3.16,27358.0,8789.471,1.0,,0.0
2024-09-06,3.21,3.19,3.24,3.17,28109.01,8995.446,1.0,,0.0
2024-09-09,3.17,3.21,3.24,3.14,32997.0,10541.634,1.0,,0.0
2024-09-10,3.2,3.34,3.53,3.2,139664.0,46871.851,1.0,,0.0
2024-09-11,3.34,3.27,3.36,3.25,80430.01,26333.045,1.0,,0.0
2024-09-12,3.28,3.25,3.31,3.24,40228.75,13139.229,1.0,,0.0
2024-09-13,3.25,3.39,3.5,3.22,156060.02,52725.128,1.0,,0.0
2024-09-18,3.41,3.47,3.59,3.27,212264.09,72399.195,1.0,,0.0
2024-09-19,3.48,3.57,3.75,3.38,256199.0,91613.902,1.0,,0.0
2024-09-20,3.64,3.52,3.69,3.49,167578.0,59621.098,1.0,,0.0
2024-09-23,3.59,3.48,3.63,3.45,128488.0,45289.987,1.0,,0.0
2024-09-24,3.53,3.56,3.59,3.48,142375.0,50281.954,1.0,,0.0
2024-09-25,3.64,3.58,3.71,3.56,131869.0,47892.973,1.0,,0.0
2024-09-26,3.6,3.74,3.75,3.55,125299.0,46001.739,1.0,,0.0
2024-09-27,3.84,3.87,3.87,3.73,115351.6,43773.846,1.0,,0.0
2024-09-30,4.05,4.17,4.24,3.87,236252.62,96210.832,1.0,,0.0
2024-10-08,4.58,4.25,4.59,4.08,277121.0,119196.216,1.0,,0.0
2024-10-09,4.25,3.87,4.25,3.86,172098.0,68826.292,1.0,,0.0
2024-10-10,3.88,3.92,3.99,3.83,121161.0,47590.75,1.0,,0.0
2024-10-11,3.92,3.87,3.98,3.84,78220.0,30456.59,1.0,,0.0
2024-10-14,3.93,4.01,4.03,3.89,92176.0,36558.328,1.0,,0.0
2024-10-15,3.99,4.02,4.05,3.91,81247.0,32349.426,1.0,,0.0
2024-10-16,3.99,4.13,4.13,3.94,84929.1,34560.095,1.0,,0.0
2024-10-17,4.12,3.98,4.12,3.96,83087.0,33497.887,1.0,,0.0
2024-10-18,3.96,4.04,4.04,3.95,74561.02,29809.87,1.0,,0.0
2024-10-21,4.02,3.96,4.06,3.95,93715.99,37334.619,1.0,,0.0
2024-10-22,3.96,4.05,4.07,3.95,90579.0,36488.511,1.0,,0.0
2024-10-23,4.07,4.05,4.13,4.03,75125.0,30626.988,1.0,,0.0
2024-10-24,4.03,4.09,4.12,4.02,61473.0,25096.776,1.0,,0.0
2024-10-25,4.11,4.24,4.25,4.1,98021.02,41255.611,1.0,,0.0
2024-10-28,4.23,4.39,4.39,4.22,88362.03,38371.46,1.0,,0.0
2024-10-29,4.42,4.26,4.45,4.23,90734.03,38877.192,1.0,,0.0
2024-10-30,4.27,4.4,4.49,4.22,128969.03,56259.867,1.0,,0.0
2024-10-31,4.55,4.84,4.84,4.52,368043.24,175724.174,1.0,,0.0
2024-11-01,4.88,5.1,5.29,4.7,514581.06,258086.657,1.0,,0.0
2024-11-04,4.92,4.73,4.93,4.63,274257.04,129649.952,1.0,,0.0
2024-11-05,4.73,4.76,4.88,4.68,220075.02,104975.541,1.0,,0.0
2024-11-06,4.81,4.84,4.99,4.58,263361.02,125424.884,1.0,,0.0
2024-11-07,4.75,5.2,5.32,4.71,463057.66,237531.636,1.0,,0.0
2024-11-08,5.1,4.96,5.2,4.91,336650.78,168893.947,1.0,,0.0
2024-11-11,4.91,5.11,5.17,4.84,221539.39,111732.434,1.0,,0.0
2024-11-12,5.1,5.15,5.23,5.07,177022.76,90784.468,1.0,,0.0
2024-11-13,5.16,5.03,5.18,4.96,119720.0,60278.618,1.0,,0.0
2024-11-14,5.11,4.88,5.14,4.85,118483.0,58707.751,1.0,,0.0
2024-11-15,4.88,4.73,4.94,4.68,114165.0,55011.264,1.0,,0.0
2024-11-18,4.7,4.63,4.79,4.58,100111.3,46610.277,1.0,,0.0
2024-11-19,4.65,4.67,4.67,4.52,91088.67,41862.301,1.0,,0.0
2024-11-20,4.65,4.73,4.75,4.63,70563.16,33213.954,1.0,,0.0
2024-11-21,4.74,4.9,4.92,4.65,179095.0,86278.246,1.0,,0.0
2024-11-22,4.82,4.9,5.29,4.78,239310.08,119973.811,1.0,,0.0
2024-11-25,4.89,5.04,5.12,4.77,195912.0,97666.902,1.0,,0.0
2024-11-26,5.01,4.91,5.1,4.87,120919.02,59662.704,1.0,,0.0
2024-11-27,4.9,4.86,4.91,4.7,107553.0,51652.381,1.0,,0.0
2024-11-28,4.85,4.99,5.07,4.77,152548.01,75822.796,1.0,,0.0
2024-11-29,4.96,5.0,5.06,4.89,112378.0,55861.698,1.0,,0.0
2024-12-02,5.09,5.09,5.15,5.04,132266.11,67412.839,1.0,,0.0
2024-12-03,5.12,5.17,5.22,5.08,132566.0,68203.408,1.0,,0.0
2024-12-04,5.11,5.01,5.14,4.97,100507.0,50868.373,1.0,,0.0
2024-12-05,4.97,5.08,5.09,4.96,79532.01,40101.301,1.0,,0.0
2024-12-06,5.11,5.19,5.22,5.02,125862.73,64740.068,1.0,,0.0
2024-12-09,5.24,5.21,5.44,5.17,162374.01,85618.463,1.0,,0.0
2024-12-10,5.36,5.14,5.39,5.12,124636.01,64975.809,1.0,,0.0
2024-12-11,5.16,5.23,5.26,5.16,98121.0,51122.328,1.0,,0.0
2024-12-12,5.25,5.3,5.3,5.19,117671.94,61989.401,1.0,,0.0
2024-12-13,5.29,5.16,5.33,5.14,97381.0,50949.177,1.0,,0.0
2024-12-16,5.24,5.12,5.25,5.11,81251.46,42017.472,1.0,,0.0
2024-12-17,5.19,4.8,5.19,4.75,137502.0,67317.98,1.0,,0.0
2024-12-18,4.8,4.75,4.85,4.62,91033.67,43289.01,1.0,,0.0
2024-12-19,4.68,4.72,4.74,4.62,73280.82,34368.963,1.0,,0.0
2024-12-20,4.72,4.79,4.83,4.72,71061.67,34031.762,1.0,,0.0
2024-12-23,4.74,4.31,4.76,4.31,230788.77,101405.997,1.0,,0.0
2024-12-24,4.3,4.22,4.38,4.14,146846.81,62098.443,1.0,,0.0
2024-12-25,4.23,4.15,4.26,4.0,111112.0,45588.536,1.0,,0.0
2024-12-26,4.12,4.16,4.24,4.12,62421.01,26103.981,1.0,,0.0
2024-12-27,4.15,4.23,4.28,4.13,60118.09,25476.172,1.0,,0.0
2024-12-30,4.24,4.11,4.26,4.01,88085.0,36132.75,1.0,,0.0
2024-12-31,4.11,4.08,4.19,4.07,65248.53,26901.859,1.0,,0.0
2025-01-02,4.07,4.1,4.24,4.05,86984.0,36142.11,1.0,,0.0
2025-01-03,4.12,3.88,4.14,3.86,102787.01,40728.009,1.0,,0.0
2025-01-06,3.87,3.86,3.91,3.68,69326.01,26504.835,1.0,,0.0
2025-01-07,3.89,3.96,3.98,3.85,57508.0,22462.1,1.0,,0.0
2025-01-08,3.95,3.98,3.99,3.86,63003.0,24779.576,1.0,,0.0
2025-01-09,3.97,3.97,4.02,3.95,40277.0,16041.29,1.0,,0.0
2025-01-10,4.0,3.86,4.02,3.86,49013.92,19296.888,1.0,,0.0
2025-01-13,3.82,3.89,3.91,3.75,41074.0,15810.517,1.0,,0.0
2025-01-14,3.9,4.08,4.08,3.9,73331.1,29415.692,1.0,,0.0
2025-01-15,4.08,4.06,4.11,4.0,53832.0,21778.857,1.0,,0.0
2025-01-16,4.1,4.09,4.16,4.04,58960.1,24210.703,1.0,,0.0
2025-01-17,4.07,4.1,4.13,4.02,42180.0,17193.33,1.0,,0.0
2025-01-20,4.12,4.21,4.25,4.04,78286.0,32777.279,1.0,,0.0
2025-01-21,4.23,4.11,4.27,4.09,71756.0,29869.307,1.0,,0.0
2025-01-22,4.3,4.14,4.38,4.13,149728.81,63199.038,1.0,,0.0
2025-01-23,4.2,4.17,4.27,4.15,114971.02,48458.897,1.0,,0.0
2025-01-24,4.13,4.21,4.22,4.1,81107.03,33790.706,1.0,,0.0
2025-01-27,4.19,4.26,4.35,4.19,87825.02,37603.204,1.0,,0.0
2025-02-05,4.3,4.38,4.42,4.25,112523.73,48917.822,1.0,,0.0
2025-02-06,4.4,4.4,4.41,4.27,91523.0,39765.447,1.0,,0.0
2025-02-07,4.39,4.43,4.52,4.36,89348.01,39667.463,1.0,,0.0
2025-02-10,4.43,4.52,4.53,4.39,63777.01,28543.362,1.0,,0.0
2025-02-11,4.54,4.51,4.54,4.41,70840.92,31665.486,1.0,,0.0
2025-02-12,4.5,4.5,4.53,4.44,63766.0,28557.636,1.0,,0.0
2025-02-13,4.5,4.42,4.51,4.41,65435.0,29097.871,1.0,,0.0
2025-02-14,4.4,4.41,4.46,4.38,50665.91,22352.886,1.0,,0.0
2025-02-17,4.4,4.49,4.54,4.37,71251.0,31823.522,1.0,,0.0
2025-02-18,4.48,4.38,4.53,4.37,62338.4,27650.743,1.0,,0.0
2025-02-19,4.4,4.41,4.44,4.37,50570.0,22269.872,1.0,,0.0
2025-02-20,4.43,4.41,4.43,4.37,45820.0,20164.429,1.0,,0.0
2025-02-21,4.39,4.37,4.43,4.33,59714.0,26070.044,1.0,,0.0
2025-02-24,4.34,4.43,4.46,4.34,58633.0,25864.406,1.0,,0.0
2025-02-25,4.36,4.41,4.49,4.35,59675.0,26480.028,1.0,,0.0
2025-02-26,4.39,4.46,4.48,4.39,57065.0,25333.435,1.0,,0.0
2025-02-27,4.43,4.42,4.5,4.34,81970.0,36242.908,1.0,,0.0
2025-02-28,4.4,4.31,4.42,4.3,58389.0,25403.278,1.0,,0.0
2025-03-03,4.34,4.35,4.45,4.28,77559.0,33978.447,1.0,,0.0
2025-03-04,4.36,4.44,4.45,4.33,61118.0,26981.083,1.0,,0.0
2025-03-05,4.43,4.32,4.45,4.24,93052.0,40022.889,1.0,,0.0
2025-03-06,4.33,4.37,4.41,4.29,70921.49,30898.744,1.0,,0.0
2025-03-07,4.38,4.32,4.38,4.3,49973.0,21631.001,1.0,,0.0
2025-03-10,4.36,4.39,4.44,4.35,63084.94,27731.313,1.0,,0.0
2025-03-11,4.35,4.41,4.41,4.31,51883.0,22672.783,1.0,,0.0
2025-03-12,4.43,4.48,4.49,4.4,72771.01,32397.903,1.0,,0.0
2025-03-13,4.47,4.53,4.54,4.44,112823.0,50784.873,1.0,,0.0
2025-03-14,4.53,4.51,4.54,4.45,122807.5,55109.665,1.0,,0.0
2025-03-17,4.53,4.56,4.58,4.5,93808.0,42641.333,1.0,,0.0
2025-03-18,4.54,4.55,4.59,4.52,48859.04,22182.609,1.0,,0.0
2025-03-19,4.52,4.53,4.57,4.51,55238.0,25043.44,1.0,,0.0
2025-03-20,4.53,4.52,4.57,4.49,60878.0,27627.682,1.0,,0.0
2025-03-21,4.51,4.5,4.58,4.48,69017.0,31167.309,1.0,,0.0
2025-03-24,4.47,4.24,4.51,4.17,128905.04,55549.556,1.0,,0.0
2025-03-25,4.27,4.28,4.32,4.18,92085.06,39093.735,1.0,,0.0
2025-03-26,4.26,4.51,4.63,4.26,226979.52,101850.38,1.0,,0.0
2025-03-27,4.51,4.4,4.54,4.37,129336.02,57194.116,1.0,,0.0
2025-03-28,4.41,4.26,4.42,4.26,107490.0,46221.944,1.0,,0.0
2025-03-31,4.2,4.22,4.27,4.15,86660.01,36480.448,1.0,,0.0
2025-04-01,4.24,4.31,4.36,4.24,92117.0,39782.314,1.0,,0.0
2025-04-02,4.27,4.26,4.34,4.23,61787.0,26444.477,1.0,,0.0
2025-04-03,4.18,4.32,4.34,4.18,87267.01,37418.054,1.0,,0.0
2025-04-07,4.11,3.89,4.17,3.89,98509.0,38886.099,1.0,,0.0
2025-04-08,3.8,3.83,3.97,3.74,134688.0,51478.775,1.0,,0.0
2025-04-09,3.78,3.9,3.92,3.51,105412.53,39203.708,1.0,,0.0
2025-04-10,3.91,4.08,4.17,3.91,136901.13,55807.441,1.0,,0.0
2025-04-11,3.99,4.09,4.14,3.99,89981.0,36778.954,1.0,,0.0
2025-04-14,4.22,4.19,4.23,4.17,69363.47,29148.077,1.0,,0.0
2025-04-15,4.22,4.22,4.23,4.14,59584.99,25037.445,1.0,,0.0
2025-04-16,4.22,4.15,4.27,4.08,83380.3,34740.87,1.0,,0.0
2025-04-17,4.1,4.19,4.23,4.09,91599.0,38435.934,1.0,,0.0
2025-04-18,4.2,4.21,4.24,4.11,74113.0,30944.06,1.0,,0.0
2025-04-21,4.16,4.25,4.26,4.16,66849.0,28219.138,1.0,,0.0
2025-04-22,4.23,4.26,4.28,4.22,53555.0,22774.93,1.0,,0.0
2025-04-23,4.28,4.27,4.32,4.23,56972.0,24358.867,1.0,,0.0
2025-04-24,4.28,4.3,4.33,4.24,88413.0,37880.508,1.0,,0.0
2025-04-25,4.32,4.42,4.47,4.28,154739.0,68245.404,1.0,,0.0
2025-04-28,4.41,4.86,4.86,4.21,552924.38,259313.665,1.0,,0.0
2025-04-29,4.66,4.74,4.83,4.51,518005.67,239343.373,1.0,,0.0
2025-04-30,4.6,4.51,4.69,4.5,298487.11,136557.949,1.0,,0.0
2025-05-06,4.55,4.69,4.7,4.53,316761.72,146264.888,1.0,,0.0
2025-05-07,4.77,4.87,5.04,4.67,397873.02,191242.296,1.0,,0.0
2025-05-08,4.85,4.83,4.97,4.76,229290.33,111365.506,1.0,,0.0
2025-05-09,4.83,4.73,4.88,4.72,163194.0,78168.374,1.0,,0.0
2025-05-12,4.75,4.69,4.88,4.66,132923.5,62553.52,1.0,,0.0
2025-05-13,4.77,4.71,4.79,4.67,124535.0,58793.146,1.0,,0.0
2025-05-14,4.67,4.7,4.75,4.63,104307.0,48981.049,1.0,,0.0
2025-05-15,4.67,4.82,4.83,4.66,147847.0,70114.377,1.0,,0.0
2025-05-16,4.77,4.75,4.86,4.72,133753.58,63876.337,1.0,,0.0
2025-05-19,4.8,4.94,5.0,4.8,244269.48,120606.648,1.0,,0.0
2025-05-20,4.95,5.14,5.43,4.85,422858.82,216965.544,1.0,,0.0
2025-05-21,5.19,5.65,5.65,5.14,213340.25,117623.827,1.0,,0.0
2025-05-22,6.0,6.22,6.22,5.87,208158.5,127484.269,1.0,,0.0
2025-05-23,6.84,6.14,6.84,5.68,1032918.4,641471.771,1.0,,0.0
2025-05-26,5.78,5.82,6.18,5.56,636936.63,372131.066,1.0,,0.0
2025-05-27,5.8,5.65,5.98,5.53,520144.58,297053.164,1.0,,0.0
2025-05-28,5.56,5.31,5.6,5.3,450956.49,243735.199,1.0,,0.0
2025-05-29,5.25,5.27,5.33,5.2,352650.49,185147.639,1.0,,0.0
2025-05-30,5.26,5.09,5.26,5.05,299560.93,153534.306,1.0,,0.0
2025-06-03,5.03,5.14,5.2,5.03,183853.0,94381.03,1.0,,0.0
2025-06-04,5.13,5.15,5.18,5.08,179765.55,92333.371,1.0,,0.0
2025-06-05,5.19,5.1,5.22,5.07,188493.0,96634.05,1.0,,0.0
2025-06-06,5.05,5.3,5.36,5.05,387473.62,203056.943,1.0,,0.0
2025-06-09,5.29,5.27,5.29,5.18,239701.02,125263.509,1.0,,0.0
2025-06-10,5.25,5.33,5.46,5.18,349030.44,185125.953,1.0,,0.0
2025-06-11,5.3,5.29,5.35,5.2,199294.76,104980.224,1.0,,0.0
2025-06-12,5.28,5.19,5.28,5.13,187582.0,97415.742,1.0,,0.0
2025-06-13,5.17,5.08,5.23,5.06,152729.77,78020.238,1.0,,0.0
2025-06-16,5.06,5.1,5.14,5.02,95284.21,48606.609,1.0,,0.0
2025-06-17,5.11,5.09,5.15,5.06,102759.84,52314.748,1.0,,0.0
2025-06-18,5.07,4.97,5.08,4.94,135959.0,67792.176,1.0,,0.0
2025-06-19,5.03,4.79,5.03,4.77,142217.0,69000.254,1.0,,0.0
2025-06-20,4.77,4.81,4.87,4.77,112060.0,54041.644,1.0,,0.0
2025-06-23,4.8,4.89,4.91,4.75,102972.0,50141.526,1.0,,0.0
2025-06-24,4.92,5.0,5.01,4.91,98741.01,49149.192,1.0,,0.0
2025-06-25,5.01,5.02,5.05,4.95,96577.01,48334.375,1.0,,0.0
2025-06-26,5.02,5.03,5.05,4.99,94287.67,47402.515,1.0,,0.0
2025-06-27,5.05,5.06,5.11,5.03,85909.0,43493.692,1.0,,0.0
2025-06-30,5.09,5.15,5.17,5.06,130375.0,66905.608,1.0,,0.0
2025-07-01,5.15,5.28,5.31,5.14,220662.0,115364.768,1.0,,0.0
2025-07-02,5.24,5.21,5.29,5.17,150308.06,78316.932,1.0,,0.0
2025-07-03,5.19,5.24,5.27,5.18,119285.0,62371.39,1.0,,0.0
2025-07-04,5.24,5.53,5.75,5.24,467656.11,255252.643,1.0,,0.0
2025-07-07,5.81,5.59,5.9,5.43,486536.93,273561.813,1.0,,0.0
2025-07-08,5.59,5.51,5.63,5.4,342850.46,187544.232,1.0,,0.0
2025-07-09,5.51,5.51,5.61,5.49,253538.93,140197.691,1.0,,0.0
2025-07-10,5.5,5.47,5.57,5.42,188297.0,103305.98,1.0,,0.0
2025-07-11,5.48,5.43,5.49,5.36,146182.0,79142.607,1.0,,0.0
2025-07-14,5.59,5.97,5.97,5.52,298766.81,174136.326,1.0,,0.0
2025-07-15,5.88,5.7,5.88,5.61,497281.81,284426.349,1.0,,0.0
2025-07-16,5.71,5.64,5.74,5.59,246065.0,138968.98,1.0,,0.0
2025-07-17,5.7,5.64,5.72,5.62,210265.45,118954.384,1.0,,0.0
2025-07-18,5.62,5.69,5.69,5.58,190087.27,106944.283,1.0,,0.0
2025-07-21,5.64,5.67,5.69,5.64,179231.01,101542.288,1.0,,0.0
2025-07-22,5.66,5.61,5.69,5.55,166574.34,93266.154,1.0,,0.0
2025-07-23,5.58,5.52,5.64,5.5,141341.01,78644.225,1.0,,0.0
2025-07-24,5.51,5.56,5.56,5.5,99106.01,54896.272,1.0,,0.0
2025-07-25,5.56,5.56,5.57,5.51,81351.34,45055.519,1.0,,0.0
2025-07-28,5.56,5.57,5.6,5.54,84157.75,46799.209,1.0,,0.0
2025-07-29,5.57,5.49,5.7,5.44,200567.01,111650.525,1.0,,0.0
2025-07-30,5.45,5.48,5.5,5.43,111751.0,60999.994,1.0,,0.0
2025-07-31,5.46,5.36,5.49,5.35,123978.01,66972.608,1.0,,0.0
2025-08-01,5.37,5.43,5.44,5.34,73314.35,39667.047,1.0,,0.0
2025-08-04,5.43,5.55,5.55,5.37,111772.02,61448.205,1.0,,0.0
2025-08-05,5.56,5.63,5.68,5.5,138840.01,77755.088,1.0,,0.0
2025-08-06,5.64,5.63,5.66,5.58,82131.0,46060.94,1.0,,0.0
2025-08-07,5.63,5.58,5.65,5.56,68683.0,38387.631,1.0,,0.0
2025-08-08,5.6,5.63,5.65,5.56,104918.01,58935.206,1.0,,0.0
2025-08-11,5.67,5.69,5.7,5.59,106659.0,60429.653,1.0,,0.0
2025-08-12,5.69,5.71,5.74,5.66,107280.0,61132.476,1.0,,0.0
2025-08-13,5.74,5.89,6.13,5.68,306323.02,179087.496,1.0,,0.0
2025-08-14,5.83,5.59,5.85,5.59,228814.02,130918.89,1.0,,0.0
2025-08-15,5.66,5.6,5.71,5.57,137777.5,77351.393,1.0,,0.0
2025-08-18,5.6,5.6,5.64,5.57,114120.55,63971.601,1.0,,0.0
2025-08-19,5.61,5.67,5.68,5.56,120738.01,68075.827,1.0,,0.0
2025-08-20,5.66,5.69,5.72,5.62,87175.0,49325.585,1.0,,0.0
2025-08-21,5.68,6.0,6.18,5.67,443102.47,263823.759,1.0,,0.0
2025-08-22,6.07,5.87,6.14,5.83,238889.54,141619.072,1.0,,0.0
2025-08-25,5.93,5.81,5.94,5.77,166019.93,96640.948,1.0,,0.0
2025-08-26,5.83,5.85,5.88,5.74,124697.0,72768.346,1.0,,0.0
2025-08-27,5.85,5.7,6.04,5.69,239844.98,140670.989,1.0,,0.0
2025-08-28,5.68,5.57,5.8,5.38,231830.0,129046.477,1.0,,0.0
2025-08-29,5.62,5.55,5.65,5.52,110372.0,61459.81,1.0,,0.0
2025-09-01,5.51,5.56,5.63,5.33,133538.51,73682.356,1.0,,0.0
2025-09-02,5.56,5.48,5.56,5.34,160262.56,87018.429,1.0,,0.0
2025-09-03,5.48,5.33,5.49,5.28,94378.5,50849.079,1.0,,0.0
2025-09-04,5.3,5.4,5.48,5.29,115382.23,62453.329,1.0,,0.0
2025-09-05,5.42,5.45,5.45,5.3,79836.0,43082.252,1.0,,0.0
2025-09-08,5.43,5.52,5.53,5.43,74075.0,40650.801,1.0,,0.0
2025-09-09,5.51,5.5,5.58,5.46,67598.5,37297.636,1.0,,0.0
2025-09-10,5.52,5.52,5.56,5.47,62800.08,34616.023,1.0,,0.0
2025-09-11,5.53,5.53,5.54,5.4,75030.02,41048.735,1.0,,0.0
2025-09-12,5.53,5.53,5.58,5.5,68377.6,37921.745,1.0,,0.0
2025-09-15,5.51,5.49,5.55,5.44,56031.0,30746.449,1.0,,0.0
2025-09-16,5.5,5.52,5.54,5.44,80624.58,44314.293,1.0,,0.0
2025-09-17,5.53,5.56,5.57,5.48,88240.0,48867.636,1.0,,0.0
2025-09-18,5.57,5.38,5.57,5.35,109478.0,59671.481,1.0,,0.0
2025-09-19,5.39,5.3,5.4,5.22,89619.37,47345.122,1.0,,0.0
2025-09-22,5.26,5.2,5.29,5.12,78099.46,40464.731,1.0,,0.0
2025-09-23,5.18,5.15,5.21,4.97,99875.09,50673.161,1.0,,0.0
2025-09-24,5.17,5.27,5.3,5.08,82743.0,43418.187,1.0,,0.0
2025-09-25,5.29,5.18,5.31,5.17,57617.46,30110.296,1.0,,0.0
2025-09-26,5.18,5.27,5.31,5.14,60870.01,31985.234,1.0,,0.0
2025-09-29,5.29,5.31,5.34,5.12,63827.01,33537.289,1.0,,0.0
2025-09-30,5.3,5.28,5.35,5.25,42204.05,22304.417,1.0,,0.0
2025-10-09,5.27,5.24,5.32,5.18,69116.04,36156.094,1.0,,0.0
2025-10-10,5.24,5.34,5.38,5.19,75401.0,40072.378,1.0,,0.0
2025-10-13,5.22,5.3,5.33,5.06,86052.02,45239.735,1.0,,0.0
2025-10-14,5.3,5.32,5.4,5.28,78978.0,42080.684,1.0,,0.0
2025-10-15,5.34,5.34,5.38,5.3,59626.0,31822.802,1.0,,0.0
2025-10-16,5.33,5.25,5.36,5.21,61017.0,32126.177,1.0,,0.0
2025-10-17,5.26,5.41,5.65,5.22,204838.25,110914.423,1.0,,0.0
2025-10-20,5.49,5.81,5.88,5.43,455887.87,258989.225,1.0,,0.0
2025-10-21,5.64,5.75,5.8,5.6,284299.98,161553.051,1.0,,0.0
2025-10-22,5.75,5.71,5.92,5.7,230847.04,133492.786,1.0,,0.0
2025-10-23,5.71,5.79,5.9,5.69,193128.04,111768.435,1.0,,0.0
2025-10-24,5.79,5.67,5.79,5.6,156767.01,88676.717,1.0,,0.0
2025-10-27,5.65,5.69,5.73,5.59,129346.11,73214.939,1.0,,0.0
2025-10-28,5.67,5.65,5.72,5.61,87413.0,49376.822,1.0,,0.0
2025-10-29,5.64,5.55,5.64,5.44,106641.93,58925.621,1.0,,0.0
2025-10-30,5.53,5.56,5.73,5.51,151138.0,84634.558,1.0,,0.0
2025-10-31,5.48,5.53,5.57,5.47,111907.0,61955.822,1.0,,0.0
2025-11-03,5.5,5.59,5.64,5.48,105965.31,59019.633,1.0,,0.0
2025-11-04,5.6,5.68,5.69,5.58,116572.0,65869.003,1.0,,0.0
2025-11-05,5.66,5.82,5.96,5.62,180396.98,105035.582,1.0,,0.0
2025-11-06,5.84,5.76,5.86,5.72,154095.99,89009.583,1.0,,0.0
2025-11-07,5.72,5.77,5.9,5.71,102369.0,59292.968,1.0,,0.0
2025-11-10,5.79,5.86,5.92,5.78,137766.0,80700.021,1.0,,0.0
2025-11-11,5.84,5.87,5.9,5.83,88730.0,52047.787,1.0,,0.0
2025-11-12,5.85,5.79,5.9,5.78,74947.0,43563.472,1.0,,0.0
2025-11-13,5.75,5.85,5.87,5.73,73549.0,42843.746,1.0,,0.0
2025-11-14,5.88,6.06,6.32,5.84,211560.0,128384.984,1.0,,0.0
2025-11-17,6.07,6.11,6.12,5.97,145545.0,88009.825,1.0,,0.0
2025-11-18,6.13,5.92,6.16,5.87,139095.0,82709.98,1.0,,0.0
2025-11-19,5.92,5.81,5.98,5.78,105654.0,61597.471,1.0,,0.0
2025-11-20,5.8,5.74,5.9,5.72,99925.0,57918.12,1.0,,0.0
2025-11-21,5.71,5.35,5.8,5.35,161851.0,88988.241,1.0,,0.0
2025-11-24,5.4,5.41,5.48,5.33,114845.0,62210.314,1.0,,0.0
2025-11-25,5.5,5.52,5.57,5.44,92874.0,51265.741,1.0,,0.0
2025-11-26,5.52,5.42,5.58,5.41,70133.0,38499.296,1.0,,0.0
2025-11-27,5.42,5.49,5.51,5.41,62016.0,33922.754,1.0,,0.0
2025-11-28,5.46,5.55,5.55,5.4,75548.0,41416.634,1.0,,0.0
2025-12-01,5.61,5.49,5.64,5.46,81439.0,45172.252,1.0,,0.0
2025-12-02,5.51,5.49,5.51,5.36,81051.01,44199.35,1.0,,0.0
2025-12-03,5.5,5.39,5.52,5.37,70390.0,38209.141,1.0,,0.0
2025-12-04,5.38,5.26,5.44,5.2,93980.54,49722.994,1.0,,0.0
2025-12-05,5.27,5.37,5.38,5.18,87447.06,46267.337,1.0,,0.0
2025-12-08,5.41,5.37,5.42,5.34,60297.0,32450.398,1.0,,0.0
2025-12-09,5.36,5.32,5.39,5.26,64542.0,34406.034,1.0,,0.0
2025-12-10,5.32,5.22,5.33,5.21,75107.0,39492.714,1.0,,0.0
2025-12-11,5.22,5.11,5.24,5.1,86303.0,44359.06,1.0,,0.0
2025-12-12,5.11,5.07,5.2,5.05,89638.0,45961.018,1.0,,0.0
2025-12-15,5.05,5.1,5.16,4.99,74167.0,37836.382,1.0,,0.0
2025-12-16,5.07,4.99,5.12,4.98,69716.0,35045.192,1.0,,0.0
2025-12-17,5.0,4.98,5.02,4.88,76225.0,37677.319,1.0,,0.0
2025-12-18,4.94,5.07,5.14,4.94,74686.0,37922.831,1.0,,0.0
2025-12-19,5.06,5.21,5.22,5.06,77673.1,40088.694,1.0,,0.0
2025-12-22,5.23,5.12,5.25,5.11,79306.0,41052.054,1.0,,0.0
2025-12-23,5.2,5.09,5.2,5.05,68247.0,34786.626,1.0,,0.0
2025-12-24,5.12,5.11,5.16,5.06,52680.3,26995.553,1.0,,0.0
2025-12-25,5.13,5.12,5.14,5.06,59223.0,30205.026,1.0,,0.0
2025-12-26,5.12,5.08,5.14,5.07,55653.0,28386.257,1.0,,0.0
2025-12-29,5.08,5.07,5.11,5.02,52289.3,26429.852,1.0,,0.0
2025-12-30,5.06,5.0,5.08,4.98,61778.0,31061.371,1.0,,0.0
2025-12-31,5.0,4.99,5.02,4.91,62885.0,31241.381,1.0,,0.0
2026-01-05,5.0,5.01,5.1,4.98,79766.43,40253.772,1.0,,0.0
2026-01-06,5.02,5.19,5.24,5.01,124819.43,64161.364,1.0,,0.0
2026-01-07,5.19,5.06,5.2,5.03,88918.83,45465.272,1.0,,0.0
2026-01-08,5.06,5.2,5.21,5.03,82277.0,42430.76,1.0,,0.0
2026-01-09,5.2,5.2,5.24,5.14,71444.0,37128.725,1.0,,0.0
2026-01-12,5.21,5.24,5.26,5.18,71428.0,37282.754,1.0,,0.0
2026-01-13,5.24,5.26,5.31,5.17,113330.9,59581.047,1.0,,0.0
2026-01-14,5.26,5.24,5.29,5.18,101711.01,53301.285,1.0,,0.0
2026-01-15,5.23,5.21,5.24,5.16,71979.0,37396.528,1.0,,0.0
2026-01-16,5.21,5.22,5.24,5.16,62661.0,32624.808,1.0,,0.0
2026-01-19,5.21,5.34,5.34,5.2,84441.9,44700.088,1.0,,0.0
2026-01-20,5.35,5.38,5.39,5.3,77532.3,41506.527,1.0,,0.0
2026-01-21,5.37,5.38,5.38,5.29,61374.0,32820.842,1.0,,0.0
2026-01-22,5.44,5.49,5.5,5.37,92886.43,50598.344,1.0,,0.0
2026-01-23,5.51,5.44,5.51,5.38,119916.0,64904.182,1.0,,0.0
2026-01-26,5.44,5.47,5.48,5.38,116834.1,63480.465,1.0,,0.0
2026-01-27,5.44,5.36,5.49,5.28,120857.0,64641.346,1.0,,0.0
2026-01-28,5.36,5.3,5.4,5.27,80794.0,42927.596,1.0,,0.0
2026-01-29,5.25,5.27,5.38,5.23,85714.0,45526.43,1.0,,0.0
2026-01-30,5.26,5.36,5.38,5.22,104422.0,55467.923,1.0,,0.0
2026-02-02,5.37,5.38,5.51,5.37,140861.0,76611.822,1.0,,0.0
2026-02-03,5.92,5.92,5.92,5.92,137735.51,81539.422,1.0,,0.0
2026-02-04,5.92,5.95,6.38,5.8,819686.71,493579.555,1.0,,0.0
2026-02-05,5.77,5.95,6.19,5.77,586399.25,351312.307,1.0,,0.0
2026-02-06,5.95,5.96,6.11,5.87,384471.01,229991.529,1.0,,0.0
2026-02-09,5.95,6.04,6.09,5.89,346871.32,207849.371,1.0,,0.0
2026-02-10,6.0,6.13,6.34,6.0,408080.5,252488.124,1.0,,0.0
2026-02-11,6.12,6.26,6.44,6.12,394474.01,247180.79,1.0,,0.0
2026-02-12,6.23,6.03,6.3,6.0,329749.94,200732.925,1.0,,0.0
2026-02-13,6.08,6.03,6.15,5.94,193717.02,117245.257,1.0,,0.0
2026-02-24,6.07,6.2,6.23,6.07,219544.01,135680.616,1.0,,0.0
2026-02-25,6.16,6.13,6.25,6.09,184946.04,113615.967,1.0,,0.0
2026-02-26,6.13,6.13,6.3,6.03,164332.0,101089.826,1.0,,0.0
2026-02-27,6.23,6.29,6.34,6.14,264926.01,165641.761,1.0,,0.0
2026-03-02,6.0,6.06,6.19,5.92,263809.0,159829.008,1.0,,0.0
2026-03-03,6.05,6.34,6.67,6.05,728465.86,471794.909,1.0,,0.0
2026-03-04,6.23,6.97,6.97,6.23,698264.76,452098.325,1.0,,0.0
2026-03-05,6.91,6.87,7.66,6.7,942899.54,672215.176,1.0,,0.0
2026-03-06,6.75,7.13,7.19,6.62,681971.96,477199.06,1.0,,0.0
2026-03-09,6.88,6.9,7.12,6.86,466807.94,324316.475,1.0,,0.0
2026-03-10,6.9,6.75,7.06,6.7,420763.84,287659.08,1.0,,0.0
2026-03-11,6.82,6.59,6.93,6.49,458785.0,305103.064,1.0,,0.0
2026-03-12,6.56,6.62,7.08,6.42,497016.02,332791.029,1.0,,0.0
2026-03-13,6.49,6.27,6.54,6.02,476012.11,298580.527,1.0,,0.0
2026-03-16,6.27,6.18,6.44,6.14,304774.01,190441.969,1.0,,0.0
2026-03-17,6.18,5.92,6.26,5.91,313257.25,189442.108,1.0,,0.0
2026-03-18,5.96,6.07,6.13,5.92,214920.01,129672.563,1.0,,0.0
2026-03-19,6.02,6.0,6.23,5.95,213960.0,129721.854,1.0,,0.0
2026-03-20,6.08,5.78,6.18,5.77,256872.0,152020.465,1.0,,0.0
2026-03-23,5.69,6.36,6.36,5.43,473427.0,284778.002,1.0,,0.0
2026-03-24,6.5,6.62,7.0,6.38,793654.01,524930.14,1.0,,0.0
2026-03-25,6.56,6.71,6.75,6.4,668205.62,443220.968,1.0,,0.0
2026-03-26,6.71,6.74,6.92,6.58,598912.55,402723.209,1.0,,0.0
2026-03-27,6.73,7.04,7.13,6.6,753485.54,523654.82,1.0,,0.0
2026-03-30,6.75,6.75,6.83,6.53,518733.01,345288.584,1.0,,0.0
2026-03-31,6.9,7.04,7.43,6.9,865137.04,625433.285,1.0,,0.0
2026-04-01,6.81,6.59,7.08,6.46,649411.6,431853.025,1.0,,0.0
2026-04-02,6.6,6.12,6.77,6.08,477539.0,301843.435,1.0,,0.0
2026-04-03,6.42,5.71,6.51,5.71,487291.0,292893.458,1.0,,0.0
2026-04-07,5.86,6.16,6.28,5.6,556662.57,339213.604,1.0,,0.0
2026-04-08,6.28,6.17,6.35,6.05,417810.56,257461.707,1.0,,0.0
2026-04-09,6.18,5.96,6.19,5.91,258891.0,155081.523,1.0,,0.0
2026-04-10,5.98,6.03,6.1,5.91,221783.31,132932.741,1.0,,0.0
2026-04-13,5.96,6.02,6.02,5.84,201474.0,119485.506,1.0,,0.0
2026-04-14,6.03,5.89,6.03,5.75,248378.0,145224.979,1.0,,0.0
2026-04-15,5.93,5.66,5.93,5.63,242360.0,138102.456,1.0,,0.0
2026-04-16,5.66,5.84,5.87,5.57,212812.0,122281.422,1.0,,0.0
2026-04-17,5.82,5.76,5.84,5.68,154899.01,89134.995,1.0,,0.0
2026-04-20,5.87,6.34,6.34,5.84,287935.0,177894.592,1.0,,0.0
2026-04-21,6.4,6.36,6.5,6.2,456650.95,287796.199,1.0,,0.0
2026-04-22,6.29,6.23,6.36,6.18,259542.19,162181.437,1.0,,0.0
2026-04-23,6.28,6.26,6.3,6.12,304606.16,189720.606,1.0,,0.0
2026-04-24,6.23,6.04,6.25,5.97,222378.0,135259.217,1.0,,0.0
2026-04-27,6.06,6.19,6.23,5.99,223079.13,136813.726,1.0,,0.0
2026-04-28,6.18,6.3,6.45,6.13,272073.0,171529.574,1.0,,0.0
2026-04-29,6.28,6.29,6.39,6.2,234100.0,147994.84,1.0,,0.0
2026-04-30,6.34,6.43,6.51,6.3,276757.0,177956.713,1.0,,0.0
2026-05-06,6.44,6.53,6.55,6.33,306819.16,198648.481,1.0,,0.0
2026-05-07,6.47,6.45,6.58,6.4,269027.0,174129.915,1.0,,0.0
2026-05-08,6.4,6.42,6.51,6.36,187274.0,120187.734,1.0,,0.0
2026-05-11,6.49,6.4,6.5,6.31,194632.16,124452.291,1.0,,0.0
2026-05-12,6.36,6.41,6.52,6.33,219581.0,141255.034,1.0,,0.0
2026-05-13,6.41,6.39,6.55,6.34,242805.0,156649.5,1.0,,0.0
2026-05-14,6.38,6.58,6.74,6.23,439739.0,287641.073,1.0,,0.0
2026-05-15,6.5,6.32,6.51,6.24,306607.0,193758.194,1.0,,0.0
2026-05-18,6.4,6.48,6.6,6.17,311104.03,200591.505,1.0,,0.0
2026-05-19,6.54,6.74,6.89,6.41,479505.01,320803.909,1.0,,0.0
2026-05-20,6.71,6.18,6.74,6.13,411962.01,260219.257,1.0,,0.0
2026-05-21,6.27,5.88,6.32,5.86,357651.0,217543.045,1.0,,0.0
2026-05-22,5.99,5.99,6.06,5.77,195692.0,116528.344,1.0,,0.0
2026-05-25,6.03,5.99,6.11,5.89,198836.02,119300.841,1.0,,0.0
2026-05-26,5.99,5.79,5.99,5.75,175969.0,102451.678,1.0,,0.0
2026-05-27,5.79,5.69,5.83,5.61,185020.52,105198.112,1.0,,0.0
2026-05-28,5.69,5.75,5.83,5.61,196719.0,112999.429,1.0,,0.0
2026-05-29,5.7,5.78,6.08,5.7,283062.0,165990.53,1.0,,0.0
2026-06-01,5.74,5.85,5.93,5.62,256099.0,149030.139,1.0,,0.0
2026-06-02,5.85,5.65,5.85,5.52,215487.0,121610.293,1.0,,0.0
2026-06-03,5.64,5.53,5.64,5.39,221030.0,121775.405,1.0,,0.0
2026-06-04,5.52,5.39,5.56,5.33,148057.0,80098.848,1.0,,0.0
2026-06-05,5.38,5.37,5.48,5.2,181008.0,96495.486,1.0,,0.0
2026-06-08,5.27,5.2,5.42,5.1,132734.0,69659.264,1.0,,0.0
2026-06-09,5.24,5.2,5.25,5.05,112635.0,58234.559,1.0,,0.0
2026-06-10,5.16,5.11,5.17,5.0,113106.0,57376.017,1.0,,0.0
2026-06-11,5.08,5.04,5.11,4.96,92603.52,46510.258,1.0,,0.0
2026-06-12,5.11,5.12,5.17,4.98,105463.0,53900.615,1.0,,0.0
2026-06-15,5.1,4.96,5.21,4.94,154419.0,77804.923,1.0,,0.0
2026-06-16,4.97,5.01,5.05,4.83,142153.06,70689.337,1.0,,0.0
2026-06-17,5.0,4.85,5.02,4.83,110660.79,54163.449,1.0,,0.0
2026-06-18,4.82,4.76,4.85,4.7,103517.0,49412.863,1.0,,0.0
2026-06-22,4.75,4.79,4.81,4.55,127483.0,59689.348,1.0,,0.0
2026-06-24,4.91,4.68,4.93,4.64,114135.0,53952.409,1.0,,0.0
2026-06-25,4.66,4.59,4.68,4.52,96148.0,44130.185,1.0,,0.0
2026-06-26,4.55,4.47,4.62,4.46,97556.0,44060.72,1.0,,0.0
2026-06-29,4.46,4.52,4.54,4.32,107877.0,48041.813,1.0,,0.0
2026-06-30,4.55,4.49,4.6,4.4,103386.0,46613.598,1.0,,0.0
2026-07-01,4.49,4.61,4.71,4.49,126557.0,58305.781,1.0,,0.0
2026-07-03,4.64,4.76,4.78,4.6,106135.3,50014.999,1.0,,0.0
2026-07-06,4.74,4.66,4.8,4.6,80926.0,37839.196,1.0,,0.0
2026-07-07,4.65,4.58,4.67,4.5,87000.3,39796.173,1.0,,0.0
2026-07-08,4.57,4.5,4.57,4.45,76948.0,34625.488,1.0,,0.0
2026-07-09,4.49,4.53,4.6,4.42,83350.01,37531.047,1.0,,0.0
2026-07-10,4.52,4.64,4.73,4.42,114401.0,52892.149,1.0,,0.0
2026-07-14,4.46,4.56,4.57,4.37,102735.0,46090.616,1.0,,0.0
2026-07-15,4.52,4.64,4.7,4.5,99138.0,45940.573,1.0,,0.0
2026-07-16,4.61,4.68,4.76,4.58,94763.0,44452.188,1.0,,0.0
2026-07-17,4.66,4.53,4.78,4.45,135179.44,62521.422,1.0,,0.0
2026-07-20,4.53,4.5,4.75,4.4,192991.59,88265.964,1.0,,0.0
2026-07-21,4.4,4.35,4.44,4.14,190990.43,81757.366,1.0,,0.0
2026-07-22,4.36,4.33,4.43,4.28,116963.0,50714.765,1.0,,0.0
2026-07-23,4.25,4.51,4.52,4.25,149825.5,66064.628,1.0,,0.0
2026-07-24,4.45,4.31,4.54,4.29,105147.5,45872.947,1.0,,0.0
2026-07-27,4.29,4.44,4.47,4.29,112985.0,49941.029,1.0,,0.0
2026-07-28,4.47,4.5,4.58,4.4,101097.0,45668.878,1.0,,0.0
2026-07-29,4.5,4.58,4.61,4.46,107121.0,48752.962,1.0,,0.0
2026-07-30,4.57,4.51,4.67,4.46,107931.0,49222.642,1.0,,0.0
2026-07-31,4.6,4.62,4.64,4.52,93085.0,42855.404,1.0,,0.0
2026-08-03,4.66,4.81,4.83,4.63,109551.61,51922.71,1.0,,0.0
2026-08-04,4.82,4.8,4.87,4.76,87520.0,42053.593,1.0,,0.0
2026-08-05,4.82,4.76,4.86,4.7,82620.0,39377.754,1.0,,0.0
2026-08-06,4.78,4.82,4.84,4.72,88670.0,42380.481,1.0,,0.0
2026-08-07,4.83,4.76,4.83,4.67,76591.0,36209.835,1.0,,0.0
2026-08-10,4.78,4.92,4.94,4.76,100349.0,48937.084,1.0,,0.0
2026-08-11,4.92,4.9,4.94,4.84,66059.0,32360.593,1.0,,0.0
2026-08-12,4.89,4.93,4.94,4.85,58639.5,28720.313,1.0,1.5425,0.0
2026-08-13,4.92,4.86,4.94,4.85,59028.5,28890.317,1.0,1.55,0.0
2026-08-14,4.84,4.86,4.9,4.77,58146.0,28072.254,1.0,1.53,0.0
2026-08-17,4.85,4.94,4.95,4.8,62159.0,30407.633,1.0,0.0,0.0
2026-08-18,4.93,4.93,4.94,4.86,58608.0,28756.565,1.0,0.0,0.0
2026-08-19,4.93,4.83,4.95,4.8,67948.0,32962.827,1.0,0.0,0.0
2026-08-20,4.86,5.05,5.2,4.82,192875.17,96897.757,1.0,5.0735,5.0735
2026-08-21,4.99,4.95,5.0,4.85,150129.0,73840.232,1.0,3.9491,3.9491
2026-08-24,4.99,4.87,5.02,4.83,110711.5,54199.067,1.0,2.9122,2.9122
2026-08-25,4.86,5.0,5.02,4.82,95440.0,47236.669,1.0,2.5105,2.5105
2026-08-26,5.01,5.05,5.07,4.96,92467.01,46434.48,1.0,2.4323,2.4323
2026-08-27,5.0,4.99,5.09,4.96,74628.0,37314.426,1.0,1.9631,1.9631
2026-08-28,5.0,5.05,5.06,4.95,66886.0,33553.632,1.0,1.7594,1.7594
2026-08-31,5.05,5.11,5.14,5.01,93858.0,47702.134,1.0,2.4689,2.4689
2026-09-01,5.07,5.19,5.21,5.07,88410.01,45771.327,1.0,2.3256,2.3256
2026-09-02,5.19,5.17,5.2,5.08,69620.0,35750.189,1.0,1.8313,1.8313
2026-09-03,5.2,5.11,5.21,5.09,85837.0,44166.373,1.0,2.2579,2.2579
2026-09-04,5.15,5.17,5.21,5.1,86612.0,44636.427,1.0,2.2783,2.2783
2026-09-07,5.16,5.11,5.16,5.09,74005.38,37892.093,1.0,1.9467,1.9467
2026-09-08,5.13,5.19,5.21,5.1,74586.0,38491.591,1.0,1.962,1.962
2026-09-09,5.16,5.21,5.27,5.16,86762.38,45174.967,1.0,2.2823,2.2823
2026-09-10,5.2,5.17,5.22,5.13,86629.0,44825.012,1.0,2.2788,2.2788
2026-09-11,5.12,5.05,5.13,4.99,97576.01,49159.644,1.0,2.5667,2.5667
2026-09-14,5.03,5.05,5.12,4.99,76639.0,38755.822,1.0,2.016,2.016
2026-09-15,5.05,4.87,5.05,4.83,98033.0,48309.752,1.0,2.5787,2.5787
2026-09-16,4.81,4.94,4.97,4.81,72566.0,35667.808,1.0,1.9088,1.9088
2026-09-17,4.95,4.97,5.01,4.79,74474.0,36610.663,1.0,1.959,1.959
2026-09-18,4.98,4.93,5.02,4.92,66107.0,32809.145,1.0,1.7389,1.7389
2026-09-21,4.92,5.03,5.04,4.9,70498.0,35120.686,1.0,1.8544,1.8544
2026-09-22,5.03,5.04,5.07,4.97,73658.47,36990.506,1.0,1.9376,1.9376
2026-09-23,5.07,5.05,5.13,4.98,71954.0,36342.295,1.0,1.8927,1.8927
2026-09-24,5.04,5.05,5.1,5.0,51551.24,26051.31,1.0,1.356,1.356
2026-09-28,5.07,5.04,5.1,5.0,68417.94,34558.859,1.0,1.7997,1.7997
2026-09-29,5.04,5.14,5.17,5.0,88107.24,45107.93,1.0,2.3176,2.3176
2026-09-30,5.14,5.18,5.2,5.1,77097.0,39778.125,1.0,2.028,2.028
2026-10-08,5.13,5.16,5.2,5.08,77603.0,39924.356,1.0,2.0413,2.0413
2026-10-09,5.17,5.11,5.2,4.96,84696.0,42856.708,1.0,2.2279,2.2279
