date,open,close,high,low,volume,money,factor,turnover,turnover_free
2021-05-10,35.2,34.57,35.5,34.3,2221.78,7717.504,0.9971156619555812,,0.0
2021-05-11,34.94,34.7,34.94,33.91,1580.59,5452.272,0.9971264367816092,,0.0
2021-05-12,34.46,34.76,34.9,33.99,1249.57,4321.569,0.9971313826735512,,0.0
2021-05-13,34.58,34.25,35.02,34.21,1181.19,4096.999,0.9970887918486172,,0.0
2021-05-14,34.4,34.62,34.7,34.21,1301.68,4501.854,0.9971198156682028,,0.0
2021-05-17,34.9,34.69,35.07,33.94,2866.86,9922.095,0.9971256108077032,,0.0
2021-05-18,34.23,34.629999999999995,34.77,34.23,999.34,3458.884,0.9971206449755254,,0.0
2021-05-19,34.43,34.07,35.03,34.03,1083.42,3721.693,0.9970734562481708,,0.0
2021-05-20,34.0,33.559999999999995,34.29,33.51,1318.1,4455.739,0.9970291146761736,,0.0
2021-05-21,33.8,33.69,34.2,33.309999999999995,1487.01,5028.108,0.9970405445398046,,0.0
2021-05-24,33.16,33.66,34.26,33.15,1311.01,4431.991,0.9970379146919433,,0.0
2021-05-25,33.6,33.68,33.87,33.44,980.51,3310.858,0.9970396684428656,,0.0
2021-05-26,33.82,34.61,34.78,33.71,2904.21,10064.134,0.9971189858830308,,0.0
2021-05-27,34.85,34.91,35.04,34.4,2284.5,7966.027,0.9971436732362182,,0.0
2021-05-28,34.6,34.55,35.36,34.43,2057.47,7212.564,0.9971139971139972,,0.0
2021-05-31,34.9,35.7,36.18,34.61,3508.43,12517.548,0.9972067039106144,,0.0
2021-06-01,35.7,36.1,36.65,35.69,3397.28,12334.079,0.9972375690607734,,0.0
2021-06-02,36.1,36.99,38.89,36.1,12688.72,47967.063,0.997303855486654,,0.0
2021-06-03,36.99,36.1,37.44,36.05,6685.13,24589.535,0.9972375690607734,,0.0
2021-06-04,36.1,35.6,36.59,35.53,2949.73,10607.06,0.9971988795518208,,0.0
2021-06-07,35.65,36.15,36.9,35.6,3263.27,11865.18,0.9972413793103448,,0.0
2021-06-08,36.15,35.4,36.15,35.12,2546.34,9083.981,0.9971830985915492,,0.0
2021-06-09,35.25,35.75,36.1,35.25,2159.91,7721.862,0.99721059972106,,0.0
2021-06-10,35.42,36.7,37.09,35.4,5873.82,21399.477,0.997282608695652,,0.0
2021-06-11,36.84,36.27,37.57,36.04,5302.01,19476.119,0.997250481165796,,0.0
2021-06-15,36.31,37.31,37.56,35.25,7738.77,28543.945,0.9973269179363806,,0.0
2021-06-16,36.88,36.29,37.77,36.0,4585.89,16900.753,0.9972519923055784,,0.0
2021-06-17,36.02,36.2,36.47,35.52,3891.04,14000.318,0.9972451790633609,,0.0
2021-06-18,35.79,36.18,36.34,35.61,3548.25,12773.679,0.9972436604189636,,0.0
2021-06-21,36.16,37.07,37.38,35.25,4267.71,15670.355,0.9973096583266076,,0.0
2021-06-22,37.65,36.6,37.65,36.35,3704.63,13627.523,0.997275204359673,,0.0
2021-06-23,36.89,36.32,36.89,36.31,2305.54,8434.436,0.9972542559033498,,0.0
2021-06-24,36.32,35.69,36.32,35.65,3669.33,13190.168,0.9972059234423024,,0.0
2021-06-25,35.879999999999995,35.93,36.2,35.48,2417.37,8678.66,0.9972245351096308,,0.0
2021-06-28,35.93,36.37,36.72,35.59,2935.95,10670.901,0.9972580202906498,,0.0
2021-06-29,36.65,36.93,37.67,36.05,6728.32,25057.962,0.9972994869025116,,0.0
2021-06-30,36.91,37.21,37.65,36.56,5179.25,19240.501,0.9973197534173144,,0.0
2021-07-01,37.4,36.68,37.69,36.55,4237.71,15746.517,0.9972811310494832,,0.0
2021-07-02,36.88,35.11,36.88,35.0,6832.06,24303.061,0.9971598977563192,,0.0
2021-07-05,35.0,35.4,35.6,34.91,2739.39,9684.244,0.9971830985915492,,0.0
2021-07-06,35.5,35.04,35.85,34.559999999999995,3600.34,12715.067,0.9971542401821286,,0.0
2021-07-07,35.2,35.28,35.33,34.85,2026.88,7138.063,0.9971735443753532,,0.0
2021-07-08,35.0,34.8,35.28,34.62,4070.96,14205.382,0.997134670487106,,0.0
2021-07-09,34.559999999999995,35.21,35.22,34.559999999999995,2155.92,7537.607,0.9971679410931747,,0.0
2021-07-12,35.3,36.38,36.6,35.21,5090.15,18393.543,1.0,,0.0
2021-07-13,36.98,36.51,36.98,36.32,3572.94,13096.311,1.0,,0.0
2021-07-14,36.88,36.36,36.88,35.8,4054.11,14637.666,1.0,,0.0
2021-07-15,36.18,36.3,36.68,35.42,5521.35,19869.479,1.0,,0.0
2021-07-16,36.35,35.3,36.5,35.07,7961.56,28213.385,1.0,,0.0
2021-07-19,35.12,34.74,35.48,34.74,3764.18,13139.774,1.0,,0.0
2021-07-20,34.74,34.84,35.08,34.51,2785.6,9703.712,1.0,,0.0
2021-07-21,34.7,34.04,35.18,33.97,6161.45,21146.69,1.0,,0.0
2021-07-22,34.04,34.02,34.23,33.61,4952.83,16782.581,1.0,,0.0
2021-07-23,33.81,33.7,34.02,33.6,4623.6,15604.582,1.0,,0.0
2021-07-26,33.7,32.98,33.7,32.7,4498.66,14871.024,1.0,,0.0
2021-07-27,33.08,33.75,34.36,32.76,6148.9,20623.17,1.0,,0.0
2021-07-28,33.75,32.07,33.75,31.8,4708.09,15272.982,1.0,,0.0
2021-07-29,32.1,32.3,32.6,32.1,3387.6,10954.712,1.0,,0.0
2021-07-30,32.11,32.59,32.67,32.0,2219.78,7202.581,1.0,,0.0
2021-08-02,32.6,33.21,33.46,32.3,4283.07,14129.253,1.0,,0.0
2021-08-03,33.3,33.81,33.96,33.13,7544.15,25377.14,1.0,,0.0
2021-08-04,33.7,34.06,34.48,33.67,7206.69,24556.072,1.0,,0.0
2021-08-05,33.93,34.0,34.0,33.41,4242.41,14318.385,1.0,,0.0
2021-08-06,33.86,34.22,34.22,33.4,5389.42,18137.569,1.0,,0.0
2021-08-09,34.03,34.3,34.3,33.8,3458.35,11782.174,1.0,,0.0
2021-08-10,34.22,34.28,34.4,34.2,4904.59,16823.328,1.0,,0.0
2021-08-11,34.28,34.28,34.35,33.72,4545.53,15466.181,1.0,,0.0
2021-08-12,34.8,34.29,34.8,34.02,3819.83,13083.085,1.0,,0.0
2021-08-13,34.4,34.29,34.48,33.86,4172.61,14239.076,1.0,,0.0
2021-08-16,34.29,34.2,34.29,34.06,3088.53,10545.644,1.0,,0.0
2021-08-17,34.03,34.07,34.07,33.0,5185.08,17453.075,1.0,,0.0
2021-08-18,34.0,34.05,34.3,33.6,5295.9,18030.656,1.0,,0.0
2021-08-19,33.85,33.86,34.2,33.7,2540.75,8622.186,1.0,,0.0
2021-08-20,33.71,33.81,33.96,33.4,2591.85,8749.078,1.0,,0.0
2021-08-23,34.19,34.5,34.5,34.0,8310.97,28524.298,1.0,,0.0
2021-08-24,34.68,35.23,35.88,34.61,10269.48,36250.688,1.0,,0.0
2021-08-25,35.36,35.18,35.77,34.7,5073.55,17814.534,1.0,,0.0
2021-08-26,35.15,35.25,35.55,34.8,4774.45,16786.847,1.0,,0.0
2021-08-27,35.04,33.77,35.04,33.6,6206.47,21197.267,1.0,,0.0
2021-08-30,33.56,34.03,34.2,33.5,2861.71,9709.167,1.0,,0.0
2021-08-31,34.16,34.04,34.35,33.82,2725.11,9268.307,1.0,,0.0
2021-09-01,33.9,33.66,33.92,32.83,3936.55,13175.025,1.0,,0.0
2021-09-02,33.75,34.1,34.14,33.46,1591.3,5397.433,1.0,,0.0
2021-09-03,34.23,34.17,34.39,33.84,2457.39,8411.828,1.0,,0.0
2021-09-06,34.43,34.53,34.59,34.01,2901.19,9970.385,1.0,,0.0
2021-09-07,34.35,34.64,34.83,34.35,3153.73,10920.281,1.0,,0.0
2021-09-08,34.32,35.21,35.63,34.32,7040.63,24741.595,1.0,,0.0
2021-09-09,35.21,34.65,35.37,34.56,5378.0,18743.139,1.0,,0.0
2021-09-10,34.95,34.6,34.95,34.33,3058.68,10592.628,1.0,,0.0
2021-09-13,34.6,34.55,34.86,34.2,4074.93,14033.709,1.0,,0.0
2021-09-14,35.9,36.71,38.38,35.0,20878.53,76893.48,1.0,,0.0
2021-09-15,36.5,35.12,36.7,35.06,12663.56,44866.378,1.0,,0.0
2021-09-16,35.1,33.88,35.28,33.88,7469.12,25833.403,1.0,,0.0
2021-09-17,34.0,33.6,34.2,33.34,4134.72,13917.567,1.0,,0.0
2021-09-22,33.61,33.25,33.64,32.88,3580.73,11893.844,1.0,,0.0
2021-09-23,33.35,33.31,33.65,33.17,3139.39,10468.276,1.0,,0.0
2021-09-24,33.82,33.0,33.82,32.91,2809.32,9292.428,1.0,,0.0
2021-09-27,33.3,32.74,33.3,32.32,3144.09,10338.639,1.0,,0.0
2021-09-28,32.74,32.2,32.79,32.1,4914.39,15886.584,1.0,,0.0
2021-09-29,32.28,32.33,32.98,31.89,3703.79,11989.79,1.0,,0.0
2021-09-30,32.11,32.81,33.13,32.11,2278.69,7446.959,1.0,,0.0
2021-10-08,33.62,33.08,33.62,32.8,1513.55,4999.065,1.0,,0.0
2021-10-11,33.46,33.24,33.47,33.07,1555.45,5169.554,1.0,,0.0
2021-10-12,33.07,33.6,33.99,32.78,4439.63,14870.152,1.0,,0.0
2021-10-13,33.58,33.73,33.75,33.2,2241.37,7510.404,1.0,,0.0
2021-10-14,33.6,33.49,33.78,33.37,1208.48,4044.31,1.0,,0.0
2021-10-15,33.43,33.23,33.72,33.18,1666.05,5557.645,1.0,,0.0
2021-10-18,33.15,33.18,33.21,32.84,1345.92,4448.971,1.0,,0.0
2021-10-19,33.11,33.01,33.23,32.87,1281.57,4235.956,1.0,,0.0
2021-10-20,33.09,33.08,33.34,32.78,2370.24,7820.063,1.0,,0.0
2021-10-21,33.38,32.5,33.42,32.3,1767.51,5770.913,1.0,,0.0
2021-10-22,32.51,32.1,32.51,32.01,1674.36,5399.34,1.0,,0.0
2021-10-25,32.07,32.13,32.2,31.91,2416.23,7737.475,1.0,,0.0
2021-10-26,32.19,32.28,32.31,32.01,822.1,2639.205,1.0,,0.0
2021-10-27,32.2,31.4,32.2,31.27,2625.28,8303.807,1.0,,0.0
2021-10-28,31.39,30.7,31.73,30.1,1746.15,5423.464,1.0,,0.0
2021-10-29,30.4,31.2,31.51,30.4,1309.65,4086.347,1.0,,0.0
2021-11-01,30.65,31.31,31.77,30.63,2225.05,6956.134,1.0,,0.0
2021-11-02,31.04,31.4,32.44,31.04,2186.24,6954.892,1.0,,0.0
2021-11-03,31.96,31.27,31.98,31.06,1704.3,5359.849,1.0,,0.0
2021-11-04,31.23,31.56,31.86,31.23,2147.02,6783.967,1.0,,0.0
2021-11-05,31.71,31.76,31.82,31.38,2194.96,6948.652,1.0,,0.0
2021-11-08,31.61,31.55,31.89,31.39,1954.71,6165.924,1.0,,0.0
2021-11-09,31.2,31.8,31.85,31.2,1499.8,4746.244,1.0,,0.0
2021-11-10,31.77,32.0,32.13,31.61,2234.47,7121.926,1.0,,0.0
2021-11-11,32.28,32.72,32.96,32.12,4224.37,13791.051,1.0,,0.0
2021-11-12,33.78,32.69,33.87,32.29,4464.76,14612.495,1.0,,0.0
2021-11-15,32.78,33.38,33.65,32.61,4844.67,16156.971,1.0,,0.0
2021-11-16,33.63,33.35,33.74,33.04,3588.41,11935.271,1.0,,0.0
2021-11-17,33.34,33.71,33.78,33.21,3694.15,12380.913,1.0,,0.0
2021-11-18,33.83,33.87,34.24,33.52,5414.21,18402.026,1.0,,0.0
2021-11-19,33.86,33.88,33.99,33.55,2879.2,9727.115,1.0,,0.0
2021-11-22,33.9,34.23,34.49,33.55,4632.19,15723.046,1.0,,0.0
2021-11-23,34.22,34.35,34.41,33.81,3635.02,12420.363,1.0,,0.0
2021-11-24,34.23,34.46,34.85,34.0,5997.02,20681.618,1.0,,0.0
2021-11-25,34.4,34.87,35.27,34.39,7182.13,25099.701,1.0,,0.0
2021-11-26,34.96,35.9,36.34,34.5,12468.72,44364.534,1.0,,0.0
2021-11-29,35.97,37.98,38.65,35.02,25218.64,94069.037,1.0,,0.0
2021-11-30,37.98,43.45,43.99,37.98,49964.94,209010.793,1.0,,0.0
2021-12-01,43.5,41.3,43.5,41.05,29681.76,124309.51,1.0,,0.0
2021-12-02,41.12,41.45,43.73,41.12,23966.63,101487.135,1.0,,0.0
2021-12-03,41.08,42.24,43.01,41.07,16508.51,69735.743,1.0,,0.0
2021-12-06,41.5,42.0,42.48,41.3,14751.08,61920.792,1.0,,0.0
2021-12-07,42.0,40.19,42.58,39.0,19631.6,78796.237,1.0,,0.0
2021-12-08,40.45,40.28,40.7,39.54,9209.36,37025.443,1.0,,0.0
2021-12-09,40.2,38.65,40.66,38.39,14856.2,58336.764,1.0,,0.0
2021-12-10,39.12,39.38,40.2,38.03,11070.92,43199.799,1.0,,0.0
2021-12-13,39.13,39.78,40.52,38.2,17191.0,68036.92,1.0,,0.0
2021-12-14,39.98,39.51,40.0,38.95,5078.68,19949.502,1.0,,0.0
2021-12-15,39.33,39.47,39.97,39.03,3753.95,14827.6,1.0,,0.0
2021-12-16,39.82,39.0,40.67,38.81,8473.48,33502.663,1.0,,0.0
2021-12-17,39.1,39.18,39.74,38.68,4055.51,15866.348,1.0,,0.0
2021-12-20,39.0,40.57,40.59,38.38,11148.07,44368.141,1.0,,0.0
2021-12-21,40.9,40.1,41.5,39.8,7651.33,30810.836,1.0,,0.0
2021-12-22,40.25,40.87,41.1,39.69,7438.01,30023.535,1.0,,0.0
2021-12-23,40.63,38.25,40.98,38.0,12770.3,49763.825,1.0,,0.0
2021-12-24,38.2,36.52,38.49,35.99,12508.29,46010.038,1.0,,0.0
2021-12-27,36.5,37.07,37.58,36.41,4088.46,15111.624,1.0,,0.0
2021-12-28,37.75,36.65,37.75,36.53,3720.62,13764.484,1.0,,0.0
2021-12-29,36.9,37.45,37.7,36.59,4164.58,15534.804,1.0,,0.0
2021-12-30,37.24,37.54,38.13,37.24,3531.92,13331.121,1.0,,0.0
2021-12-31,37.81,37.34,38.22,37.28,3355.39,12630.107,1.0,,0.0
2022-01-04,37.49,37.01,38.22,36.6,5718.19,21299.344,1.0,,0.0
2022-01-05,37.11,36.8,37.13,36.08,4821.85,17696.299,1.0,,0.0
2022-01-06,36.8,37.55,37.81,36.51,4958.51,18524.809,1.0,,0.0
2022-01-07,37.72,36.88,37.72,36.28,5749.91,21162.314,1.0,,0.0
2022-01-10,36.88,36.89,37.54,35.87,5276.35,19516.023,1.0,,0.0
2022-01-11,36.58,37.06,37.2,36.27,8827.02,32324.757,1.0,,0.0
2022-01-12,37.0,38.3,38.47,37.0,12825.32,48620.392,1.0,,0.0
2022-01-13,38.39,38.28,38.87,38.05,6737.19,25892.625,1.0,,0.0
2022-01-14,38.28,38.57,39.2,38.28,5971.24,23113.241,1.0,,0.0
2022-01-17,39.34,41.0,41.44,39.01,15299.48,61669.564,1.0,,0.0
2022-01-18,43.0,38.23,43.0,38.0,23795.94,95196.566,1.0,,0.0
2022-01-19,37.24,39.19,39.58,37.08,13977.47,54386.249,1.0,,0.0
2022-01-20,39.19,37.87,39.3,37.87,9231.78,35603.341,1.0,,0.0
2022-01-21,37.82,38.55,40.22,37.8,9656.83,37901.399,1.0,,0.0
2022-01-24,38.8,38.81,40.09,38.21,7997.96,31432.373,1.0,,0.0
2022-01-25,39.18,37.25,39.19,37.0,8775.59,33353.612,1.0,,0.0
2022-01-26,37.69,37.44,38.5,36.86,7293.77,27408.098,1.0,,0.0
2022-01-27,37.8,37.99,39.41,37.6,10148.29,38951.129,1.0,,0.0
2022-01-28,37.77,36.12,38.19,36.05,8024.57,29507.416,1.0,,0.0
2022-02-07,36.12,35.99,37.2,35.87,5760.93,20869.449,1.0,,0.0
2022-02-08,36.08,36.21,36.39,35.23,4401.66,15800.313,1.0,,0.0
2022-02-09,36.21,37.44,37.65,36.21,5960.19,22148.937,1.0,,0.0
2022-02-10,37.8,36.4,37.8,36.27,4860.62,17813.803,1.0,,0.0
2022-02-11,36.03,35.61,36.4,35.35,4314.15,15426.6,1.0,,0.0
2022-02-14,35.03,34.61,35.84,34.3,6288.4,21929.218,1.0,,0.0
2022-02-15,34.33,34.14,34.75,34.01,3436.69,11769.47,1.0,,0.0
2022-02-16,34.23,34.5,35.12,34.23,2794.11,9669.009,1.0,,0.0
2022-02-17,34.25,35.21,35.82,33.85,5860.66,20653.302,1.0,,0.0
2022-02-18,35.22,35.41,35.58,34.6,3835.31,13486.459,1.0,,0.0
2022-02-21,35.41,36.64,37.08,35.31,5582.36,20321.883,1.0,,0.0
2022-02-22,36.5,36.29,36.7,35.91,5249.73,19030.228,1.0,,0.0
2022-02-23,41.0,38.4,42.0,38.14,22068.18,87413.683,1.0,,0.0
2022-02-24,37.67,36.13,38.3,35.7,17622.48,65378.081,1.0,,0.0
2022-02-25,36.1,36.7,37.33,36.1,8133.72,29889.069,1.0,,0.0
2022-02-28,36.67,34.37,36.67,34.29,10148.06,35333.948,1.0,,0.0
2022-03-01,34.77,35.75,36.23,34.26,7268.4,25846.731,1.0,,0.0
2022-03-02,35.65,35.33,36.2,35.22,3711.6,13177.435,1.0,,0.0
2022-03-03,35.5,34.52,35.8,34.49,3890.43,13556.732,1.0,,0.0
2022-03-04,34.78,34.41,34.85,34.14,3878.56,13369.925,1.0,,0.0
2022-03-07,34.05,33.94,34.5,33.8,2993.46,10181.004,1.0,,0.0
2022-03-08,33.76,33.38,34.3,33.08,4445.26,14972.725,1.0,,0.0
2022-03-09,33.11,32.38,33.8,31.4,4678.48,15142.532,1.0,,0.0
2022-03-10,32.99,33.09,33.34,32.52,3241.22,10699.014,1.0,,0.0
2022-03-11,32.5,32.72,32.93,31.76,3501.24,11277.208,1.0,,0.0
2022-03-14,32.72,31.63,32.72,31.61,2690.47,8597.63,1.0,,0.0
2022-03-15,31.33,30.22,31.47,29.91,5470.1,16753.368,1.0,,0.0
2022-03-16,30.8,30.69,30.93,29.6,3818.71,11592.195,1.0,,0.0
2022-03-17,31.16,30.82,31.59,30.66,4806.46,14976.105,1.0,,0.0
2022-03-18,31.27,31.2,31.27,30.6,2672.82,8279.425,1.0,,0.0
2022-03-21,30.59,31.83,31.99,30.59,4685.65,14792.698,1.0,,0.0
2022-03-22,31.5,31.34,31.69,31.14,1755.71,5502.971,1.0,,0.0
2022-03-23,31.34,31.39,31.44,30.88,1720.75,5373.19,1.0,,0.0
2022-03-24,31.09,30.67,31.12,30.5,2323.14,7147.399,1.0,,0.0
2022-03-25,30.99,30.7,31.29,30.46,2611.15,8039.437,1.0,,0.0
2022-03-28,30.7,30.18,30.94,29.88,2923.38,8853.459,1.0,,0.0
2022-03-29,30.58,30.09,30.59,29.71,2702.87,8104.78,1.0,,0.0
2022-03-30,29.88,29.98,30.3,29.75,2990.46,8959.536,1.0,,0.0
2022-03-31,29.98,30.22,30.8,29.62,3252.88,9871.929,1.0,,0.0
2022-04-01,30.27,30.02,30.69,29.71,3602.53,10791.778,1.0,,0.0
2022-04-06,29.88,30.36,30.39,29.65,3049.73,9191.523,1.0,,0.0
2022-04-07,30.02,29.5,30.23,29.49,3486.57,10369.572,1.0,,0.0
2022-04-08,29.46,28.6,29.75,28.5,3003.68,8692.97,1.0,,0.0
2022-04-11,28.31,27.25,28.31,27.1,3796.01,10499.196,1.0,,0.0
2022-04-12,27.0,27.93,28.04,26.86,3544.62,9712.178,1.0,,0.0
2022-04-13,28.24,27.28,28.24,27.01,2951.68,8084.58,1.0,,0.0
2022-04-14,27.58,27.42,27.67,27.1,2132.12,5833.801,1.0,,0.0
2022-04-15,27.66,26.5,27.66,26.43,2330.54,6211.429,1.0,,0.0
2022-04-18,26.83,26.3,26.83,25.58,3025.56,7913.256,1.0,,0.0
2022-04-19,26.29,25.97,26.8,25.65,2456.41,6416.75,1.0,,0.0
2022-04-20,26.3,26.42,26.88,26.01,2830.78,7516.7,1.0,,0.0
2022-04-21,26.67,25.29,26.67,25.18,3658.08,9437.16,1.0,,0.0
2022-04-22,25.29,24.88,25.79,24.82,2380.98,5998.35,1.0,,0.0
2022-04-25,24.5,22.66,24.75,22.59,6118.76,14527.958,1.0,,0.0
2022-04-26,22.88,22.26,23.48,22.22,2760.33,6238.8,1.0,,0.0
2022-04-27,21.01,20.47,21.05,17.9,13102.01,25812.035,1.0,,0.0
2022-04-28,19.84,19.96,20.79,19.65,6268.01,12734.137,1.0,,0.0
2022-04-29,20.49,21.42,21.76,19.52,6687.74,14193.828,1.0,,0.0
2022-05-05,21.5,22.02,22.41,21.5,4249.06,9361.634,1.0,,0.0
2022-05-06,21.43,22.03,22.22,21.43,3499.2,7645.885,1.0,,0.0
2022-05-09,22.06,21.96,22.79,21.62,2783.61,6199.857,1.0,,0.0
2022-05-10,21.6,22.16,22.38,21.48,3454.91,7630.02,1.0,,0.0
2022-05-11,22.4,22.15,22.86,21.91,4469.87,9961.929,1.0,,0.0
2022-05-12,22.1,22.21,22.41,21.93,2814.56,6244.424,1.0,,0.0
2022-05-13,22.18,22.08,22.56,21.9,2747.61,6095.338,1.0,,0.0
2022-05-16,22.3,22.39,22.79,22.2,3127.81,7022.986,1.0,,0.0
2022-05-17,22.01,22.12,22.68,22.01,3957.4,8848.559,1.0,,0.0
2022-05-18,22.55,22.48,22.92,22.21,3717.57,8428.895,1.0,,0.0
2022-05-19,22.23,22.03,22.58,21.89,4973.79,11024.368,1.0,,0.0
2022-05-20,22.25,21.34,22.57,21.04,11153.81,23986.629,1.0,,0.0
2022-05-23,21.52,21.73,21.89,21.34,6373.3,13758.623,1.0,,0.0
2022-05-24,21.72,20.47,21.94,20.32,5325.12,11236.943,1.0,,0.0
2022-05-25,20.1,20.41,20.82,20.06,5126.99,10435.942,1.0,,0.0
2022-05-26,20.55,20.26,20.55,20.0,3244.5,6574.756,1.0,,0.0
2022-05-27,20.38,20.07,20.59,19.91,3340.81,6767.566,1.0,,0.0
2022-05-30,20.3,20.12,20.3,19.73,2660.4,5315.238,1.0,,0.0
2022-05-31,20.25,21.1,21.39,19.86,5887.72,12190.719,1.0,,0.0
2022-06-01,20.95,21.67,21.89,20.93,11540.44,24715.296,1.0,,0.0
2022-06-02,21.61,23.37,23.55,21.43,14932.38,33748.633,1.0,,0.0
2022-06-06,23.8,24.74,25.14,23.6,13425.93,32889.176,1.0,,0.0
2022-06-07,26.0,23.3,26.0,23.13,14790.82,35290.838,1.0,,0.0
2022-06-08,23.46,23.04,24.18,22.8,9264.57,21650.447,1.0,,0.0
2022-06-09,23.08,22.16,23.3,22.11,6000.3,13480.568,1.0,,0.0
2022-06-10,22.33,22.29,22.71,22.16,5654.58,12642.169,1.0,,0.0
2022-06-13,22.05,23.28,23.93,21.94,14667.93,34070.665,1.0,,0.0
2022-06-14,23.36,22.58,23.36,22.06,6019.51,13554.053,1.0,,0.0
2022-06-15,22.69,22.78,23.15,22.51,4926.73,11256.852,1.0,,0.0
2022-06-16,22.5,22.91,23.23,22.5,5373.07,12289.702,1.0,,0.0
2022-06-17,22.87,22.64,22.97,22.22,4957.94,11179.383,1.0,,0.0
2022-06-20,22.32,22.92,22.96,22.31,3388.85,7715.481,1.0,,0.0
2022-06-21,22.92,22.82,23.22,22.5,3624.38,8287.699,1.0,,0.0
2022-06-22,22.82,22.37,23.1,22.3,4446.69,10090.152,1.0,,0.0
2022-06-23,22.22,22.36,22.59,21.75,8598.3,19039.191,1.0,,0.0
2022-06-24,22.36,22.65,22.89,22.36,5287.22,11984.232,1.0,,0.0
2022-06-27,22.75,22.77,22.87,22.45,4163.66,9432.278,1.0,,0.0
2022-06-28,22.77,22.97,22.99,22.2,6239.83,14051.621,1.0,,0.0
2022-06-29,22.97,22.22,23.28,22.2,4739.85,10743.84,1.0,,0.0
2022-06-30,22.12,22.25,22.58,22.12,3954.8,8843.289,1.0,,0.0
2022-07-01,22.28,22.13,22.54,22.05,3794.56,8450.857,1.0,,0.0
2022-07-04,22.02,21.57,22.39,21.47,5335.25,11541.378,1.0,,0.0
2022-07-05,21.66,21.05,21.68,20.8,4674.92,9924.393,1.0,,0.0
2022-07-06,21.17,21.12,21.4,20.73,5057.39,10666.761,1.0,,0.0
2022-07-07,21.4,20.99,21.4,20.87,3673.69,7718.36,1.0,,0.0
2022-07-08,20.79,21.42,21.6,20.73,3680.29,7844.973,1.0,,0.0
2022-07-11,21.42,21.12,21.5,20.8,3583.37,7550.014,1.0,,0.0
2022-07-12,21.1,20.4,21.11,20.39,3831.1,7897.509,1.0,,0.0
2022-07-13,20.2,20.6,20.73,20.15,1863.03,3833.537,1.0,,0.0
2022-07-14,20.6,21.1,21.28,20.23,4842.05,10158.158,1.0,,0.0
2022-07-15,21.3,20.33,21.3,20.3,3064.25,6300.988,1.0,,0.0
2022-07-18,20.2,21.01,21.16,20.12,3693.67,7700.073,1.0,,0.0
2022-07-19,20.91,21.63,21.69,20.87,3903.94,8344.103,1.0,,0.0
2022-07-20,21.53,21.69,21.89,21.53,3147.62,6846.738,1.0,,0.0
2022-07-21,21.63,22.09,22.23,21.63,3310.57,7289.789,1.0,,0.0
2022-07-22,21.92,21.81,22.27,21.53,2602.59,5688.219,1.0,,0.0
2022-07-25,21.53,21.84,22.02,21.53,2161.72,4715.848,1.0,,0.0
2022-07-26,21.91,21.67,21.91,21.28,3152.85,6808.555,1.0,,0.0
2022-07-27,21.8,22.1,22.2,21.58,4596.65,10120.307,1.0,,0.0
2022-07-28,22.15,22.57,22.71,21.96,4077.11,9163.901,1.0,,0.0
2022-07-29,22.7,22.22,22.7,22.15,4210.65,9394.599,1.0,,0.0
2022-08-01,22.09,22.35,22.46,21.95,3028.03,6744.808,1.0,,0.0
2022-08-02,22.33,21.12,22.33,20.7,5100.04,10826.8,1.0,,0.0
2022-08-03,21.2,21.47,22.04,21.2,4693.66,10183.852,1.0,,0.0
2022-08-04,21.73,22.0,22.19,21.52,3589.42,7865.687,1.0,,0.0
2022-08-05,22.3,23.08,23.08,22.12,7165.82,16245.78,1.0,,0.0
2022-08-08,23.08,23.4,23.46,22.88,9940.72,23071.972,1.0,,0.0
2022-08-09,23.6,23.49,23.6,23.1,4097.66,9554.083,1.0,,0.0
2022-08-10,23.33,23.55,23.79,23.3,5744.91,13528.132,1.0,,0.0
2022-08-11,23.63,23.68,24.1,23.42,7733.36,18344.996,1.0,,0.0
2022-08-12,23.51,23.23,23.91,23.23,4142.49,9757.595,1.0,,0.0
2022-08-15,23.5,23.28,23.5,22.86,3997.3,9259.829,1.0,,0.0
2022-08-16,23.5,23.04,23.5,22.87,4306.77,9944.062,1.0,,0.0
2022-08-17,22.73,22.85,23.18,22.73,4684.69,10732.621,1.0,,0.0
2022-08-18,22.9,23.0,23.07,22.4,3688.4,8399.518,1.0,,0.0
2022-08-19,23.16,22.09,23.44,22.08,7141.49,16120.255,1.0,,0.0
2022-08-22,22.07,21.79,22.27,21.68,3663.23,8017.776,1.0,,0.0
2022-08-23,21.95,21.69,21.95,21.49,2446.96,5307.97,1.0,,0.0
2022-08-24,21.86,21.06,21.86,20.91,4789.81,10161.737,1.0,,0.0
2022-08-25,21.06,20.75,21.15,20.58,4912.1,10218.423,1.0,,0.0
2022-08-26,20.77,20.53,21.57,20.42,6464.47,13518.428,1.0,,0.0
2022-08-29,20.32,21.07,21.11,19.71,6289.79,12995.451,1.0,,0.0
2022-08-30,21.25,21.17,21.45,20.7,5406.69,11442.63,1.0,,0.0
2022-08-31,21.17,20.56,21.23,20.38,5783.42,11968.767,1.0,,0.0
2022-09-01,20.55,20.42,20.87,20.29,4172.01,8564.096,1.0,,0.0
2022-09-02,20.6,21.12,21.16,20.39,5671.36,11877.622,1.0,,0.0
2022-09-05,21.25,21.16,21.37,20.88,5591.82,11797.273,1.0,,0.0
2022-09-06,21.23,21.23,21.34,20.9,3431.6,7259.711,1.0,,0.0
2022-09-07,21.26,21.19,21.5,21.06,3291.95,6976.6,1.0,,0.0
2022-09-08,21.21,21.1,21.28,20.81,3300.16,6950.58,1.0,,0.0
2022-09-09,21.01,20.74,21.21,20.62,4880.73,10155.091,1.0,,0.0
2022-09-13,20.85,20.99,21.38,20.74,4578.47,9641.061,1.0,,0.0
2022-09-14,20.88,20.92,20.99,20.62,2236.33,4653.129,1.0,,0.0
2022-09-15,21.04,20.46,21.17,20.31,3911.06,8064.417,1.0,,0.0
2022-09-16,20.47,20.09,20.72,20.07,4007.32,8165.087,1.0,,0.0
2022-09-19,20.09,19.37,20.09,19.29,5464.28,10694.578,1.0,,0.0
2022-09-20,19.52,19.94,20.11,19.31,3354.72,6642.77,1.0,,0.0
2022-09-21,19.88,20.58,20.66,19.39,4457.82,8984.68,1.0,,0.0
2022-09-22,20.43,20.66,20.85,20.37,3726.1,7699.191,1.0,,0.0
2022-09-23,20.53,19.55,20.7,19.53,5396.14,10765.525,1.0,,0.0
2022-09-26,19.6,18.76,19.6,18.76,3763.47,7166.349,1.0,,0.0
2022-09-27,18.91,19.5,19.59,18.74,3982.47,7663.519,1.0,,0.0
2022-09-28,19.41,18.95,19.69,18.94,3482.9,6719.515,1.0,,0.0
2022-09-29,19.2,18.8,19.28,18.64,4188.89,7909.497,1.0,,0.0
2022-09-30,18.7,18.8,19.09,18.6,3497.77,6560.77,1.0,,0.0
2022-10-10,18.79,18.6,18.9,18.22,5376.44,9972.612,1.0,,0.0
2022-10-11,18.3,18.38,18.6,17.89,4399.56,7980.414,1.0,,0.0
2022-10-12,18.34,18.92,18.92,18.02,4264.85,7867.575,1.0,,0.0
2022-10-13,18.88,20.0,20.08,18.74,9484.09,18570.27,1.0,,0.0
2022-10-14,20.0,19.86,20.15,19.8,7198.24,14358.478,1.0,,0.0
2022-10-17,19.85,20.38,20.49,19.85,8051.5,16347.002,1.0,,0.0
2022-10-18,20.4,20.23,20.75,20.02,4551.67,9222.005,1.0,,0.0
2022-10-19,20.16,20.18,20.38,19.82,5198.53,10451.507,1.0,,0.0
2022-10-20,20.3,20.15,20.43,19.91,5475.22,11056.715,1.0,,0.0
2022-10-21,20.27,19.96,20.3,19.86,5819.83,11652.281,1.0,,0.0
2022-10-24,20.09,19.3,20.3,19.22,9261.77,18353.965,1.0,,0.0
2022-10-25,19.59,18.86,19.66,18.65,7003.87,13325.044,1.0,,0.0
2022-10-26,18.98,19.84,20.08,18.94,6864.67,13510.214,1.0,,0.0
2022-10-27,19.98,20.51,20.94,19.98,13072.93,26926.067,1.0,,0.0
2022-10-28,20.68,19.66,20.75,19.5,8152.84,16337.895,1.0,,0.0
2022-10-31,19.66,20.72,21.28,19.66,16044.44,33018.478,1.0,,0.0
2022-11-01,20.96,20.89,21.15,20.55,10353.59,21558.684,1.0,,0.0
2022-11-02,20.8,21.1,21.35,20.8,9593.42,20282.354,1.0,,0.0
2022-11-03,20.98,21.4,21.59,20.77,12625.88,26950.599,1.0,,0.0
2022-11-04,21.59,21.26,21.7,21.15,9347.22,19935.975,1.0,,0.0
2022-11-07,21.22,21.28,21.49,21.08,6781.29,14417.288,1.0,,0.0
2022-11-08,21.16,21.42,21.51,21.0,7320.32,15607.447,1.0,,0.0
2022-11-09,21.41,21.42,21.78,21.1,7219.9,15468.865,1.0,,0.0
2022-11-10,21.33,21.22,21.65,21.16,6765.12,14468.391,1.0,,0.0
2022-11-11,21.49,21.01,21.69,20.93,10051.28,21407.603,1.0,,0.0
2022-11-14,21.17,21.3,21.45,20.86,7528.54,15978.703,1.0,,0.0
2022-11-15,21.21,21.89,21.95,21.11,9609.63,20852.811,1.0,,0.0
2022-11-16,21.9,21.78,22.0,21.5,8270.21,17983.496,1.0,,0.0
2022-11-17,21.86,22.44,22.45,21.73,14753.77,32686.807,1.0,,0.0
2022-11-18,22.47,22.24,22.88,22.12,9351.71,21064.129,1.0,,0.0
2022-11-21,22.01,21.87,22.23,21.43,9389.64,20482.322,1.0,,0.0
2022-11-22,21.97,21.44,22.0,21.39,8728.76,18897.352,1.0,,0.0
2022-11-23,21.65,21.09,21.65,20.58,8189.27,17168.799,1.0,,0.0
2022-11-24,21.11,20.91,21.36,20.82,4902.45,10302.212,1.0,,0.0
2022-11-25,20.94,20.41,20.95,20.39,8047.07,16557.556,1.0,,0.0
2022-11-28,20.38,19.95,20.4,19.8,7792.01,15584.261,1.0,,0.0
2022-11-29,20.09,20.5,20.66,19.95,12202.3,24732.414,1.0,,0.0
2022-11-30,20.49,20.15,20.58,20.0,9921.03,20027.641,1.0,,0.0
2022-12-01,20.22,20.62,20.77,20.22,10054.78,20683.982,1.0,,0.0
2022-12-02,20.52,22.22,23.36,20.52,34839.67,77493.954,1.0,,0.0
2022-12-05,22.26,22.89,23.1,21.95,22726.7,51189.595,1.0,,0.0
2022-12-06,22.78,22.91,23.6,22.59,16374.89,37754.867,1.0,,0.0
2022-12-07,22.94,23.05,23.36,22.52,15415.32,35483.296,1.0,,0.0
2022-12-08,23.1,22.12,23.1,22.12,13371.58,30049.878,1.0,,0.0
2022-12-09,22.27,21.39,22.3,21.26,13358.5,28799.189,1.0,,0.0
2022-12-12,21.3,22.1,22.26,21.03,15997.31,34872.951,1.0,,0.0
2022-12-13,22.1,21.91,22.38,21.8,12246.31,26973.657,1.0,,0.0
2022-12-14,22.03,21.98,22.49,21.82,9588.3,21299.018,1.0,,0.0
2022-12-15,22.0,23.7,24.44,21.65,30520.36,71450.847,1.0,,0.0
2022-12-16,23.54,22.93,23.85,22.88,21098.17,48930.698,1.0,,0.0
2022-12-19,22.93,22.15,23.3,22.1,16852.78,37866.937,1.0,,0.0
2022-12-20,22.98,21.52,23.64,21.51,19649.51,43965.232,1.0,,0.0
2022-12-21,21.4,21.15,22.09,21.05,14319.61,30812.19,1.0,,0.0
2022-12-22,21.19,21.09,21.64,20.8,10433.42,22037.378,1.0,,0.0
2022-12-23,20.86,22.15,22.48,20.7,15977.6,34736.444,1.0,,0.0
2022-12-26,21.85,22.4,22.73,21.85,14315.98,31864.596,1.0,,0.0
2022-12-27,22.24,23.11,23.49,21.97,20186.4,46106.147,1.0,,0.0
2022-12-28,23.01,23.21,23.44,22.82,15485.28,35791.289,1.0,,0.0
2022-12-29,23.28,23.72,24.14,23.03,18998.76,45181.082,1.0,,0.0
2022-12-30,23.75,23.7,23.93,23.45,14259.77,33815.533,1.0,,0.0
2023-01-03,23.24,24.69,24.95,23.23,24139.53,58741.606,1.0,,0.0
2023-01-04,24.89,23.78,25.1,23.57,23671.95,57237.672,1.0,,0.0
2023-01-05,23.81,23.37,24.05,23.28,16931.99,39970.646,1.0,,0.0
2023-01-06,23.49,22.73,23.49,22.68,13563.9,31136.437,1.0,,0.0
2023-01-09,23.0,22.59,23.09,22.41,11347.76,25690.192,1.0,,0.0
2023-01-10,22.6,23.75,24.78,22.49,25557.43,60545.134,1.0,,0.0
2023-01-11,24.34,23.27,24.34,23.08,16451.41,38424.932,1.0,,0.0
2023-01-12,23.27,23.0,23.49,22.71,11946.54,27419.509,1.0,,0.0
2023-01-13,22.99,22.09,22.99,21.99,13458.94,29957.994,1.0,,0.0
2023-01-16,22.15,22.35,22.67,22.01,21944.05,49007.734,1.0,,0.0
2023-01-17,22.18,21.7,22.43,21.65,16458.88,36125.299,1.0,,0.0
2023-01-18,21.75,22.11,22.38,21.68,16147.52,35449.241,1.0,,0.0
2023-01-19,22.19,24.25,24.67,22.03,42607.09,101427.237,1.0,,0.0
2023-01-20,24.46,23.75,24.52,23.29,25219.16,60103.788,1.0,,0.0
2023-01-30,23.8,25.56,26.68,23.8,40741.69,104151.087,1.0,,0.0
2023-01-31,25.34,25.49,25.7,24.24,30498.54,76670.806,1.0,,0.0
2023-02-01,25.51,27.12,27.45,25.13,44878.33,119214.172,1.0,,0.0
2023-02-02,26.93,27.18,28.68,26.68,39804.54,109454.931,1.0,,0.0
2023-02-03,27.15,28.0,28.19,27.0,24309.55,67583.345,1.0,,0.0
2023-02-06,27.9,29.87,30.23,27.5,48384.83,139666.757,1.0,,0.0
2023-02-07,30.0,29.39,30.3,28.55,32089.93,93604.658,1.0,,0.0
2023-02-08,28.8,32.6,33.98,27.71,56170.71,173823.374,1.0,,0.0
2023-02-09,31.18,32.06,32.44,30.03,48673.26,152966.547,1.0,,0.0
2023-02-10,31.8,31.22,34.13,31.11,41947.63,136490.624,1.0,,0.0
2023-02-13,31.37,30.68,31.47,29.5,38432.94,117175.967,1.0,,0.0
2023-02-14,30.68,30.03,30.82,29.72,19569.68,59143.356,1.0,,0.0
2023-02-15,30.3,31.69,32.32,30.3,44775.36,141964.281,1.0,,0.0
2023-02-16,31.77,30.25,32.8,29.8,32253.29,100661.494,1.0,,0.0
2023-02-17,30.0,28.47,30.8,28.38,29541.29,86267.281,1.0,,0.0
2023-02-20,28.47,29.08,29.8,27.88,20728.58,59353.231,1.0,,0.0
2023-02-21,28.82,28.74,29.92,28.21,21746.91,63299.289,1.0,,0.0
2023-02-22,28.55,28.24,28.69,28.0,17455.75,49311.51,1.0,,0.0
2023-02-23,28.24,28.14,28.42,27.65,17491.33,49114.358,1.0,,0.0
2023-02-24,27.8,27.64,28.46,27.47,18994.41,52828.456,1.0,,0.0
2023-02-27,27.97,27.42,28.19,27.3,14376.51,39873.346,1.0,,0.0
2023-02-28,28.0,27.1,28.13,26.95,15185.97,41739.892,1.0,,0.0
2023-03-01,27.27,28.12,28.34,26.71,22294.67,61499.04,1.0,,0.0
2023-03-02,28.16,28.6,29.5,28.16,23694.69,68695.982,1.0,,0.0
2023-03-03,28.49,28.16,28.96,27.87,14365.0,40768.728,1.0,,0.0
2023-03-06,28.06,28.67,28.98,27.91,15279.74,43528.048,1.0,,0.0
2023-03-07,28.6,28.27,29.53,28.25,17665.75,51194.033,1.0,,0.0
2023-03-08,28.12,29.3,29.35,28.12,15088.32,43573.148,1.0,,0.0
2023-03-09,29.27,28.71,29.4,28.0,15907.27,45420.257,1.0,,0.0
2023-03-10,28.66,28.21,28.99,28.01,9980.0,28530.914,1.0,,0.0
2023-03-13,28.45,29.18,29.28,27.74,26441.97,75626.319,1.0,,0.0
2023-03-14,28.89,28.25,29.0,27.28,17989.9,50762.348,1.0,,0.0
2023-03-15,28.38,27.92,28.6,27.74,11814.75,33193.054,1.0,,0.0
2023-03-16,27.57,27.6,28.06,27.18,11406.57,31538.04,1.0,,0.0
2023-03-17,27.7,30.12,30.48,27.64,38805.41,112985.037,1.0,,0.0
2023-03-20,30.6,30.03,30.7,28.82,35887.41,106187.173,1.0,,0.0
2023-03-21,29.74,31.16,31.86,29.13,36278.88,111118.43,1.0,,0.0
2023-03-22,31.56,32.6,33.15,30.71,40435.25,129581.086,1.0,,0.0
2023-03-23,32.6,32.3,33.3,31.59,30378.29,98184.675,1.0,,0.0
2023-03-24,31.98,31.79,32.5,31.31,25287.68,80778.991,1.0,,0.0
2023-03-27,31.71,32.85,33.8,31.2,39222.05,127389.151,1.0,,0.0
2023-03-28,32.52,32.35,33.33,31.0,40059.35,128823.55,1.0,,0.0
2023-03-29,32.02,32.59,33.5,31.3,24790.53,80266.239,1.0,,0.0
2023-03-30,32.47,34.49,35.96,31.6,65368.18,224998.882,1.0,,0.0
2023-03-31,35.0,33.1,35.1,31.99,50090.66,165498.372,1.0,,0.0
2023-04-03,33.01,33.91,34.37,31.82,48381.88,159703.82,1.0,,0.0
2023-04-04,34.01,32.28,34.24,31.62,36684.95,119841.893,1.0,,0.0
2023-04-06,31.5,31.8,32.75,31.4,22779.92,72937.553,1.0,,0.0
2023-04-07,32.12,32.79,33.24,31.49,21177.47,69070.6,1.0,,0.0
2023-04-10,31.89,32.83,35.49,31.89,39944.27,134701.766,1.0,,0.0
2023-04-11,32.64,34.0,34.18,31.18,43863.33,144307.633,1.0,,0.0
2023-04-12,34.94,34.27,34.94,32.6,37261.08,125156.622,1.0,,0.0
2023-04-13,34.33,35.7,36.28,33.5,44147.78,154144.041,1.0,,0.0
2023-04-14,34.81,34.05,35.8,33.73,32542.82,112374.401,1.0,,0.0
2023-04-17,34.11,32.19,34.11,31.72,25240.81,82713.999,1.0,,0.0
2023-04-18,32.27,32.2,32.66,31.69,10850.5,34900.874,1.0,,0.0
2023-04-19,31.77,32.2,33.32,31.77,17116.5,55782.73,1.0,,0.0
2023-04-20,32.2,31.36,32.8,31.26,24085.9,76887.888,1.0,,0.0
2023-04-21,31.86,28.79,32.1,28.67,28863.46,86994.624,1.0,,0.0
2023-04-24,28.81,28.54,29.3,27.99,25136.43,71785.191,1.0,,0.0
2023-04-25,28.82,28.05,28.82,27.2,18309.96,50694.837,1.0,,0.0
2023-04-26,28.27,27.02,28.69,26.7,15647.54,42886.225,1.0,,0.0
2023-04-27,26.89,26.91,27.39,26.55,12832.3,34607.153,1.0,,0.0
2023-04-28,21.53,21.53,21.53,21.53,7971.71,17163.092,1.0,,0.0
2023-05-05,17.22,17.22,17.22,17.22,6290.54,10832.31,1.0,,0.0
2023-05-08,15.96,14.95,16.37,14.5,125655.75,192524.304,1.0,,0.0
2023-05-09,14.8,14.03,14.81,14.03,53681.85,76914.129,1.0,,0.0
2023-05-10,14.2,14.56,14.7,14.1,38938.5,56050.639,1.0,,0.0
2023-05-11,14.68,14.99,15.98,14.59,45465.46,69393.029,1.0,,0.0
2023-05-12,15.44,15.04,15.5,14.87,27709.05,42094.749,1.0,,0.0
2023-05-15,15.23,15.2,15.52,14.88,20707.9,31357.54,1.0,,0.0
2023-05-16,15.17,14.98,15.48,14.94,19707.03,29821.64,1.0,,0.0
2023-05-17,14.9,15.85,15.88,14.9,16360.12,25367.663,1.0,,0.0
2023-05-18,15.94,15.97,16.49,15.84,10707.48,17270.602,1.0,,0.0
2023-05-19,15.88,16.08,16.11,15.4,8654.82,13730.473,1.0,,0.0
2023-05-22,15.96,17.3,17.35,15.57,22427.36,37050.965,1.0,,0.0
2023-05-23,17.05,17.88,17.92,17.01,21509.31,37787.708,1.0,,0.0
2023-05-24,17.64,18.23,18.64,17.64,15677.89,28564.53,1.0,,0.0
2023-05-25,18.06,18.59,18.59,17.81,14513.24,26478.19,1.0,,0.0
2023-05-26,18.41,18.08,18.93,17.81,15029.65,27345.187,1.0,,0.0
2023-05-29,17.87,17.58,17.97,17.18,16449.96,28842.465,1.0,,0.0
2023-05-30,17.27,17.56,17.56,16.11,9181.69,15773.305,1.0,,0.0
2023-05-31,17.49,18.3,18.58,17.35,11114.09,20208.273,1.0,,0.0
2023-06-01,18.34,18.53,18.66,18.12,6572.34,12105.679,1.0,,0.0
2023-06-02,18.79,18.58,18.85,18.3,11047.58,20547.009,1.0,,0.0
2023-06-05,18.65,18.65,19.42,18.34,5838.14,11020.212,1.0,,0.0
2023-06-06,18.33,17.88,19.15,17.6,10816.11,19485.558,1.0,,0.0
2023-06-07,17.92,18.23,18.38,17.87,5193.07,9443.956,1.0,,0.0
2023-06-08,18.19,18.04,18.19,17.8,4517.29,8119.054,1.0,,0.0
2023-06-09,17.93,18.46,18.46,17.93,3156.02,5767.248,1.0,,0.0
2023-06-12,18.6,18.5,18.6,18.25,3752.95,6920.733,1.0,,0.0
2023-06-13,18.3,18.05,18.33,17.82,9070.28,16331.998,1.0,,0.0
2023-06-14,18.07,17.7,18.07,17.6,3719.85,6590.153,1.0,,0.0
2023-06-15,17.63,17.4,17.64,16.84,7481.52,12880.407,1.0,,0.0
2023-06-16,17.38,17.58,17.85,17.18,3909.81,6885.605,1.0,,0.0
2023-06-19,17.68,17.34,17.8,17.31,4209.91,7340.834,1.0,,0.0
2023-06-20,17.34,16.82,17.34,16.73,4693.84,7959.889,1.0,,0.0
2023-06-21,16.82,16.87,17.03,16.5,3748.13,6288.67,1.0,,0.0
2023-06-26,16.92,16.81,17.18,16.47,4814.02,8079.182,1.0,,0.0
2023-06-27,16.69,17.23,17.24,16.68,2502.97,4268.374,1.0,,0.0
2023-06-28,17.1,17.36,17.6,16.83,7687.28,13238.37,1.0,,0.0
2023-06-29,17.23,17.3,17.53,17.23,2687.42,4660.321,1.0,,0.0
2023-06-30,17.21,17.3,17.43,17.2,2754.51,4765.934,1.0,,0.0
2023-07-03,17.31,17.78,17.82,17.03,5560.33,9726.791,1.0,,0.0
2023-07-04,17.75,18.13,18.16,17.7,3050.24,5476.829,1.0,,0.0
2023-07-05,18.15,18.2,18.45,18.06,4254.88,7759.247,1.0,,0.0
2023-07-06,18.1,18.45,19.09,17.87,11936.23,21904.28,1.0,,0.0
2023-07-07,18.58,18.16,18.58,18.14,6071.77,11117.098,1.0,,0.0
2023-07-10,18.13,17.68,18.13,17.6,4480.42,7969.033,1.0,,0.0
2023-07-11,17.65,17.79,17.8,17.55,1492.55,2642.386,1.0,,0.0
2023-07-12,18.0,17.8,18.0,17.64,2674.73,4753.007,1.0,,0.0
2023-07-13,17.81,17.81,17.94,17.62,1345.88,2392.329,1.0,,0.0
2023-07-14,17.67,17.95,17.98,17.67,2359.09,4223.563,1.0,,0.0
2023-07-17,17.92,18.11,18.11,17.8,4509.65,8085.342,1.0,,0.0
2023-07-18,18.15,17.84,18.15,17.7,2075.05,3714.428,1.0,,0.0
2023-07-19,17.85,17.77,17.88,17.7,4320.28,7688.232,1.0,,0.0
2023-07-20,17.77,17.79,17.85,17.6,2173.71,3865.64,1.0,,0.0
2023-07-21,18.73,17.66,18.73,17.64,4262.73,7675.843,1.0,,0.0
2023-07-24,17.66,17.75,17.85,17.31,2330.6,4102.251,1.0,,0.0
2023-07-25,17.85,17.95,17.97,17.63,2585.94,4603.813,1.0,,0.0
2023-07-26,17.92,17.84,17.93,17.62,1440.59,2563.827,1.0,,0.0
2023-07-27,17.8,17.91,17.95,17.69,2305.98,4113.732,1.0,,0.0
2023-07-28,17.82,18.12,18.14,17.72,4497.35,8076.542,1.0,,0.0
2023-07-31,18.02,18.24,18.24,17.91,4955.47,8975.29,1.0,,0.0
2023-08-01,18.01,18.14,18.2,17.96,3921.18,7073.832,1.0,,0.0
2023-08-02,18.13,18.18,18.21,17.72,5799.44,10485.961,1.0,,0.0
2023-08-03,18.1,17.91,18.1,17.87,3890.64,6976.265,1.0,,0.0
2023-08-04,17.91,17.97,18.03,17.87,2962.06,5315.323,1.0,,0.0
2023-08-07,17.97,17.99,18.02,17.88,823.06,1477.373,1.0,,0.0
2023-08-08,18.09,18.1,18.14,17.95,1706.23,3078.188,1.0,,0.0
2023-08-09,17.81,18.13,18.16,17.81,1673.1,3019.434,1.0,,0.0
2023-08-10,18.0,18.29,18.39,18.0,1845.28,3356.909,1.0,,0.0
2023-08-11,18.08,18.19,18.46,17.9,3180.73,5782.175,1.0,,0.0
2023-08-14,18.19,18.18,18.2,17.85,2444.84,4400.23,1.0,,0.0
2023-08-15,17.95,17.92,18.21,17.89,970.86,1752.471,1.0,,0.0
2023-08-16,17.8,17.65,17.9,17.41,2764.49,4888.057,1.0,,0.0
2023-08-17,17.68,17.67,17.75,17.25,1900.73,3331.979,1.0,,0.0
2023-08-18,17.49,17.66,17.72,17.47,2210.14,3893.553,1.0,,0.0
2023-08-21,17.69,17.68,17.78,17.45,2164.46,3820.917,1.0,,0.0
2023-08-22,17.69,17.78,17.8,17.29,2287.42,4035.44,1.0,,0.0
2023-08-23,17.78,17.49,18.0,17.0,6057.64,10575.387,1.0,,0.0
2023-08-24,17.4,17.6,17.8,16.22,4650.34,8033.032,1.0,,0.0
2023-08-25,17.59,17.17,17.59,16.7,3450.36,5883.645,1.0,,0.0
2023-08-28,17.88,17.23,17.88,16.98,2247.47,3887.207,1.0,,0.0
2023-08-29,17.06,17.25,17.42,17.06,4435.47,7692.328,1.0,,0.0
2023-08-30,17.26,18.02,18.2,17.13,4561.1,8010.482,1.0,,0.0
2023-08-31,17.91,18.34,18.79,17.91,8577.46,15822.375,1.0,,0.0
2023-09-01,18.25,18.23,18.34,17.92,2062.59,3743.613,1.0,,0.0
2023-09-04,18.03,18.16,18.21,18.03,2235.17,4054.426,1.0,,0.0
2023-09-05,18.05,18.35,18.37,17.95,3015.06,5484.347,1.0,,0.0
2023-09-06,18.35,18.37,18.46,18.25,3756.01,6880.759,1.0,,0.0
2023-09-07,18.31,17.99,18.35,17.95,2411.17,4374.679,1.0,,0.0
2023-09-08,17.92,18.0,18.37,17.92,7145.65,12947.086,1.0,,0.0
2023-09-11,18.0,17.66,18.06,17.3,7868.38,13880.876,1.0,,0.0
2023-09-12,17.55,17.66,17.69,17.35,2740.97,4809.228,1.0,,0.0
2023-09-13,17.6,17.5,17.6,17.33,2541.15,4432.927,1.0,,0.0
2023-09-14,17.4,17.48,17.59,17.35,1486.84,2595.98,1.0,,0.0
2023-09-15,17.6,17.46,17.62,17.23,1227.26,2143.069,1.0,,0.0
2023-09-18,17.47,17.56,17.61,17.38,1635.41,2864.179,1.0,,0.0
2023-09-19,17.51,17.59,17.63,17.47,1829.55,3211.615,1.0,,0.0
2023-09-20,17.53,17.54,17.6,17.5,1249.67,2193.253,1.0,,0.0
2023-09-21,17.55,17.62,17.7,17.47,2918.4,5133.2,1.0,,0.0
2023-09-22,17.6,17.7,17.71,17.41,2724.71,4801.503,1.0,,0.0
2023-09-25,17.71,17.94,17.94,17.41,6739.48,11965.043,1.0,,0.0
2023-09-26,17.9,19.55,20.88,17.9,25395.21,48797.581,1.0,,0.0
2023-09-27,19.65,22.1,22.45,19.3,26512.71,55517.164,1.0,,0.0
2023-09-28,21.6,22.43,23.91,21.6,19623.62,44172.746,1.0,,0.0
2023-10-09,22.6,25.18,25.28,21.98,19890.81,47217.19,1.0,,0.0
2023-10-10,25.48,25.1,26.48,23.65,18132.72,45290.374,1.0,,0.0
2023-10-11,25.12,25.07,25.25,24.25,11199.53,27785.256,1.0,,0.0
2023-10-12,25.17,24.77,25.18,24.32,6256.12,15488.522,1.0,,0.0
2023-10-13,24.98,25.61,26.63,24.66,10748.12,27864.052,1.0,,0.0
2023-10-16,25.66,26.16,26.22,25.5,6647.32,17211.245,1.0,,0.0
2023-10-17,26.16,27.2,27.7,25.8,10262.72,27652.403,1.0,,0.0
2023-10-18,27.2,26.05,27.4,25.37,9556.89,24825.853,1.0,,0.0
2023-10-19,26.1,25.29,26.1,25.15,4183.08,10728.933,1.0,,0.0
2023-10-20,25.3,23.7,25.6,23.41,8708.86,20898.819,1.0,,0.0
2023-10-23,23.45,24.21,25.25,23.45,5846.65,14247.608,1.0,,0.0
2023-10-24,24.22,23.8,24.78,23.8,6260.26,15137.543,1.0,,0.0
2023-10-25,23.8,24.65,24.69,23.56,4997.78,12159.443,1.0,,0.0
2023-10-26,24.65,25.41,25.5,24.08,4461.67,11236.962,1.0,,0.0
2023-10-27,24.9,25.48,26.01,24.9,4880.81,12515.575,1.0,,0.0
2023-10-30,25.07,24.05,25.08,23.7,6651.26,16049.82,1.0,,0.0
2023-10-31,23.84,24.3,24.48,23.84,2921.23,7069.175,1.0,,0.0
2023-11-01,24.04,24.18,24.39,24.0,1392.31,3356.296,1.0,,0.0
2023-11-02,24.2,24.18,24.54,23.72,2499.83,6032.269,1.0,,0.0
2023-11-03,23.49,23.92,24.3,23.49,2853.82,6818.345,1.0,,0.0
2023-11-06,22.21,24.04,24.78,22.21,3796.43,8997.866,1.0,,0.0
2023-11-07,24.0,24.22,24.43,23.4,3486.09,8361.895,1.0,,0.0
2023-11-08,24.68,25.55,25.98,24.26,5987.31,15183.482,1.0,,0.0
2023-11-09,25.13,26.04,26.67,25.13,4532.16,11890.084,1.0,,0.0
2023-11-10,25.83,26.05,26.21,25.83,1841.78,4795.24,1.0,,0.0
2023-11-13,26.11,26.98,27.15,26.11,5622.18,15110.09,1.0,,0.0
2023-11-14,27.04,27.2,27.49,26.84,4740.48,12852.78,1.0,,0.0
2023-11-15,27.2,26.98,27.48,26.96,5430.24,14760.203,1.0,,0.0
2023-11-16,26.79,26.74,27.16,26.54,1891.61,5061.875,1.0,,0.0
2023-11-17,26.58,26.74,27.05,26.58,2637.01,7075.355,1.0,,0.0
2023-11-20,27.0,27.3,27.59,26.44,4468.34,12099.406,1.0,,0.0
2023-11-21,27.27,27.51,27.88,27.27,5062.79,13988.969,1.0,,0.0
2023-11-22,27.36,27.27,27.54,27.03,2261.79,6182.987,1.0,,0.0
2023-11-23,26.62,27.15,27.3,26.6,2939.32,7936.837,1.0,,0.0
2023-11-24,26.56,27.14,27.29,26.54,3378.34,9151.798,1.0,,0.0
2023-11-27,27.15,26.61,27.15,26.56,3616.37,9666.203,1.0,,0.0
2023-11-28,26.5,27.12,27.23,26.3,4961.72,13309.789,1.0,,0.0
2023-11-29,27.47,28.58,28.77,27.0,8136.33,22824.47,1.0,,0.0
2023-11-30,28.8,29.9,30.08,28.8,9140.83,27154.788,1.0,,0.0
2023-12-01,29.92,29.55,29.97,29.15,4572.46,13529.98,1.0,,0.0
2023-12-04,29.55,29.07,29.7,28.8,3318.06,9633.473,1.0,,0.0
2023-12-05,28.8,28.75,29.06,28.57,1968.95,5669.455,1.0,,0.0
2023-12-06,28.7,28.79,29.36,28.4,2150.83,6168.408,1.0,,0.0
2023-12-07,28.5,28.47,28.89,28.0,2240.46,6345.752,1.0,,0.0
2023-12-08,29.69,27.87,29.69,26.85,10424.8,29233.955,1.0,,0.0
2023-12-11,27.88,25.71,27.88,25.5,11132.84,29454.553,1.0,,0.0
2023-12-12,25.79,26.28,26.99,24.83,7966.37,20343.673,1.0,,0.0
2023-12-13,26.48,26.29,26.6,25.86,1754.66,4595.695,1.0,,0.0
2023-12-14,25.87,25.98,26.39,25.49,1767.1,4552.376,1.0,,0.0
2023-12-15,25.17,25.6,26.17,25.17,1691.63,4332.801,1.0,,0.0
2023-12-18,25.09,24.44,25.74,24.08,3950.46,9779.137,1.0,,0.0
2023-12-19,24.44,25.06,25.32,23.74,2677.32,6571.95,1.0,,0.0
2023-12-20,25.48,25.0,25.48,24.62,1868.64,4639.62,1.0,,0.0
2023-12-21,25.2,25.15,25.33,24.66,2731.72,6815.615,1.0,,0.0
2023-12-22,24.77,25.22,25.48,24.77,1290.27,3244.408,1.0,,0.0
2023-12-25,25.02,25.17,25.23,24.81,1262.8,3152.045,1.0,,0.0
2023-12-26,24.53,24.49,25.2,24.21,1119.99,2756.129,1.0,,0.0
2023-12-27,24.4,23.27,24.4,22.23,4782.34,11072.009,1.0,,0.0
2023-12-28,23.3,24.06,24.06,23.07,3232.95,7623.785,1.0,,0.0
2023-12-29,24.06,26.9,27.3,24.06,7056.57,18444.52,1.0,,0.0
2024-01-02,27.47,26.39,27.47,26.25,2253.41,6011.944,1.0,,0.0
2024-01-03,26.5,26.25,26.85,25.88,1835.11,4817.388,1.0,,0.0
2024-01-04,26.1,25.95,26.27,25.6,1624.13,4198.145,1.0,,0.0
2024-01-05,25.8,25.49,26.08,25.07,3159.19,8059.953,1.0,,0.0
2024-01-08,25.05,25.2,25.59,24.9,971.83,2447.33,1.0,,0.0
2024-01-09,25.0,25.27,25.35,24.68,2020.33,5044.61,1.0,,0.0
2024-01-10,25.26,25.2,25.4,24.7,1383.35,3445.289,1.0,,0.0
2024-01-11,24.82,25.18,25.5,24.82,1613.53,4058.836,1.0,,0.0
2024-01-12,24.9,25.2,25.24,24.8,2905.16,7259.748,1.0,,0.0
2024-01-15,24.68,26.16,26.5,24.68,2203.74,5724.528,1.0,,0.0
2024-01-16,26.16,26.28,26.5,25.75,3428.63,8926.749,1.0,,0.0
2024-01-17,26.0,25.53,26.49,25.09,5163.68,13343.518,1.0,,0.0
2024-01-18,25.45,25.23,25.75,23.77,5454.05,13461.635,1.0,,0.0
2024-01-19,25.33,25.29,25.79,24.9,5009.63,12586.877,1.0,,0.0
2024-01-22,25.03,25.25,25.88,24.73,4709.77,11835.012,1.0,,0.0
2024-01-23,25.05,25.7,25.79,24.8,3163.04,8026.975,1.0,,0.0
2024-01-24,25.68,26.28,26.3,25.27,4445.5,11413.921,1.0,,0.0
2024-01-25,26.02,27.7,27.99,26.02,6269.93,17228.224,1.0,,0.0
2024-01-26,27.68,26.23,27.69,26.23,9050.06,24324.365,1.0,,0.0
2024-01-29,26.36,25.87,26.58,25.5,2334.99,6096.686,1.0,,0.0
2024-01-30,25.51,25.06,25.79,25.02,3976.69,10071.471,1.0,,0.0
2024-01-31,24.97,25.1,25.1,24.0,7806.74,19202.056,1.0,,0.0
2024-02-01,24.65,25.28,25.3,24.63,4025.99,10102.331,1.0,,0.0
2024-02-02,25.2,25.66,25.76,24.72,5024.3,12751.774,1.0,,0.0
2024-02-05,25.74,27.16,27.88,24.09,11360.14,29424.557,1.0,,0.0
2024-02-06,27.3,27.17,27.3,25.68,11923.99,31743.592,1.0,,0.0
2024-02-07,27.18,27.65,28.32,27.02,14251.83,39604.237,1.0,,0.0
2024-02-08,27.5,27.79,27.79,26.61,11794.68,32362.716,1.0,,0.0
2024-02-19,27.76,26.8,27.76,26.35,5061.11,13646.872,1.0,,0.0
2024-02-20,26.8,26.7,26.8,26.1,1287.25,3432.667,1.0,,0.0
2024-02-21,26.7,26.27,26.7,25.75,4508.79,11771.255,1.0,,0.0
2024-02-22,26.26,25.65,26.26,24.8,4845.35,12313.163,1.0,,0.0
2024-02-23,25.67,26.07,26.19,25.66,3017.5,7826.979,1.0,,0.0
2024-02-26,26.26,26.8,26.88,26.0,2984.42,7923.258,1.0,,0.0
2024-02-27,26.99,27.16,27.19,26.6,3904.25,10519.775,1.0,,0.0
2024-02-28,27.45,25.63,27.7,25.49,5097.32,13635.647,1.0,,0.0
2024-02-29,25.63,26.95,26.95,25.21,4798.77,12489.281,1.0,,0.0
2024-03-01,27.02,26.76,27.11,26.53,2452.41,6562.863,1.0,,0.0
2024-03-04,26.77,27.15,27.24,26.36,2533.76,6809.695,1.0,,0.0
2024-03-05,27.15,27.07,27.17,25.88,2818.08,7513.919,1.0,,0.0
2024-03-06,26.8,27.27,27.5,26.69,3338.72,9056.341,1.0,,0.0
2024-03-07,27.26,27.16,27.39,26.88,2163.27,5867.403,1.0,,0.0
2024-03-08,27.2,29.0,29.92,27.04,14835.85,42697.668,1.0,,0.0
2024-03-11,29.12,30.36,30.89,28.71,9408.91,28373.104,1.0,,0.0
2024-03-12,30.5,30.17,31.3,30.01,6866.77,20920.778,1.0,,0.0
2024-03-13,29.9,31.41,31.69,29.0,13693.15,41539.676,1.0,,0.0
2024-03-14,31.2,32.26,32.4,30.99,6556.22,20970.993,1.0,,0.0
2024-03-15,33.0,33.45,33.8,32.43,7204.85,23848.003,1.0,,0.0
2024-03-18,33.5,33.33,34.15,33.0,8732.79,29351.593,1.0,,0.0
2024-03-19,33.0,33.55,33.9,32.08,8404.2,27708.101,1.0,,0.0
2024-03-20,33.9,33.54,33.9,32.54,4402.15,14657.197,1.0,,0.0
2024-03-21,33.05,33.58,34.21,33.05,8184.45,27597.812,1.0,,0.0
2024-03-22,33.33,33.29,33.98,32.9,7128.0,23752.145,1.0,,0.0
2024-03-25,33.62,34.26,35.1,33.3,13950.44,47599.164,1.0,,0.0
2024-03-26,34.5,34.15,35.66,33.91,17891.82,61902.228,1.0,,0.0
2024-03-27,27.33,28.37,32.0,27.33,20615.68,59711.893,1.0,,0.0
2024-03-28,28.4,29.96,30.78,28.01,10857.58,32421.477,1.0,,0.0
2024-03-29,29.51,30.03,30.12,29.51,4808.66,14363.432,1.0,,0.0
2024-04-01,30.04,28.94,30.05,28.6,7392.56,21502.848,1.0,,0.0
2024-04-02,28.98,27.58,28.99,26.53,8475.68,23314.859,1.0,,0.0
2024-04-03,28.8,29.02,29.25,27.02,5606.15,15815.017,1.0,,0.0
2024-04-08,29.02,28.28,29.02,28.0,4148.37,11762.304,1.0,,0.0
2024-04-09,28.5,28.35,28.5,27.9,3725.95,10485.995,1.0,,0.0
2024-04-10,28.65,28.5,29.33,28.27,3631.72,10401.422,1.0,,0.0
2024-04-11,28.78,28.82,28.96,28.39,2189.98,6270.563,1.0,,0.0
2024-04-12,28.99,29.38,29.84,28.99,2708.21,7935.355,1.0,,0.0
2024-04-15,29.8,28.53,29.8,27.5,5061.89,14463.131,1.0,,0.0
2024-04-16,28.49,26.6,28.49,26.0,5858.37,15861.557,1.0,,0.0
2024-04-17,26.65,27.21,27.85,26.65,1780.82,4844.083,1.0,,0.0
2024-04-18,27.1,26.66,27.1,25.9,3824.2,10111.632,1.0,,0.0
2024-04-19,26.03,24.98,26.54,22.56,11808.22,29119.483,1.0,,0.0
2024-04-22,25.0,24.63,25.49,23.57,5803.54,14147.347,1.0,,0.0
2024-04-23,24.61,25.9,25.98,24.5,4299.25,11011.827,1.0,,0.0
2024-04-24,25.9,27.37,27.67,25.9,3923.3,10637.791,1.0,,0.0
2024-04-25,27.36,29.08,29.25,27.36,6601.01,18878.609,1.0,,0.0
2024-04-26,29.1,28.75,31.26,28.48,14803.67,44386.603,1.0,,0.0
2024-04-29,28.7,28.76,29.19,28.01,6792.17,19453.49,1.0,,0.0
2024-04-30,28.3,28.64,28.9,28.3,2410.05,6912.118,1.0,,0.0
2024-05-06,28.67,28.65,28.99,28.35,2732.14,7822.604,1.0,,0.0
2024-05-07,28.69,28.51,28.69,27.65,1842.88,5236.797,1.0,,0.0
2024-05-08,28.57,28.28,28.57,28.14,1417.33,4009.391,1.0,,0.0
2024-05-09,28.3,28.3,28.5,28.01,2129.41,6016.661,1.0,,0.0
2024-05-10,27.96,28.24,28.49,27.79,2354.33,6629.042,1.0,,0.0
2024-05-13,28.02,27.74,28.28,27.5,2534.35,7054.484,1.0,,0.0
2024-05-14,27.74,27.28,27.74,27.0,3574.18,9750.665,1.0,,0.0
2024-05-15,27.1,26.92,27.3,26.01,5828.57,15505.313,1.0,,0.0
2024-05-16,26.92,27.74,27.88,26.92,3284.3,9070.225,1.0,,0.0
2024-05-17,27.8,28.6,28.68,27.79,2781.49,7913.647,1.0,,0.0
2024-05-20,29.4,29.0,29.4,28.69,2705.84,7845.436,1.0,,0.0
2024-05-21,28.97,28.9,29.33,28.54,2274.57,6587.588,1.0,,0.0
2024-05-22,29.0,28.89,29.0,28.54,3781.82,10835.817,1.0,,0.0
2024-05-23,28.63,28.84,29.0,28.57,1796.74,5173.603,1.0,,0.0
2024-05-24,28.91,28.86,29.1,28.14,2137.97,6185.673,1.0,,0.0
2024-05-27,29.08,29.1,29.2,28.87,1693.66,4918.406,1.0,,0.0
2024-05-28,28.92,29.88,30.48,28.92,3053.11,9091.861,1.0,,0.0
2024-05-29,30.45,30.82,31.0,30.23,4421.87,13593.71,1.0,,0.0
2024-05-30,30.88,30.7,31.43,30.31,3471.33,10679.909,1.0,,0.0
2024-05-31,30.89,30.78,31.14,30.58,3638.16,11207.937,1.0,,0.0
2024-06-03,30.78,29.3,30.81,29.05,4455.47,13459.142,1.0,,0.0
2024-06-04,29.33,30.46,30.46,29.33,5378.25,16199.965,1.0,,0.0
2024-06-05,30.7,30.09,30.7,29.65,2753.26,8283.574,1.0,,0.0
2024-06-06,29.9,29.3,30.32,29.01,4680.3,13861.126,1.0,,0.0
2024-06-11,30.5,29.46,30.78,29.3,13602.45,40647.163,1.0,,0.0
2024-06-12,29.27,27.82,29.27,27.7,9917.18,27945.536,1.0,,0.0
2024-06-13,27.73,29.33,29.5,27.03,10379.95,29288.127,1.0,,0.0
2024-06-14,29.74,28.91,29.74,28.54,4129.79,11908.515,1.0,,0.0
2024-06-17,28.89,28.94,29.16,28.65,2254.88,6509.02,1.0,,0.0
2024-06-18,28.95,30.41,31.39,28.76,9047.34,27296.832,1.0,,0.0
2024-06-19,30.41,30.5,30.5,29.7,6372.74,19144.645,1.0,,0.0
2024-06-20,30.48,30.39,30.7,30.03,3117.77,9480.704,1.0,,0.0
2024-06-21,30.5,30.39,30.97,29.9,2186.47,6641.909,1.0,,0.0
2024-06-24,30.33,29.0,30.33,28.8,4275.65,12494.182,1.0,,0.0
2024-06-25,28.98,28.93,29.33,28.5,2577.75,7455.778,1.0,,0.0
2024-06-26,28.93,29.31,29.51,28.53,2042.23,5918.76,1.0,,0.0
2024-06-27,29.5,29.29,29.89,28.92,1818.6,5306.637,1.0,,0.0
2024-06-28,29.07,29.09,29.45,28.8,3013.05,8755.135,1.0,,0.0
2024-07-01,29.15,29.12,29.4,28.39,3349.03,9663.902,1.0,,0.0
2024-07-02,29.04,29.47,29.6,28.62,5910.06,17332.185,1.0,,0.0
2024-07-03,29.46,29.64,29.88,29.1,5288.51,15572.716,1.0,,0.0
2024-07-04,29.7,29.49,29.98,29.15,5565.12,16447.095,1.0,,0.0
2024-07-05,29.21,29.92,29.98,28.95,2982.74,8840.104,1.0,,0.0
2024-07-08,29.7,29.76,30.7,29.54,3826.74,11469.954,1.0,,0.0
2024-07-09,29.42,29.92,29.99,29.41,1405.15,4174.829,1.0,,0.0
2024-07-10,29.8,30.35,30.88,29.79,6621.31,20065.076,1.0,,0.0
2024-07-11,30.38,30.92,31.17,30.36,9049.56,27835.26,1.0,,0.0
2024-07-12,30.94,32.9,33.03,30.61,11957.44,38178.658,1.0,,0.0
2024-07-15,32.92,32.9,33.49,32.33,9695.89,31868.41,1.0,,0.0
2024-07-16,32.9,33.33,33.45,32.31,7300.87,24060.969,1.0,,0.0
2024-07-17,33.04,32.88,33.5,32.35,5419.93,17813.747,1.0,,0.0
2024-07-18,32.9,32.45,32.9,32.01,4162.01,13508.993,1.0,,0.0
2024-07-19,32.44,32.49,32.8,32.2,2718.13,8826.37,1.0,,0.0
2024-07-22,32.5,32.52,32.9,32.2,3187.77,10365.359,1.0,,0.0
2024-07-23,32.55,31.38,32.55,31.0,4818.98,15241.893,1.0,,0.0
2024-07-24,30.9,31.56,31.8,30.85,6187.26,19433.457,1.0,,0.0
2024-07-25,31.6,31.11,31.74,30.6,6771.72,21181.761,1.0,,0.0
2024-07-26,32.01,31.38,32.01,30.18,6122.66,18803.616,1.0,,0.0
2024-07-29,31.3,31.58,31.81,31.01,6622.59,20835.208,1.0,,0.0
2024-07-30,31.58,32.57,32.6,31.13,10324.81,32969.647,1.0,,0.0
2024-07-31,32.5,32.18,32.56,30.5,10414.88,32662.533,1.0,,0.0
2024-08-01,31.99,31.8,32.24,31.5,3629.82,11566.489,1.0,,0.0
2024-08-02,31.79,31.98,32.18,31.09,6669.72,21187.646,1.0,,0.0
2024-08-05,31.95,31.63,32.58,31.4,7230.72,23169.429,1.0,,0.0
2024-08-06,31.72,31.88,32.0,31.46,3007.15,9538.643,1.0,,0.0
2024-08-07,31.79,31.91,32.19,31.66,3197.91,10187.36,1.0,,0.0
2024-08-08,31.89,31.52,31.92,30.9,6423.31,20162.053,1.0,,0.0
2024-08-09,31.55,31.34,31.78,31.3,2360.75,7432.646,1.0,,0.0
2024-08-12,31.25,30.62,31.25,30.41,4255.48,13125.091,1.0,,0.0
2024-08-13,30.63,30.63,30.82,29.65,9677.34,29032.543,1.0,,0.0
2024-08-14,30.6,30.62,30.95,30.49,4745.14,14538.54,1.0,,0.0
2024-08-15,30.53,30.05,30.7,29.89,4408.04,13265.818,1.0,,0.0
2024-08-16,30.09,30.76,30.88,30.05,10254.13,31351.781,1.0,,0.0
2024-08-19,30.8,31.52,31.99,30.71,15982.79,50224.076,1.0,,0.0
2024-08-20,31.6,31.74,31.83,31.33,11697.96,37020.716,1.0,,0.0
2024-08-21,31.7,32.58,32.93,31.65,15477.46,50110.013,1.0,,0.0
2024-08-22,32.58,32.32,33.0,31.87,15212.94,49501.913,1.0,,0.0
2024-08-23,32.33,34.68,34.98,32.04,35658.84,119512.204,1.0,,0.0
2024-08-26,34.68,32.62,34.98,31.33,28570.56,92386.826,1.0,,0.0
2024-08-27,32.5,32.31,33.0,32.05,8721.77,28340.076,1.0,,0.0
2024-08-28,32.32,32.35,32.8,31.03,7877.69,25023.017,1.0,,0.0
2024-08-29,32.4,33.23,33.6,31.53,11891.06,39002.014,1.0,,0.0
2024-08-30,33.2,33.76,34.26,33.0,11209.16,37802.601,1.0,,0.0
2024-09-02,33.8,33.31,34.14,33.02,8355.78,28045.247,1.0,,0.0
2024-09-03,33.2,33.2,33.87,32.93,6784.97,22586.47,1.0,,0.0
2024-09-04,33.11,32.45,33.11,32.25,5255.04,17138.653,1.0,,0.0
2024-09-05,32.38,32.51,32.7,32.11,6723.82,21727.475,1.0,,0.0
2024-09-06,32.51,32.45,33.0,32.26,5206.56,16946.731,1.0,,0.0
2024-09-09,32.4,32.14,32.68,32.02,4643.82,14995.933,1.0,,0.0
2024-09-10,32.14,32.27,32.35,31.62,3143.73,10061.991,1.0,,0.0
2024-09-11,32.28,32.63,32.95,32.27,4542.1,14847.937,1.0,,0.0
2024-09-12,32.55,31.62,32.74,31.62,9009.95,28882.248,1.0,,0.0
2024-09-13,31.7,31.09,32.3,30.5,7430.14,23278.023,1.0,,0.0
2024-09-18,30.23,30.2,30.93,29.59,5976.13,18059.656,1.0,,0.0
2024-09-19,30.28,30.34,30.69,29.89,4994.64,15092.024,1.0,,0.0
2024-09-20,30.5,30.12,30.5,29.49,5595.28,16728.571,1.0,,0.0
2024-09-23,30.13,29.92,30.39,29.35,4977.49,14830.15,1.0,,0.0
2024-09-24,29.84,30.28,30.4,29.51,6960.62,20920.955,1.0,,0.0
2024-09-25,30.3,31.06,31.33,30.22,7163.38,22108.216,1.0,,0.0
2024-09-26,31.12,31.18,31.36,29.99,12152.24,36848.387,1.0,,0.0
2024-09-27,31.4,31.41,31.79,30.5,6397.74,19845.674,1.0,,0.0
2024-09-30,32.44,34.55,34.96,31.5,36763.24,122701.616,1.0,,0.0
2024-10-08,40.0,38.3,40.0,34.99,55918.86,205202.62,1.0,,0.0
2024-10-09,36.5,34.11,37.0,33.92,26516.4,94286.83,1.0,,0.0
2024-10-10,34.2,33.75,34.99,33.09,21649.58,73770.733,1.0,,0.0
2024-10-11,33.78,32.95,33.78,32.3,15061.24,49360.686,1.0,,0.0
2024-10-14,32.68,33.7,33.7,32.67,14694.3,48867.979,1.0,,0.0
2024-10-15,33.7,33.68,34.05,33.35,10760.14,36285.609,1.0,,0.0
2024-10-16,33.05,33.64,33.8,33.04,7695.03,25679.522,1.0,,0.0
2024-10-17,33.65,35.2,35.65,33.65,21426.42,74373.343,1.0,,0.0
2024-10-18,35.2,35.73,36.16,34.6,18523.39,65965.648,1.0,,0.0
2024-10-21,35.79,35.49,36.35,34.8,25067.32,89237.293,1.0,,0.0
2024-10-22,35.46,35.48,35.7,34.01,15029.55,52448.259,1.0,,0.0
2024-10-23,35.2,35.7,37.05,34.9,28418.39,102734.932,1.0,,0.0
2024-10-24,35.51,35.4,35.98,35.0,9441.23,33471.94,1.0,,0.0
2024-10-25,35.42,35.6,35.98,35.03,12262.47,43520.112,1.0,,0.0
2024-10-28,35.62,35.5,35.97,35.12,16299.13,57839.149,1.0,,0.0
2024-10-29,35.5,35.3,36.0,34.9,19069.0,67346.379,1.0,,0.0
2024-10-30,34.98,33.9,34.98,33.08,35112.92,118755.715,1.0,,0.0
2024-10-31,33.95,34.27,36.0,33.95,32580.59,114311.286,1.0,,0.0
2024-11-01,34.4,33.86,34.75,33.04,19053.07,64568.288,1.0,,0.0
2024-11-04,33.86,33.09,33.86,32.97,18817.26,62697.681,1.0,,0.0
2024-11-05,32.68,33.96,34.49,32.6,25870.13,86487.706,1.0,,0.0
2024-11-06,34.0,35.15,36.0,34.0,47047.14,164499.773,1.0,,0.0
2024-11-07,35.16,36.33,37.05,34.55,31796.9,113919.907,1.0,,0.0
2024-11-08,36.36,35.84,37.0,35.2,26013.83,93404.676,1.0,,0.0
2024-11-11,35.6,36.62,36.95,35.32,24057.72,87111.121,1.0,,0.0
2024-11-12,37.0,36.67,37.61,35.96,26399.73,96829.38,1.0,,0.0
2024-11-13,36.67,36.35,37.0,35.89,15422.05,56188.644,1.0,,0.0
2024-11-14,36.58,36.09,36.58,35.83,16267.21,59011.756,1.0,,0.0
2024-11-15,36.0,34.48,36.7,34.39,21206.18,75071.757,1.0,,0.0
2024-11-18,34.5,33.91,35.26,33.4,23909.49,82173.741,1.0,,0.0
2024-11-19,34.2,34.81,34.9,33.6,21067.33,72146.823,1.0,,0.0
2024-11-20,34.62,37.16,38.32,34.35,29019.37,106059.592,1.0,,0.0
2024-11-21,37.3,38.8,39.97,36.0,53185.05,204688.218,1.0,,0.0
2024-11-22,39.2,41.01,46.0,38.5,107061.31,450292.553,1.0,,0.0
2024-11-25,42.8,39.98,43.09,38.69,52603.96,209601.109,1.0,,0.0
2024-11-26,40.2,38.5,40.29,38.39,23564.03,91862.275,1.0,,0.0
2024-11-27,38.28,38.9,38.93,37.63,17449.19,66748.909,1.0,,0.0
2024-11-28,39.1,38.52,39.99,38.2,18818.66,72981.508,1.0,,0.0
2024-11-29,38.0,39.1,39.75,38.0,22510.03,87324.816,1.0,,0.0
2024-12-02,39.69,38.95,39.69,38.3,20517.54,79612.444,1.0,,0.0
2024-12-03,39.0,38.98,39.29,38.11,19202.26,74139.901,1.0,,0.0
2024-12-04,38.96,38.93,39.25,38.55,13882.42,54021.835,1.0,,0.0
2024-12-05,38.93,40.46,41.39,38.29,30042.55,120759.922,1.0,,0.0
2024-12-06,41.5,40.67,41.66,40.2,23591.28,96450.575,1.0,,0.0
2024-12-09,40.67,39.29,40.67,39.01,20255.6,80525.651,1.0,,0.0
2024-12-10,41.0,39.15,41.0,39.0,22056.57,87186.674,1.0,,0.0
2024-12-11,39.2,40.18,40.43,38.91,23791.43,94911.49,1.0,,0.0
2024-12-12,40.12,40.21,40.59,39.55,13455.86,53727.561,1.0,,0.0
2024-12-13,40.26,39.64,40.5,39.0,18012.4,71562.01,1.0,,0.0
2024-12-16,39.3,40.46,40.49,39.0,17640.89,70677.988,1.0,,0.0
2024-12-17,40.51,39.93,41.86,39.28,18462.51,73930.146,1.0,,0.0
2024-12-18,39.93,40.31,40.85,39.3,11747.18,47368.497,1.0,,0.0
2024-12-19,39.91,39.54,40.24,39.31,12122.37,48133.187,1.0,,0.0
2024-12-20,39.6,41.3,41.99,39.21,29998.92,119981.019,1.0,,0.0
2024-12-23,41.38,39.3,42.79,38.74,25109.79,100957.191,1.0,,0.0
2024-12-24,39.02,38.84,39.66,38.21,9974.76,38661.791,1.0,,0.0
2024-12-25,38.37,37.26,38.4,36.8,18585.72,70036.965,1.0,,0.0
2024-12-26,37.35,36.81,37.75,36.21,20063.07,74280.41,1.0,,0.0
2024-12-27,36.79,36.87,37.75,34.19,27872.69,98123.456,1.0,,0.0
2024-12-30,36.5,35.05,36.5,34.7,15320.34,53954.374,1.0,,0.0
2024-12-31,35.3,34.3,35.3,34.03,12727.59,43897.085,1.0,,0.0
2025-01-02,34.35,34.1,34.6,33.61,9893.37,33778.328,1.0,,0.0
2025-01-03,33.99,34.21,34.84,33.52,7594.81,25885.442,1.0,,0.0
2025-01-06,34.21,31.47,34.36,31.31,9693.52,31606.705,1.0,,0.0
2025-01-07,31.5,31.98,32.14,30.43,13360.09,41655.9,1.0,,0.0
2025-01-08,31.57,29.73,31.57,29.5,18215.23,54651.577,1.0,,0.0
2025-01-09,29.35,29.98,30.81,28.71,14562.38,43625.566,1.0,,0.0
2025-01-10,29.8,28.68,30.0,28.5,12458.13,36209.397,1.0,,0.0
2025-01-13,28.68,27.89,28.68,27.54,9027.6,25195.43,1.0,,0.0
2025-01-14,27.87,29.46,29.47,27.87,14719.92,42493.087,1.0,,0.0
2025-01-15,29.52,29.98,32.98,29.46,21379.99,64894.316,1.0,,0.0
2025-01-16,29.64,29.67,30.14,28.3,17026.22,50004.727,1.0,,0.0
2025-01-17,29.3,29.34,29.37,28.8,9977.09,29014.004,1.0,,0.0
2025-01-20,28.9,29.49,29.65,28.9,9083.58,26622.181,1.0,,0.0
2025-01-21,29.51,29.0,29.73,28.57,8329.5,24165.448,1.0,,0.0
2025-01-22,29.02,29.12,29.2,28.36,8818.74,25474.993,1.0,,0.0
2025-01-23,29.15,29.0,29.67,28.91,10863.06,31776.686,1.0,,0.0
2025-01-24,28.9,29.87,30.5,28.28,17700.18,51619.892,1.0,,0.0
2025-01-27,29.86,28.61,29.86,28.37,12846.25,36925.972,1.0,,0.0
2025-02-05,29.58,30.4,30.5,28.8,23065.94,68179.08,1.0,,0.0
2025-02-06,30.0,31.45,31.6,29.86,24771.97,76934.948,1.0,,0.0
2025-02-07,31.2,30.78,32.02,30.3,29379.35,91906.209,1.0,,0.0
2025-02-10,31.09,33.42,33.52,30.9,37812.62,122713.582,1.0,,0.0
2025-02-11,33.45,34.77,35.75,32.31,49957.96,168658.148,1.0,,0.0
2025-02-12,33.7,33.99,34.07,33.02,33980.42,113762.046,1.0,,0.0
2025-02-13,35.0,33.49,35.0,33.27,29025.48,98335.109,1.0,,0.0
2025-02-14,34.69,33.6,34.69,33.09,31555.45,106492.342,1.0,,0.0
2025-02-17,33.99,33.18,34.46,32.76,33512.14,111972.854,1.0,,0.0
2025-02-18,33.15,31.0,33.16,31.0,24925.95,79823.401,1.0,,0.0
2025-02-19,31.0,31.0,31.64,30.78,26122.06,81500.994,1.0,,0.0
2025-02-20,30.98,30.9,31.48,30.3,24719.3,76353.575,1.0,,0.0
2025-02-21,31.0,32.4,32.64,30.43,31709.38,100353.257,1.0,,0.0
2025-02-24,32.8,32.49,33.39,32.23,29317.71,96252.91,1.0,,0.0
2025-02-25,32.02,31.49,32.34,31.46,18245.48,57943.808,1.0,,0.0
2025-02-26,31.52,31.93,31.98,31.01,24093.12,76055.962,1.0,,0.0
2025-02-27,31.93,31.29,32.3,30.73,22746.75,71444.484,1.0,,0.0
2025-02-28,31.28,29.4,31.28,29.4,26003.16,78199.511,1.0,,0.0
2025-03-03,29.01,29.28,30.27,29.01,17314.71,51306.293,1.0,,0.0
2025-03-04,29.39,29.83,29.88,29.01,20686.34,60921.827,1.0,,0.0
2025-03-05,29.98,32.1,32.88,29.88,53732.3,170115.22,1.0,,0.0
2025-03-06,32.75,32.88,33.95,31.88,36564.35,119948.312,1.0,,0.0
2025-03-07,33.26,31.46,33.6,31.2,34507.54,111047.284,1.0,,0.0
2025-03-10,31.3,30.86,31.92,30.54,20588.25,63924.608,1.0,,0.0
2025-03-11,30.38,31.45,31.5,30.25,18405.72,56950.747,1.0,,0.0
2025-03-12,31.85,32.34,33.38,31.46,30539.08,98881.948,1.0,,0.0
2025-03-13,32.14,31.32,32.34,30.84,18000.08,56308.984,1.0,,0.0
2025-03-14,30.0,31.33,31.41,30.0,18908.11,58646.611,1.0,,0.0
2025-03-17,31.34,31.05,31.34,30.54,12746.91,39529.088,1.0,,0.0
2025-03-18,31.07,30.76,31.57,30.6,12345.56,38167.599,1.0,,0.0
2025-03-19,30.91,30.59,30.92,30.26,10419.48,31856.925,1.0,,0.0
2025-03-20,30.6,30.36,30.9,30.11,10268.43,31225.3,1.0,,0.0
2025-03-21,30.26,29.9,30.88,29.67,11337.22,34098.165,1.0,,0.0
2025-03-24,29.9,29.49,29.9,28.37,14706.6,42825.617,1.0,,0.0
2025-03-25,29.99,28.82,29.99,28.54,16357.75,47732.006,1.0,,0.0
2025-03-26,28.8,28.93,29.07,28.45,10259.67,29431.334,1.0,,0.0
2025-03-27,28.9,27.73,28.9,27.48,23756.52,66332.324,1.0,,0.0
2025-03-28,28.29,27.12,28.31,26.72,23334.56,63277.734,1.0,,0.0
2025-03-31,26.52,27.18,27.55,26.52,13197.31,35535.684,1.0,,0.0
2025-04-01,27.25,27.75,28.14,27.16,17173.96,47680.807,1.0,,0.0
2025-04-02,27.74,27.9,28.17,27.17,9320.56,25935.824,1.0,,0.0
2025-04-03,27.33,27.58,28.16,27.3,8497.27,23471.285,1.0,,0.0
2025-04-07,26.0,22.13,26.47,22.06,22035.75,51973.383,1.0,,0.0
2025-04-08,22.79,22.98,23.79,22.22,15786.38,36190.978,1.0,,0.0
2025-04-09,22.76,26.47,26.97,20.52,30065.42,73457.214,1.0,,0.0
2025-04-10,26.93,26.01,27.5,25.72,21764.16,57405.172,1.0,,0.0
2025-04-11,25.97,26.56,26.98,25.35,15106.2,39978.197,1.0,,0.0
2025-04-14,27.15,26.79,27.18,26.66,11781.29,31745.625,1.0,,0.0
2025-04-15,26.97,26.18,27.22,26.16,8969.43,23921.742,1.0,,0.0
2025-04-16,26.33,26.19,26.6,25.48,7878.01,20514.566,1.0,,0.0
2025-04-17,25.9,26.91,27.32,25.9,10489.87,28122.525,1.0,,0.0
2025-04-18,26.88,27.73,28.06,26.46,14250.95,39245.715,1.0,,0.0
2025-04-21,27.52,30.07,30.1,27.52,32304.57,95816.694,1.0,,0.0
2025-04-22,29.98,29.58,29.98,28.83,14717.57,43182.734,1.0,,0.0
2025-04-23,29.73,29.99,30.47,29.58,14651.43,44249.655,1.0,,0.0
2025-04-24,27.04,28.88,30.45,27.04,10980.71,32019.071,1.0,,0.0
2025-04-25,28.88,29.36,29.56,28.4,10078.36,29212.386,1.0,,0.0
2025-04-28,30.2,29.11,30.2,28.48,8321.53,24155.626,1.0,,0.0
2025-04-29,29.2,30.66,30.75,28.61,19152.08,57409.527,1.0,,0.0
2025-04-30,30.03,31.3,31.51,30.01,24543.3,75717.959,1.0,,0.0
2025-05-06,31.3,31.35,31.85,30.9,17229.65,54180.517,1.0,,0.0
2025-05-07,31.33,30.76,31.81,30.41,16795.84,52007.891,1.0,,0.0
2025-05-08,30.6,31.13,31.3,30.51,9564.55,29601.932,1.0,,0.0
2025-05-09,31.07,30.65,31.4,30.33,11266.04,34823.719,1.0,,0.0
2025-05-12,30.66,30.14,31.07,29.8,13335.78,40559.319,1.0,,0.0
2025-05-13,30.4,30.92,31.38,30.21,17966.1,55479.167,1.0,,0.0
2025-05-14,31.0,30.18,31.05,30.06,15202.34,46213.018,1.0,,0.0
2025-05-15,30.18,30.27,30.88,29.7,8254.84,25075.992,1.0,,0.0
2025-05-16,30.31,31.17,31.21,30.07,11829.19,36450.925,1.0,,0.0
2025-05-19,31.0,32.47,32.97,31.0,27602.77,89109.348,1.0,,0.0
2025-05-20,32.47,32.52,33.98,32.33,25603.35,84185.761,1.0,,0.0
2025-05-21,32.54,32.04,32.55,31.49,17061.56,54628.849,1.0,,0.0
2025-05-22,31.85,31.38,31.97,31.25,13250.17,41910.692,1.0,,0.0
2025-05-23,31.65,29.9,31.66,29.86,15962.47,48997.093,1.0,,0.0
2025-05-26,29.89,30.46,30.58,28.93,14105.29,42197.065,1.0,,0.0
2025-05-27,30.61,30.55,31.33,30.18,11913.75,36383.799,1.0,,0.0
2025-05-28,30.81,30.3,31.17,29.73,11406.58,34541.522,1.0,,0.0
2025-05-29,30.43,30.58,30.8,30.05,8547.45,26075.936,1.0,,0.0
2025-05-30,30.22,30.78,30.8,29.8,16714.69,50574.666,1.0,,0.0
2025-06-03,30.66,31.0,31.9,30.23,23819.79,74424.746,1.0,,0.0
2025-06-04,31.01,30.27,31.01,30.09,10835.31,32977.419,1.0,,0.0
2025-06-05,30.9,30.45,30.99,30.02,13398.5,40900.574,1.0,,0.0
2025-06-06,30.45,30.82,31.02,30.05,16832.3,51448.568,1.0,,0.0
2025-06-09,31.98,31.93,32.69,31.34,32732.52,105007.181,1.0,,0.0
2025-06-10,33.05,35.93,37.5,33.03,103454.93,365332.605,1.0,,0.0
2025-06-11,35.21,35.93,36.7,34.06,69272.95,247278.421,1.0,,0.0
2025-06-12,35.75,35.69,35.99,34.45,46321.18,163131.241,1.0,,0.0
2025-06-13,34.58,37.69,38.36,34.51,76633.81,283599.447,1.0,,0.0
2025-06-16,38.0,39.89,40.57,37.6,82753.13,326803.719,1.0,,0.0
2025-06-17,40.2,38.54,40.91,38.22,49323.8,193894.438,1.0,,0.0
2025-06-18,39.25,39.66,40.01,36.97,51330.01,195999.433,1.0,,0.0
2025-06-19,39.81,39.9,43.18,39.71,70593.23,291525.515,1.0,,0.0
2025-06-20,40.01,40.58,41.36,38.08,54409.66,219490.823,1.0,,0.0
2025-06-23,39.3,40.9,41.68,38.33,56875.3,227717.233,1.0,,0.0
2025-06-24,40.97,40.81,41.98,40.22,31768.25,130002.158,1.0,,0.0
2025-06-25,41.3,40.26,42.24,39.31,46049.36,186932.56,1.0,,0.0
2025-06-26,41.0,41.74,43.48,40.5,62528.8,262782.101,1.0,,0.0
2025-06-27,40.41,42.35,42.88,40.0,41130.28,170778.813,1.0,,0.0
2025-06-30,41.77,43.7,44.35,41.43,40440.76,174169.463,1.0,,0.0
2025-07-01,43.72,44.59,45.6,43.68,27725.81,122963.1,1.0,,0.0
2025-07-02,44.59,47.0,47.4,44.1,36407.61,168164.695,1.0,,0.0
2025-07-03,47.05,46.44,48.9,45.61,32395.51,151231.919,1.0,,0.0
2025-07-04,46.43,47.68,47.8,45.33,22105.41,102354.627,1.0,,0.0
2025-07-07,48.0,50.0,50.5,47.09,30353.92,149759.934,1.0,,0.0
2025-07-08,49.98,49.95,51.0,49.51,17071.05,85624.757,1.0,,0.0
2025-07-09,50.45,48.99,50.45,46.79,32823.76,159083.364,1.0,,0.0
2025-07-10,49.57,48.08,51.14,48.05,29410.26,146379.777,1.0,,0.0
2025-07-11,48.09,51.46,52.87,47.6,42816.51,214230.414,1.0,,0.0
2025-07-14,51.5,54.22,54.7,50.79,35060.12,186499.528,1.0,,0.0
2025-07-15,54.1,59.0,59.58,53.2,47245.13,265971.286,1.0,,0.0
2025-07-16,58.94,59.8,62.0,58.2,45873.05,275348.942,1.0,,0.0
2025-07-17,61.3,61.68,62.2,59.0,27646.31,168989.007,1.0,,0.0
2025-07-18,62.0,61.45,65.9,60.7,46020.42,292428.589,1.0,,0.0
2025-07-21,61.88,57.6,62.99,56.91,64809.72,385412.085,1.0,,0.0
2025-07-22,57.8,62.02,62.79,56.51,80654.59,482046.37,1.0,,0.0
2025-07-23,62.26,67.0,68.08,61.23,48287.51,313362.0,1.0,,0.0
2025-07-24,66.91,65.8,69.02,65.41,42999.21,289471.448,1.0,,0.0
2025-07-25,65.9,67.88,68.48,64.5,29188.05,195777.827,1.0,,0.0
2025-07-28,67.0,67.88,70.3,62.88,42454.8,283314.877,1.0,,0.0
2025-07-29,66.97,66.6,69.2,65.45,29208.27,195269.691,1.0,,0.0
2025-07-30,66.1,67.88,71.0,66.1,48425.63,333200.645,1.0,,0.0
2025-07-31,68.7,71.18,71.87,67.1,49485.21,345196.553,1.0,,0.0
2025-08-01,75.0,77.1,77.6,70.0,53955.97,397659.038,1.0,,0.0
2025-08-04,76.99,78.75,81.5,75.0,51472.66,408402.296,1.0,,0.0
2025-08-05,76.43,76.75,80.49,75.8,43182.68,334712.723,1.0,,0.0
2025-08-06,77.1,89.3,89.5,77.1,72038.65,605864.832,1.0,,0.0
2025-08-07,89.0,87.13,90.59,84.88,47334.43,410722.307,1.0,,0.0
2025-08-08,85.25,86.3,87.0,79.5,57959.73,478131.701,1.0,,0.0
2025-08-11,83.0,85.43,86.02,81.0,34909.71,291826.6,1.0,,0.0
2025-08-12,84.01,85.98,89.8,84.0,32655.9,284663.282,1.0,,0.0
2025-08-13,84.11,84.56,86.63,82.95,31427.97,265439.136,1.0,,0.0
2025-08-14,84.6,77.87,85.0,77.0,63193.94,501702.747,1.0,,0.0
2025-08-15,78.14,77.19,79.53,75.18,50126.7,385965.701,1.0,,0.0
2025-08-18,76.7,75.02,78.8,74.17,68235.59,517284.448,1.0,,0.0
2025-08-19,74.8,74.45,77.68,72.98,54430.43,408338.198,1.0,,0.0
2025-08-20,72.0,72.81,73.79,70.32,51513.84,370506.88,1.0,,0.0
2025-08-21,72.5,72.5,74.96,71.55,42256.72,309772.106,1.0,,0.0
2025-08-22,73.0,75.0,78.28,72.1,63341.09,476892.67,1.0,,0.0
2025-08-25,76.0,79.89,82.13,73.98,64235.94,506481.798,1.0,,0.0
2025-08-26,78.1,76.6,84.39,75.88,55939.9,445715.821,1.0,,0.0
2025-08-27,81.0,73.3,81.98,70.36,75517.99,566293.623,1.0,,0.0
2025-08-28,71.8,73.29,74.99,69.48,44144.15,314135.647,1.0,,0.0
2025-08-29,71.99,73.52,75.93,71.68,28504.55,209396.876,1.0,,0.0
2025-09-01,73.31,75.25,76.54,72.02,34059.96,254889.223,1.0,,0.0
2025-09-02,75.0,69.4,75.0,66.66,44737.06,311525.844,1.0,,0.0
2025-09-03,69.11,66.89,69.11,66.66,21179.52,143199.849,1.0,,0.0
2025-09-04,67.49,65.42,69.05,63.72,24625.11,164360.405,1.0,,0.0
2025-09-05,65.57,66.75,66.84,63.85,23519.55,153103.708,1.0,,0.0
2025-09-08,66.0,70.9,71.5,65.55,33155.92,227634.02,1.0,,0.0
2025-09-09,69.5,72.09,73.5,69.29,27993.78,200843.531,1.0,,0.0
2025-09-10,72.0,77.0,79.83,72.0,43829.58,338231.702,1.0,,0.0
2025-09-11,76.18,76.26,77.44,74.58,29539.7,224154.331,1.0,,0.0
2025-09-12,77.01,78.3,80.5,75.3,29611.58,231828.14,1.0,,0.0
2025-09-15,77.5,83.78,85.38,76.98,56340.47,463327.222,1.0,,0.0
2025-09-16,84.66,83.85,84.66,81.6,22105.23,183950.59,1.0,,0.0
2025-09-17,83.1,83.03,86.0,80.52,34683.0,287592.663,1.0,,0.0
2025-09-18,83.0,79.03,83.1,77.77,47560.24,382881.387,1.0,,0.0
2025-09-19,79.1,78.69,81.79,77.11,21795.25,172486.924,1.0,,0.0
2025-09-22,78.41,80.42,81.05,78.13,20936.95,167323.062,1.0,,0.0
2025-09-23,82.06,83.8,85.0,79.05,29435.19,241508.706,1.0,,0.0
2025-09-24,83.55,86.8,89.49,81.66,36631.79,315911.365,1.0,,0.0
2025-09-25,86.09,85.06,89.99,84.75,36327.14,316964.337,1.0,,0.0
2025-09-26,83.18,76.0,83.2,75.0,50322.62,393094.225,1.0,,0.0
2025-09-29,75.98,79.13,80.39,74.38,31069.53,244204.939,1.0,,0.0
2025-09-30,78.99,77.35,82.15,76.34,25400.98,198715.205,1.0,,0.0
2025-10-09,77.0,74.28,77.12,72.0,40382.88,299341.873,1.0,,0.0
2025-10-10,72.58,71.0,74.63,69.76,29606.09,213516.632,1.0,,0.0
2025-10-13,67.0,69.23,71.27,66.0,20444.07,141451.675,1.0,,0.0
2025-10-14,68.97,67.7,71.3,66.15,26318.52,178515.756,1.0,,0.0
2025-10-15,68.0,69.3,69.8,66.52,21461.74,146689.305,1.0,,0.0
2025-10-16,68.0,66.95,69.33,65.0,31560.41,209801.192,1.0,,0.0
2025-10-17,66.88,66.78,69.2,66.61,23884.36,162438.964,1.0,,0.0
2025-10-20,71.9,72.34,78.7,71.0,62264.22,464838.427,1.0,,0.0
2025-10-21,71.0,75.2,75.44,71.0,37910.63,277930.23,1.0,,0.0
2025-10-22,74.45,76.58,77.49,73.71,30687.07,233545.625,1.0,,0.0
2025-10-23,77.88,73.95,78.88,73.35,21310.77,161533.637,1.0,,0.0
2025-10-24,73.81,73.0,76.24,72.5,19423.5,143972.646,1.0,,0.0
2025-10-27,73.0,70.63,73.5,69.0,30279.52,213986.805,1.0,,0.0
2025-10-28,71.3,70.59,72.66,69.8,17605.13,125333.676,1.0,,0.0
2025-10-29,70.51,71.36,71.5,69.36,14129.8,99412.185,1.0,,0.0
2025-10-30,71.36,69.84,74.0,69.8,24316.04,173632.429,1.0,,0.0
2025-10-31,69.8,74.49,76.56,69.51,34391.32,254331.813,1.0,,0.0
2025-11-03,75.21,76.71,77.95,73.51,28886.23,219477.99,1.0,,0.0
2025-11-04,76.0,73.88,76.32,72.35,22414.78,165696.49,1.0,,0.0
2025-11-05,71.9,71.63,73.18,70.38,17389.04,124732.255,1.0,,0.0
2025-11-06,72.07,71.34,73.91,70.5,16945.3,121474.247,1.0,,0.0
2025-11-07,71.2,70.95,71.56,68.88,17145.83,120107.917,1.0,,0.0
2025-11-10,72.6,74.1,75.49,71.11,24947.83,183988.455,1.0,,0.0
2025-11-11,74.57,77.42,79.5,74.11,42765.46,332561.634,1.0,,0.0
2025-11-12,77.58,79.01,80.6,76.28,27732.55,217627.435,1.0,,0.0
2025-11-13,80.86,77.7,82.0,76.48,35455.36,279227.907,1.0,,0.0
2025-11-14,76.73,70.9,76.97,70.8,34150.52,249785.696,1.0,,0.0
2025-11-17,67.49,69.03,71.87,67.49,20363.7,141612.621,1.0,,0.0
2025-11-18,68.85,68.53,70.5,67.0,15320.0,105240.994,1.0,,0.0
2025-11-19,70.0,67.59,70.0,67.13,10392.25,70549.591,1.0,,0.0
2025-11-20,67.8,66.59,69.11,66.42,9893.99,66504.133,1.0,,0.0
2025-11-21,65.6,64.1,66.4,63.87,12728.39,82645.242,1.0,,0.0
2025-11-24,65.2,68.12,69.0,62.11,20892.48,136408.549,1.0,,0.0
2025-11-25,67.98,66.9,70.5,66.58,21688.29,148992.867,1.0,,0.0
2025-11-26,66.1,63.7,67.32,63.0,23277.29,150577.579,1.0,,0.0
2025-11-27,63.07,66.48,67.5,63.07,18133.47,118188.604,1.0,,0.0
2025-11-28,65.98,64.4,67.0,64.2,11764.03,76548.727,1.0,,0.0
2025-12-01,65.0,63.95,66.4,63.68,11582.67,75188.256,1.0,,0.0
2025-12-02,63.5,67.36,67.7,63.5,29662.92,197463.621,1.0,,0.0
2025-12-03,66.78,64.14,67.6,63.09,19171.34,123919.079,1.0,,0.0
2025-12-04,68.88,66.18,73.6,65.8,50938.43,353415.051,1.0,,0.0
2025-12-05,63.51,64.27,64.8,60.26,31080.94,195408.877,1.0,,0.0
2025-12-08,64.08,70.95,71.5,64.0,52248.39,359926.141,1.0,,0.0
2025-12-09,72.93,75.0,76.08,72.1,40322.91,299010.536,1.0,,0.0
2025-12-10,75.01,71.54,75.01,71.24,23182.07,169144.599,1.0,,0.0
2025-12-11,71.99,69.65,72.6,69.5,19968.72,141267.313,1.0,,0.0
2025-12-12,69.61,73.41,73.41,68.89,26824.51,191324.333,1.0,,0.0
2025-12-15,73.39,69.0,73.39,68.01,26463.8,183978.93,1.0,,0.0
2025-12-16,68.01,65.21,69.14,65.1,17810.51,117656.408,1.0,,0.0
2025-12-17,64.52,65.68,65.96,63.8,10933.54,70873.639,1.0,,0.0
2025-12-18,65.65,64.92,66.5,64.36,9267.51,60866.038,1.0,,0.0
2025-12-19,64.8,63.3,65.69,63.01,16695.07,106730.338,1.0,,0.0
2025-12-22,63.38,64.17,65.08,63.23,11419.88,73206.65,1.0,,0.0
2025-12-23,64.2,63.22,64.5,62.52,13937.52,88016.019,1.0,,0.0
2025-12-24,63.0,62.86,63.2,62.1,9075.92,56981.322,1.0,,0.0
2025-12-25,63.03,64.33,64.75,62.0,25845.11,163833.193,1.0,,0.0
2025-12-26,64.35,64.66,65.56,63.01,20912.6,134823.827,1.0,,0.0
2025-12-29,63.0,61.2,63.0,60.2,25465.92,156505.301,1.0,,0.0
2025-12-30,61.21,60.48,62.26,60.22,17788.21,108656.714,1.0,,0.0
2025-12-31,60.45,61.76,63.29,59.57,22964.13,140741.654,1.0,,0.0
2026-01-05,61.4,63.58,65.0,59.0,32434.57,202182.037,1.0,,0.0
2026-01-06,63.81,62.88,64.28,60.82,27644.84,172048.256,1.0,,0.0
2026-01-07,62.8,64.41,65.2,60.88,29718.33,187442.862,1.0,,0.0
2026-01-08,67.0,63.81,67.78,61.8,40431.38,259471.555,1.0,,0.0
2026-01-09,62.18,71.96,72.1,62.18,82821.9,569185.947,1.0,,0.0
2026-01-12,72.0,80.7,81.39,72.0,97729.87,762855.215,1.0,,0.0
2026-01-13,82.66,74.82,83.66,73.12,72202.69,559192.777,1.0,,0.0
2026-01-14,76.58,75.1,81.65,73.12,94707.13,736405.609,1.0,,0.0
2026-01-15,72.0,70.64,74.99,69.99,53282.99,381696.176,1.0,,0.0
2026-01-16,69.5,70.15,73.8,68.26,55625.11,392701.175,1.0,,0.0
2026-01-19,69.01,68.37,72.5,67.6,37072.07,257170.045,1.0,,0.0
2026-01-20,68.37,66.09,69.27,65.21,29829.9,198742.788,1.0,,0.0
2026-01-21,65.27,64.86,66.5,64.66,24171.55,157677.888,1.0,,0.0
2026-01-22,64.96,65.22,65.83,63.03,29817.06,191378.582,1.0,,0.0
2026-01-23,65.22,64.56,66.68,63.29,32818.27,213001.011,1.0,,0.0
2026-01-26,64.44,63.48,64.9,61.75,33504.51,209856.417,1.0,,0.0
2026-01-27,62.89,63.57,63.97,62.1,19549.3,123086.468,1.0,,0.0
2026-01-28,63.55,62.01,64.71,61.89,22939.31,144348.048,1.0,,0.0
2026-01-29,62.02,63.16,66.5,60.82,34772.38,222752.026,1.0,,0.0
2026-01-30,62.28,61.76,63.57,61.44,25799.85,160602.267,1.0,,0.0
2026-02-02,61.5,61.28,63.15,60.6,16927.54,104978.063,1.0,,0.0
2026-02-03,61.63,61.58,62.3,60.74,16001.11,98190.641,1.0,,0.0
2026-02-04,61.8,60.15,62.5,59.55,24346.34,146973.493,1.0,,0.0
2026-02-05,59.98,59.57,60.43,59.08,10397.88,62049.592,1.0,,0.0
2026-02-06,59.12,58.82,59.98,58.31,11472.48,67876.305,1.0,,0.0
2026-02-09,59.5,63.5,64.5,59.5,33561.43,208626.91,1.0,,0.0
2026-02-10,63.89,62.92,63.89,62.3,21245.56,133771.71,1.0,,0.0
2026-02-11,63.1,60.14,63.22,60.0,22282.13,135976.125,1.0,,0.0
2026-02-12,59.83,62.2,62.8,59.83,21774.67,134474.13,1.0,,0.0
2026-02-13,62.17,62.45,63.16,61.07,16569.18,103023.713,1.0,,0.0
2026-02-24,62.45,59.8,62.49,59.51,21616.71,130202.897,1.0,,0.0
2026-02-25,60.47,59.72,60.47,59.4,13195.74,78770.651,1.0,,0.0
2026-02-26,59.2,56.87,59.9,56.5,29680.95,171332.265,1.0,,0.0
2026-02-27,56.86,56.89,57.38,56.06,18428.44,104684.39,1.0,,0.0
2026-03-02,56.0,52.56,56.0,51.9,41170.96,220307.56,1.0,,0.0
2026-03-03,52.56,49.7,53.5,49.0,26045.9,132623.934,1.0,,0.0
2026-03-04,49.52,49.52,50.56,48.08,24161.6,119879.205,1.0,,0.0
2026-03-05,51.02,50.47,51.19,49.96,18328.28,92589.942,1.0,,0.0
2026-03-06,50.2,51.9,52.98,50.1,26459.94,137510.646,1.0,,0.0
2026-03-09,49.3,51.17,51.63,49.0,22941.71,115381.809,1.0,,0.0
2026-03-10,52.0,52.2,52.79,51.29,18878.8,98277.899,1.0,,0.0
2026-03-11,52.22,50.9,52.97,50.69,22810.51,116964.693,1.0,,0.0
2026-03-12,50.81,53.71,55.45,50.75,47317.82,250429.57,1.0,,0.0
2026-03-13,53.24,51.86,53.5,51.8,24864.45,130152.876,1.0,,0.0
2026-03-16,51.98,52.4,52.63,51.4,16160.74,84243.792,1.0,,0.0
2026-03-17,52.69,52.62,54.7,52.08,25051.25,134627.817,1.0,,0.0
2026-03-18,52.65,54.13,54.38,52.18,16172.46,86921.274,1.0,,0.0
2026-03-19,53.5,53.7,54.07,51.8,20924.18,111087.761,1.0,,0.0
2026-03-20,53.7,53.1,54.65,52.8,17703.14,95156.369,1.0,,0.0
2026-03-23,52.49,48.2,52.49,47.8,19809.93,98821.492,1.0,,0.0
2026-03-24,49.11,50.76,50.96,48.99,17173.18,85797.13,1.0,,0.0
2026-03-25,51.58,51.69,52.71,51.0,16254.47,84211.865,1.0,,0.0
2026-03-26,51.88,51.2,53.18,50.88,14953.2,77613.04,1.0,,0.0
2026-03-27,51.31,52.45,53.5,50.23,13268.84,69412.315,1.0,,0.0
2026-03-30,51.93,52.1,53.31,51.2,9825.3,51419.877,1.0,,0.0
2026-03-31,52.1,51.8,53.55,51.75,15200.13,79877.728,1.0,,0.0
2026-04-01,52.5,52.34,53.18,51.85,7964.09,41673.984,1.0,,0.0
2026-04-02,51.76,49.68,52.23,49.5,11666.53,58799.369,1.0,,0.0
2026-04-03,51.06,48.5,51.5,48.5,10777.82,53334.203,1.0,,0.0
2026-04-07,48.07,47.8,48.91,47.63,8381.49,40352.863,1.0,,0.0
2026-04-08,48.82,51.17,51.33,48.82,15201.81,76455.737,1.0,,0.0
2026-04-09,50.72,48.91,50.98,48.61,14886.42,73596.346,1.0,,0.0
2026-04-10,49.06,48.87,49.88,48.53,8832.24,43353.677,1.0,,0.0
2026-04-13,48.35,48.2,48.49,47.8,11541.09,55552.067,1.0,,0.0
2026-04-14,48.5,49.67,51.0,48.5,11217.45,55688.445,1.0,,0.0
2026-04-15,49.4,48.1,50.45,47.82,11867.17,57768.304,1.0,,0.0
2026-04-16,48.15,53.66,54.75,48.15,49865.0,262368.806,1.0,,0.0
2026-04-17,53.23,52.27,53.59,51.77,21602.87,113376.927,1.0,,0.0
2026-04-20,52.5,51.58,52.55,51.17,18054.81,93582.987,1.0,,0.0
2026-04-21,51.5,50.7,52.4,49.29,25831.03,129511.494,1.0,,0.0
2026-04-22,50.33,50.0,50.47,49.6,12874.29,64235.867,1.0,,0.0
2026-04-23,50.0,48.28,50.18,47.7,23478.74,114108.931,1.0,,0.0
2026-04-24,48.5,49.5,50.23,48.0,20599.06,101283.513,1.0,,0.0
2026-04-27,49.98,48.0,49.98,47.2,27256.8,130917.165,1.0,,0.0
2026-04-28,47.57,46.6,48.85,46.6,18892.26,89745.92,1.0,,0.0
2026-04-29,46.6,47.47,48.26,46.3,14404.62,68397.151,1.0,,0.0
2026-04-30,47.21,46.63,47.33,46.2,12869.87,60145.18,1.0,,0.0
2026-05-06,47.32,48.09,48.75,47.3,17734.74,85444.976,1.0,,0.0
2026-05-07,48.08,49.65,50.46,47.98,26083.17,128959.765,1.0,,0.0
2026-05-08,49.8,49.8,50.87,48.81,22973.68,115362.896,1.0,,0.0
2026-05-11,50.08,49.06,50.87,48.91,283840900.0,1411401310.0,1.0,,0.0
2026-05-12,49.0,47.63,49.18,47.22,22511.27,107795.65,1.0,,0.0
2026-05-13,47.16,49.06,49.67,46.88,18815.82,91183.035,1.0,,0.0
2026-05-14,49.5,55.26,56.41,48.3,89668.68,484114.788,1.0,,0.0
2026-05-15,55.29,58.82,60.57,54.19,82634.92,479332.8,1.0,,0.0
2026-05-18,58.0,58.77,60.1,55.51,50029.73,289946.577,1.0,,0.0
2026-05-19,59.26,57.91,59.99,57.37,48694.86,285058.578,1.0,,0.0
2026-05-20,57.34,60.63,60.78,56.8,43037.94,254979.603,1.0,,0.0
2026-05-21,60.23,57.66,62.21,57.16,43598.66,261414.506,1.0,,0.0
2026-05-22,57.66,58.69,59.97,56.77,32242.78,187640.46,1.0,,0.0
2026-05-25,58.72,60.46,60.95,57.8,34767.6,206790.515,1.0,,0.0
2026-05-26,60.5,63.26,64.66,59.81,50865.0,317002.836,1.0,,0.0
2026-05-27,63.2,58.25,63.88,57.93,41832.73,254322.15,1.0,,0.0
2026-05-28,58.55,56.86,58.83,54.52,37776.18,213784.455,1.0,,0.0
2026-05-29,56.8,51.71,57.09,51.25,33958.47,181965.016,1.0,,0.0
2026-06-01,52.28,55.72,56.6,51.12,40719.8,222264.688,1.0,,0.0
2026-06-02,55.0,52.31,55.54,50.84,24162.69,128083.167,1.0,,0.0
2026-06-03,52.3,52.7,53.63,51.0,23196.32,121529.08,1.0,,0.0
2026-06-04,51.95,49.81,52.46,49.22,28595.96,143877.255,1.0,,0.0
2026-06-05,49.81,48.2,49.99,47.7,19440.31,94590.089,1.0,,0.0
2026-06-08,46.5,44.06,47.84,43.2,35610.0,161368.767,1.0,,0.0
2026-06-09,44.96,52.87,52.87,44.56,57971.29,294492.199,1.0,,0.0
2026-06-10,54.0,54.66,57.47,53.97,76624.66,427511.139,1.0,,0.0
2026-06-11,55.04,51.9,56.0,51.8,40169.2,214358.082,1.0,,0.0
2026-06-12,52.41,50.77,55.77,50.66,36566.78,192940.403,1.0,,0.0
2026-06-15,50.77,51.73,53.94,50.5,27851.06,145124.3,1.0,,0.0
2026-06-16,51.63,51.09,52.79,50.0,28563.57,145808.403,1.0,,0.0
2026-06-17,50.73,49.97,51.08,49.21,26826.79,134518.751,1.0,,0.0
2026-06-18,49.8,52.06,53.47,49.0,27659.06,143691.836,1.0,,0.0
2026-06-22,51.99,49.18,52.18,47.51,42651.07,209199.252,1.0,,0.0
2026-06-24,46.6,47.67,48.7,44.88,26547.94,123904.016,1.0,,0.0
2026-06-25,47.73,46.51,47.73,45.57,25358.15,117750.805,1.0,,0.0
2026-06-26,46.01,44.82,46.71,44.2,28296.32,128428.342,1.0,,0.0
2026-06-29,44.06,42.92,45.15,41.9,24739.98,106410.06,1.0,,0.0
2026-06-30,43.0,45.33,45.69,42.69,22137.08,99032.479,1.0,,0.0
2026-07-01,45.33,44.95,46.91,44.7,19003.4,86600.291,1.0,,0.0
2026-07-03,44.98,42.8,45.09,42.8,21942.34,95517.092,1.0,,0.0
2026-07-06,42.54,42.02,44.5,41.85,19690.29,84515.829,1.0,,0.0
2026-07-07,41.98,37.8,41.98,37.75,33758.04,132773.003,1.0,,0.0
2026-07-08,38.38,38.26,38.89,37.44,22733.72,86743.239,1.0,,0.0
2026-07-09,39.0,40.04,40.29,37.7,22896.71,89571.021,1.0,,0.0
2026-07-10,39.53,40.71,41.85,39.07,20269.33,82500.094,1.0,,0.0
2026-07-14,37.6,37.94,38.63,36.33,14346.36,53519.187,1.0,,0.0
2026-07-15,37.74,38.1,39.33,37.21,16362.67,63039.544,1.0,,0.0
2026-07-16,37.41,38.05,39.53,37.21,11880.4,45630.22,1.0,,0.0
2026-07-17,37.68,34.33,38.81,34.0,24068.32,86021.702,1.0,,0.0
2026-07-20,27.46,27.46,27.46,27.46,20252.57,55613.557,1.0,,0.0
2026-07-21,27.46,30.22,32.87,25.79,73277.7,205946.575,1.0,,0.0
2026-07-22,30.65,29.0,32.0,28.94,48987.11,146663.983,1.0,,0.0
2026-07-23,29.4,31.21,31.23,28.94,40232.75,122573.672,1.0,,0.0
2026-07-24,30.87,31.29,32.15,29.88,27056.59,83382.755,1.0,,0.0
2026-07-27,32.33,30.93,32.33,30.04,29138.78,89657.887,1.0,,0.0
2026-07-28,30.2,31.08,32.12,30.2,23652.12,74251.799,1.0,,0.0
2026-07-29,31.38,30.81,31.38,30.3,18916.86,58140.704,1.0,,0.0
2026-07-30,30.5,29.91,31.6,29.68,16576.13,50676.252,1.0,,0.0
2026-07-31,30.06,32.34,33.12,30.06,22692.04,73522.833,1.0,,0.0
2026-08-03,33.36,32.3,33.36,31.73,14347.64,46215.095,1.0,,0.0
2026-08-04,32.6,34.1,34.75,32.41,18128.2,61144.892,1.0,,0.0
2026-08-05,34.0,35.89,36.86,33.48,25597.9,91202.228,1.0,,0.0
2026-08-06,34.44,35.91,36.49,34.44,24961.93,89468.825,1.0,,0.0
2026-08-07,36.42,36.65,37.0,34.61,19356.24,69352.021,1.0,,0.0
2026-08-10,36.79,36.91,37.42,35.59,15129.14,55143.789,1.0,,0.0
2026-08-11,35.81,38.48,39.64,35.81,21791.5,82798.715,1.0,,0.0
2026-08-12,38.09,39.07,40.18,38.0,18729.85,73583.624,1.0,2.5001,0.0
2026-08-13,39.38,37.58,39.79,37.55,18151.98,70041.624,1.0,2.42,0.0
2026-08-14,37.71,37.55,38.17,37.0,12644.61,47434.935,1.0,1.69,0.0
2026-08-17,37.55,38.4,38.65,37.12,11039.01,41938.598,1.0,0.0,0.0
2026-08-18,38.56,37.76,39.3,37.41,17332.72,65767.934,1.0,0.0,0.0
2026-08-19,36.72,37.16,39.42,36.72,24319.83,92890.331,1.0,0.0,0.0
2026-08-20,37.24,36.4,37.75,36.21,17444.88,64070.093,1.0,2.2959,2.3285
2026-08-21,36.26,36.72,37.16,35.66,13420.34,49066.58,1.0,1.7662,1.7914
2026-08-24,37.11,35.72,37.21,35.15,10890.66,39137.256,1.0,1.4333,1.4537
2026-08-25,35.31,36.58,36.75,35.06,9929.77,35691.945,1.0,1.3069,1.3254
2026-08-26,37.0,36.09,37.0,35.55,11240.46,40671.568,1.0,1.4794,1.5004
2026-08-27,35.56,34.6,36.08,33.71,17131.16,59396.431,1.0,2.2546,2.2867
2026-08-28,34.82,34.6,36.09,34.6,19770.7,70020.765,1.0,2.602,2.639
2026-08-31,34.27,38.8,39.33,34.16,41266.72,155463.66,1.0,5.4311,5.5083
2026-09-01,38.42,36.93,39.3,36.26,32938.86,123782.311,1.0,4.3351,4.3967
2026-09-02,36.31,35.22,37.15,35.0,29418.56,104615.826,1.0,3.8718,3.9268
2026-09-03,35.44,35.16,36.2,34.7,17850.35,62994.809,1.0,2.3493,2.3827
2026-09-04,35.28,35.1,36.65,34.8,20211.36,72267.31,1.0,2.66,2.6978
2026-09-07,34.75,33.71,35.07,33.6,18470.83,63008.758,1.0,2.4309,2.4655
2026-09-08,33.68,33.74,34.67,33.4,18506.75,62992.685,1.0,2.4357,2.4703
2026-09-09,33.83,32.68,33.83,32.54,12870.8,42496.65,1.0,1.6939,1.718
2026-09-10,32.5,32.61,33.76,32.0,18808.74,62060.941,1.0,2.4754,2.5106
2026-09-11,32.28,32.04,32.28,30.9,12063.79,37911.629,1.0,1.5877,1.6103
2026-09-14,31.84,31.11,31.88,30.38,19198.62,59653.275,1.0,2.5267,2.5626
2026-09-15,31.11,31.07,31.89,30.95,14309.25,44844.303,1.0,1.8832,1.91
2026-09-16,31.35,31.44,31.75,30.5,11488.2,35814.995,1.0,1.512,1.5334
2026-09-17,31.5,31.26,31.67,30.82,12361.56,38678.071,1.0,1.6269,1.65
2026-09-18,31.64,32.05,32.62,31.47,22379.66,71579.927,1.0,2.9454,2.9872
2026-09-21,32.15,31.56,32.85,31.48,21853.74,69810.464,1.0,2.8762,2.917
2026-09-22,31.97,32.5,32.72,31.3,27677.47,88640.097,1.0,3.6426,3.6944
2026-09-23,33.38,31.18,33.43,31.12,33328.05,106326.053,1.0,4.3863,4.4486
2026-09-24,31.3,30.7,31.53,30.6,17129.82,53135.393,1.0,2.2544,2.2865
2026-09-28,31.28,30.2,31.28,29.55,16267.14,48944.511,1.0,2.1409,2.1713
2026-09-29,30.2,30.85,31.26,29.99,13162.99,40452.574,1.0,1.7324,1.757
2026-09-30,31.02,30.27,31.05,29.84,13209.96,40203.318,1.0,1.7386,1.7633
2026-10-08,30.17,29.87,32.9,29.71,24520.99,76091.188,1.0,3.2282,3.2709
2026-10-09,30.0,29.99,30.2,28.1,25550.0,74456.508,1.0,3.3637,3.4081
